UOM	Sub Inv.	Org.	Item	Long Desc	Onhand	Min Qty	Max Qty	Onorder	Inprocess	Last. Yr.	1Yr.	Relation Type	2Yr.	3Yr.	Location	Manufacturer	Average Price        USD	Status	Serial No.	Last PO Price	Curr.	Creation Date	Has Attch.	Category	Asset_Group	Parts for	Ass. Internal info.	Item Type	Relation QTY & Remarks	Hold	
Each		KOL	20-70-01-127-A	SEAL,METALLIC,3/4"   <P/F SOLAR CENTAUR TURBO GENERATOR <MODE:GS-40 DUAL FUEL	0			0	0	0	0		0	0		( SOLAR TURBINE - 912755C1 - Active),	0	Inactive		31	USD	10-MAY-04		MISC.MISC.MISC,MESC,	GTIN-SOLAR-CENTAUR40,GTIN-SOLAR-TAURUS60,						
Each		KOL	20-70-03-213-A	MOTOR ELECTRIC ROTATIONAL SPEED: 1450 RPM HORSEPOWER RATING: 0.75 HP VOLTAGE: 190/380 V. CURRENT TYPE: AC CURRENT: 4.26/2.13 AMP. PHASE: 3 PH FREQUENCY: 50 HZ GENERATOR OIL COOLER MOTOR   TYPE RGZZ ORDER .NO 51-323-841 LR-11163 INSULATION:  F S.F 1.15 MFG: SIEMENS  	0	0	0	0	0	0	0	66-14-99-156-A  - Merge  ,	0	0	Y1S-01-0B-01	( SOLAR TURBINE - 119055-6 - Active),	4994.45555	Active		4843	USD	18-JUN-03	*	MT00.TURE.0000,MESC,	GTIN-SOLAR-CENTAUR40,	TURBINES_SOLAR_MODEL CENTAUR40		Finished good			
Each		KOL	20-70-03-242-A	DUCT,FLEX. 21" X 56" X 12"	2	0	1	0	0	0	0		0	0	Y1H-03-0F-01	( SOLAR TURBINE - AX 3242 - In-Active),( SOLAR TURBINE - AX-3242-100 - Active),	2068.21	Active		2068	USD	18-JUN-03		MT00.TURE.0000,MESC,	GTIN-SOLAR-CENTAUR40,			Finished good			
Each		KOL	20-70-03-377-A	VALVE,SOLENOID 1/2" 2-WAY,24 VDC,40 PSI N.C.,BRASS BODY,INTERNAL PILOT OP.,HUNG DIAPHRAGM (ASCO P/N#HT8211C4MB)	2	0	0	0	0	0	0		0	0	W2D-53-0B-01	( SOLAR TURBINE - 033372-7 - Active),	223.82	Active		224	USD	18-JUN-03		MT00.TURE.0000,MESC,	GTIN-SOLAR-CENTAUR40,	QPC Merge Items	VALVE, SOLENOID P/N :- 33372-7	Finished good			
Each		KOL	20-70-04-202-A	SEAL,FIRE DAMPER	16	2	4	0	0	0	0		0	0	W1H 08-0B-03	( SOLAR TURBINE - 1042202 - Active),	93.80563	Active		95	USD	18-AUG-03		MT00.TURE.0000,MESC,	GTIN-SOLAR-CENTAUR40,						
Each		KOL	20-70-04-522-A	VALVE,CHECK,BRONZE,Y PATTERN SWING	3	0	0	0	0	0	0		0	0	W2D-00-DR-02	( SOLAR TURBINE - 043521-2 - Active),	19.286666667	Active		23	USD	18-JUN-03		MT00.TURE.0000,MESC,	GTIN-SOLAR-CENTAUR40,			Finished good			
Each		KOL	20-70-04-672-A	VALVE,RELIEF,<TELEDYNE>P/N:488-4D1-2	2	0	0	0	0	0	0		0	0	W2D-00-DR-02	( SOLAR TURBINE - 044676-2 - Active),	40.66	Active		41	USD	18-JUN-03		MT00.TURE.0000,MESC,	GTIN-SOLAR-CENTAUR40,			Finished good			
Each		KOL	20-70-04-673-A	VALVE,CHECK ASSY.<TELEDYNE>,	2	0	0	0	0	0	0		0	0	W2D-00-DR-02	( SOLAR TURBINE - 044676-3 - In-Active),( SOLAR TURBINE - 488-6D1-10 - Active),	197.9075	Active		280	USD	18-JUN-03		MT00.TURE.0000,MESC,	GTIN-SOLAR-CENTAUR40,			Finished good			
Each		KOL	20-70-04-677-A	VALVE,CHECK <TELEDYNE>P/N:488-8SST-2	0	0	0	0	0	0	0	20-70-44-676-A  - Merge  ,	0	0	W2D-00-DR-02	( SOLAR TURBINE - 044676-7 - Active),	43.19	Active		43	USD	18-JUN-03		MT00.TURE.0000,MESC,	GTIN-SOLAR-CENTAUR40,			Finished good			
Each		KOL	20-70-04-721-A	SWITCH,PUSH BUTTON,BLA9K	0	0	0	2	0	0	0		0	0	W2D-00-DR-02	( SOLAR TURBINE - 47727-1 - Active),	79.39	Active		79	USD	18-JUN-03		MT00.TURE.0000,MESC,	GTIN-SOLAR-CENTAUR40,			Finished good
Each		KOL	20-70-04-723-A	SWITCH,PUSH BUTTON GREEN	0	0	0	0	0	0	0		0	0	W2D-00-DR-02	( SOLAR TURBINE - 47727-3 - Active),	11.91	Active		12	USD	18-JUN-03		MT00.TURE.0000,MESC,	GTIN-SOLAR-CENTAUR40,			Finished good			
Each		KOL	20-70-04-726-A	SWITCH,SELECTOR ON/OFF,<CULTER-HAMMER> SPUBLICATE NO.20422	2	1	2	0	0	0	0		0	0	W2D-00-DR-02	( SOLAR TURBINE - 1080041-100 - Active),( SOLAR TURBINE - 47726-1 - In-Active),	66.89602978848928525	Active		70	USD	18-JUN-03		MT00.TURE.0000,MESC,	GTIN-SOLAR-CENTAUR40,			Finished good			
Each		KOL	20-70-04-932-A	CIRCUIT BREAKER 10 AMP	1	0	0	0	0	0	0		0	0	W2D-00-DR-02	( SOLAR TURBINE - 04798-2 - Active),	.64	Active		1	USD	18-JUN-03		MT00.TURE.0000,MESC,	GTIN-SOLAR-CENTAUR40,			Finished good			
Each		KOL	20-70-04-933-A	CIRCUIT BREAKER 15 AMP 	3	0	0	0	0	0	0		0	0	W2D-00-DR-02	( SOLAR TURBINE - 047938-3 - Active),	37.31	Active		37	USD	18-JUN-03		MT00.TURE.0000,MESC,	GTIN-SOLAR-CENTAUR40,			Finished good			
Each		KOL	20-70-04-934-A	CIRCUIT BREAKER 20 AMP	1	0	0	0	0	0	0		0	0	W2D-00-DR-02	( SOLAR TURBINE - 047938-4 - Active),	37.31	Active		37	USD	18-JUN-03		MT00.TURE.0000,MESC,	GTIN-SOLAR-CENTAUR40,			Finished good			
Each		KOL	20-70-04-936-A	CIRCUIT BREAKER-30 AMP	0	0	0	0	0	0	0		0	0	W2D-00-DR-02	( SOLAR TURBINE - 04798-6 - Active),	36.72	Active		30	USD	18-JUN-03		MT00.TURE.0000,MESC,	GTIN-SOLAR-CENTAUR40,			Finished good			
Each		KOL	20-70-04-950-A	RELAY,24VDC , PM-4021 <POTTER & BRUMFIELD>	8	0	0	0	0	0	0		0	0	W2D-53-0B-01	( SOLAR TURBINE - 49955-0 - Active),	1.88	Active		2	USD	18-JUN-03		MT00.TURE.0000,MESC,	GTIN-SOLAR-CENTAUR40,			Finished good			
Each		KOL	20-70-05-371-A	SWITCH	2	0	0	0	0	0	0		0	0	W2D-53-0B-01	( SOLAR TURBINE - 050379-1 - Active),	2.54	Active		3	USD	18-JUN-03		MT00.TURE.0000,MESC,	GTIN-SOLAR-CENTAUR40,			Finished good			
Each		KOL	20-70-06-443-A	LIP SEAL P/F: STARTER MOTOR OF P/N: 1011754-50921	1	0	0	0	0	0	0		0	0	W2D-53-0B-02	( SOLAR TURBINE - 1010257 - Active),	250.88746	Active		199	USD	19-MAY-14		MT00.TURE.0000,MESC,	GTIN-SOLAR-CENTAUR40,						
Each		KOL	20-70-07-822-A	SURGE PROTECTOR  	2	1	2	0	0	0	0		0	0	W2D-53-0B-02	( SOLAR TURBINE - 992667C1 - Active),( SOLAR TURBINE - 600910C1 - Active),	191.0877098985231925	Active		166	USD	19-FEB-15		MT00.TURE.0000,MESC,	GTIN-SOLAR-CENTAUR40,			Finished good			
KIT		KOL	20-70-08-756-A	KIT,RETROFIT "AC" MOTOR DRIVEN HP LIQUID FULE PUMP PF:SOLAR TURBINE 	1	0	1	0	0	0	0		0	0	Y1S-01-0C-01	( SOLAR TURBINE - 1069301-100 - Active),	14638.70431	Active		13782	USD	09-FEB-06		MT00.TURE.0000,MESC,	GTIN-SOLAR-CENTAUR40,						
Each		KOL	20-70-08-756-U-A	RETROFIT KIT "AC" MOTOR DRIVEN HP LIQUID FUEL PUMP <PF/SOLAR TURBINE	0			0	0	0	0		0	0			0	Inactive		16715	USD	21-NOV-04		MISC.MISC.MISC,	GTIN-SOLAR-CENTAUR40,						
Each		KOL	20-70-09-460-A	SHIM THICKNESS: 010	12	8	16	0	0	0	4		0	0	W2D-53-0B-02	( SOLAR TURBINE - 1052097-2 - In-Active),( SOLAR TURBINE - 1058695-2 - Active),	22.28	Active		22	USD	11-JUN-23	*	MT00.TURE.0000,MESC,		TURBINES_SOLAR_MODEL CENTAUR40		Insurance			
Each		KOL	20-70-09-462-A	SHIM THICKNESS: 030	6	4	8	0	0	0	2		0	0	W2D-53-0B-03	( SOLAR TURBINE - 1052097-3 - In-Active),( SOLAR TURBINE - 1058695-3 - Active),	27.42	Active		27	USD	11-JUN-23	*	MT00.TURE.0000,MESC,		TURBINES_SOLAR_MODEL CENTAUR40		Insurance			
Each		KOL	20-70-09-464-A	SHIM THICKNESS: 060 P/N: 1056895-4	6	4	8	0	0	0	2		0	0	W2D-53-0B-03	( SOLAR TURBINE - 1052097-4 - In-Active),( SOLAR TURBINE - 1056895-4 - In-Active),( SOLAR TURBINE - 1058695-4 - Active),	30.883031268671579375	Active		30	USD	11-JUN-23	*	MT00.TURE.0000,MESC,		TURBINES_SOLAR_MODEL CENTAUR40		Insurance			
Each		KOL	20-70-09-466-A	SHIM THICKNESS: 134 P/N: 1056895-5	8	4	8	0	0	0	0		0	0	W2D-53-0B-03	( SOLAR TURBINE - 1052097-5 - In-Active),( SOLAR TURBINE - 1056895-5 - In-Active),( SOLAR TURBINE - 1058695-5 - Active),	41.9052579167496515	Active		40	USD	11-JUN-23	*	MT00.TURE.0000,MESC,		TURBINES_SOLAR_MODEL CENTAUR40		Insurance			
Each		KOL	20-70-09-468-A	SHIM THICKNESS: 250 P/N: 1056895-6	8	4	8	0	0	0	0		0	0	W2D-53-0B-03	( SOLAR TURBINE - 1052097-6 - In-Active),( SOLAR TURBINE - 1056895-6 - In-Active),( SOLAR TURBINE - 1058695-6 - Active),	54.112893845847440625	Active		52	USD	11-JUN-23	*	MT00.TURE.0000,MESC,		TURBINES_SOLAR_MODEL CENTAUR40		Insurance			
Each		KOL	20-70-09-470-A	SHIM THICKNESS: 005	12	8	16	0	0	0	4		0	0	W2D-53-0B-04	( SOLAR TURBINE - 1052097-1 - In-Active),( SOLAR TURBINE - 1058695-1 - Active),	27.63	Active		28	USD	11-JUN-23	*	MT00.TURE.0000,MESC,		TURBINES_SOLAR_MODEL CENTAUR40		Insurance			
Each		KOL	20-70-10-003-A	EXTENDER CABLE FOR TERMINAL BASE 3 FEET <CAT # 1794-CE3 <P/F: GAS COMPRESSOR & SLUG CATCHER PROGRAMMABLE LOGIC CONTROLLER 	1	0	1	0	0	0	0		0	0	W2K-09-0D-03	( ALLEN-BRADLEY - 1794-CE3 - Active),	126.7245047775815	Active		125	USD	25-MAR-07		MT00.TURE.0000,MESC,	GTIN-SOLAR-CENTAUR40,						
Each		KOL	20-70-10-010-A	TRANSMITTER, PRESSURE, 0-25 PSID P/F: SOLAR TAURUS 70 TURBINES AND C404 COMPRESSORS 	2	0	0	0	0	0	0		0	0	W2D-53-0B-04	( SOLAR TURBINE - 1052120-10 - Active),	2656.069000434895728333333333333333333334	Active		2548	USD	20-NOV-10		MT00.TURE.0000,MESC,	EGTD-SOLAR-MARS100,GTIN-SOLAR-CENTAUR40,						
Each		KOL	20-70-10-011-A	TRANSMITTER,PRESS. TP339 MOD. 2088G2S221K6,SMART. CAL 0-100 PSI OUTPUT 4-20 MA,MAX W.P 150PSI(1MPA) MAX PRESS. 300 PSI , 0-300 PSIG , 4-20A 	0	0	0	0	0	0	0	59-72-30-100-A  - Merge  ,	0	0	W1A-10-0B-03	( ROSEMOUNT - 2088G2S221K6 - NULL),( SOLAR TURBINE - 1029610-11 - NULL),( SOLAR TURBINE - 1029610-38 - Active),	1142.445	Active		1122	USD	07-DEC-14	*	MT00.TURE.0000,MESC,	IPPS-ROSEMOUNT-2088G,IPTS-ROSEMOUNT-2088G,GTIN-SOLAR-CENTAUR40,	QPC Merge Items	TRANSMITTER, PRESSURE P/N:- 1013115-11	Finished good			
Each		KOL	20-70-10-012-A	TRANSMITTER, DISPLACEMENT VIBRATION,  2 WIRE, 15-26 VDC      MFG:METRIX INSTRUMENT CO> MODEL 5465E-143S PF: SOLAR TURBINE GENERATOR , MODEL: TAURUS 60 <UNIT 1: PD NUMBER 77111 & PACKAGE S/N: TG05527 <UNIT 2: PD NUMBER 77111 & PACKAGE S/N: TG05526 <UNIT 2: PD NUMBER 77111 & PACKAGE S/N: TG05852	2	0	0	0	0	0	0		0	0	W2D-53-0B-05	( SOLAR TURBINE - 1028230-12 - NULL),( SOLAR TURBINE - 1028230-18 - NULL),( SOLAR TURBINE - 1086387-201 - NULL),( SOLAR TURBINE - 1086387-202 - Active),	1551.3947	Active		1518	USD	13-MAY-07		MT00.TURE.0000,MESC,	GTIN-SOLAR-TAURUS60,GTIN-SOLAR-CENTAUR40,						
Each		KOL	20-70-10-014-A	THERMISTOR MODEL: TAURUS 60 S/N: TG05526, TG05527, TG05852 P/F: CRITICAL 	6	2	6	0	0	0	0		0	0	W2D-53-0B-05	( SOLAR TURBINE - 999295C1 - Active),( SOLAR TURBINE - 1014214-21 - NULL),	440.9	Active		441	USD	12-FEB-09		MT00.TURE.0000,MESC,	GTIN-SOLAR-TAURUS60,GTIN-SOLAR-CENTAUR40,	QPC Merge Items	THERMISTOR P/N 1014214-21				
Each		KOL	20-70-10-016-A	24 VDC SINK INPUT/SOURCE OUTPUT <P/F: GAS COMPRESSOR & SLUG CATCHER PROGRAMMABLE LOGIC CONTROLLER 	1	0	1	0	0	0	0		0	0	W2K-00-DR-18	( ALLEN-BRADLEY - 1794-IB16X0B16P - Active),	327.278	Active		241	EUR	25-MAR-07		MT00.TURE.0000,MESC,	GTIN-SOLAR-CENTAUR40,						
Each		KOL	20-70-10-017-A	BOARD-PC 	2	1	2	0	0	0	0		0	0	W2K-09-0D-03	( SOLAR TURBINE - 1070017-100 - Active),	17.55	Active		18	USD	18-JUN-03		MT00.TURE.0000,MESC,	GTIN-SOLAR-CENTAUR40,			Finished good			
Each		KOL	20-70-10-018-A	VALVE,CHECK 2" PF:SOLAR TURBINE CENTUAR  MODEL GS-40	1	0	2	0	0	0	0		0	0	W2D-53-0C-01	( SOLAR TURBINE - 1059701-8 - In-Active),( SOLAR TURBINE - 1602894-4 - Active),	1414.08	Active		1414	USD	11-MAY-04	*	MT00.TURE.0000,MESC,	GTIN-SOLAR-TAURUS60,GTIN-SOLAR-CENTAUR40,	QPC Merge Items	VALVE,CK,2" P/N 1059701-8				
Each		KOL	20-70-10-019-A	VALVE,CHECK,1.5",SS P/F SOLAR CENTAUR TURBO GENERATOR MODE:GS-40 DUAL FUEL 	0			1	0	0	0		0	0	W1A-10-0B-04	( SOLAR TURBINE - 1059701-9 - Active),	0	Active		1	USD	12-MAY-04		MT00.TURE.0000,MESC,	GTIN-SOLAR-CENTAUR40,						
Each		KOL	20-70-10-020-A	TRANSMITTER, DISPLACEMENT VIBRATION <P/F: THREE TAURUS 60 TURBINES AT POWER STATION <UNIT 1: PD NUMBER 77111 & PACKAGE S/N: TG05527 <UNIT 2: PD NUMBER 77111 & PACKAGE S/N: TG05526 <UNIT 2: PD NUMBER 77111 & PACKAGE S/N: TG05852	3	2	3	0	0	0	0		0	0	W2D-53-0C-01	( SOLAR TURBINE - 1028230-20 - In-Active),( SOLAR TURBINE - 1086387-302 - Active),	1123.747698683070786	Active		2062	USD	19-MAR-07	*	MT00.TURE.0000,MESC,	GTIN-SOLAR-TAURUS60,GTIN-SOLAR-CENTAUR40,						
Each		KOL	20-70-10-021-A	PUMP,LIQUID FUEL HI PRESSURE PF:SOLAR TURBINE CENTUAR MODEL GS-40 DUAL FUEL 	1	0	1	0	0	0	0		1	0	W1H-08-0C-03	( SOLAR TURBINE - 1024602-1 - NULL),( SOLAR TURBINE - 1063337-1 - Active),	8137.19	Active		7193	USD	10-MAY-04		MT00.TURE.0000,MESC,	GTIN-SOLAR-CENTAUR40,GTIN-SOLAR-TAURUS60,	QPC Merge Items	PUMP,FUEL P/N 1063337-1				
KIT		KOL	20-70-10-022-A	FLEXIFIBER STYLE BD-PRF 12.072 MKII MIST ELIMINATOR. PTFE GASKET INCLUDED. MATERIAL; MEDIA: FIBERGLASS, CAGE: 304L SS <P/F: TURBINES AT POWER STATION MODEL: BD-PRF-MKII MODEL TYPE: 12 X 72 JOB NO: 968363 MOC: 304L SER NO: 4193D MFG: KOCH-OTTO-YORK HARDWARE KIT SEPARATOR,	0	0	0	0	0	0	0		0	0	Y1H-03-0H-02	( SOLAR TURBINE - 1042873-102 - Active),	2724.138	Active		1	USD	15-JUN-10		MT00.TURE.0000,MESC,	GTIN-SOLAR-CENTAUR40,GTIN-SOLAR-TAURUS60,						
Each		KOL	20-70-10-031-A	COMPACT LOGIX 5331 CONTROLLER P/F: GAS COMPRESSOR & SLUG CATCHER PROGRAMMABLE LOGIC CONTROLLER 	0	0	0	0	0	0	0	60-02-42-070-A  - Merge  ,	1	0	W2K-09-0D-01	( ALLEN-BRADLEY - 1769-L31 - Active),	1311.435	Active		1754	USD	25-MAR-07		MT00.INST.0000,MESC,	GTIN-SOLAR-CENTAUR40,ELCP-NA,						
Each		KOL	20-70-10-032-A	24 VDC INPUT MODULE 32 POINT P/F: GAS COMPRESSOR & SLUG CATCHER PROGRAMMABLE LOGIC CONTROLLER 	1	0	1	0	0	0	0		0	0	W2K-00-DR-18	( ALLEN-BRADLEY - 1794-IB32 - Active),	260.736	Active		192	EUR	25-MAR-07		MT00.TURE.0000,MESC,	GTIN-SOLAR-CENTAUR40,						
Each		KOL	20-70-10-034-A	FLEX LOGIX PROCESSOR 512 KB USER MEMORY P/F: GAS COMPRESSOR & SLUG CATCHER PROGRAMMABLE LOGIC CONTROLLER 	1	0	1	0	0	0	0		0	0	W2K-09-0D-03	( ALLEN-BRADLEY - 1794-L34 - Active),	1253.434	Active		923	EUR	21-MAR-07		MT00.TURE.0000,MESC,	GTIN-SOLAR-CENTAUR40,						
Each		KOL	20-70-10-038-A	KIT TYPE: SHEAR BOLT KIT CONSISTS OF 2: QTY(6) SHEAR BOLTS P/N: 136635-2 CONSISTS OF 3: QTY.(6) WASHER P/N: MS9320-17 CONSISTS OF 4: QTY(12) BUSHING P/N: 964413C1 CONSISTS OF 5: QTY(6) LOCKNUT, 3/4-16 P/N: 272714 SHEAR BOLT KIT CONSISTS OF:  QTY(6) SHEAR BOLTS P/N: 136635-2 QTY(6) LOCKNUT, 3/4-16 P/N: 272714 QTY(6) WASHER P/N: MS9320-17 QTY(12) BUSHING P/N: 964413C1 	1	1	2	1	0	1	0		0	0	W2D-53-0C-02	( SOLAR TURBINE - 176047-100 - Active),	618.720317291621107	Active		571	USD	27-AUG-19	*	MT00.TURE.0000,MESC,		QPC Merge Items	SHEAR BOLT REPLACEMENT KIT P/N.176047-100	Insurance			
Each		KOL	20-70-10-038-A	KIT TYPE: SHEAR BOLT KIT CONSISTS OF 2: QTY(6) SHEAR BOLTS P/N: 136635-2 CONSISTS OF 3: QTY.(6) WASHER P/N: MS9320-17 CONSISTS OF 4: QTY(12) BUSHING P/N: 964413C1 CONSISTS OF 5: QTY(6) LOCKNUT, 3/4-16 P/N: 272714 SHEAR BOLT KIT CONSISTS OF:  QTY(6) SHEAR BOLTS P/N: 136635-2 QTY(6) LOCKNUT, 3/4-16 P/N: 272714 QTY(6) WASHER P/N: MS9320-17 QTY(12) BUSHING P/N: 964413C1 	1	1	2	1	0	1	0		0	0	W2D-53-0C-02	( SOLAR TURBINE - 176047-100 - Active),	618.720317291621107	Active		571	USD	27-AUG-19	*	MT00.TURE.0000,MESC,		TURBINES_SOLAR_MODEL CENTAUR40		Insurance			
Each		KOL	20-70-10-040-A	SURGE SUPRESSOR 	2	1	2	0	0	0	0		0	0	W2D-53-0C-02	( SOLAR TURBINE - 107040C1 - Active),	90.83	Active		91	USD	18-JUN-03		MT00.TURE.0000,MESC,	GTIN-SOLAR-CENTAUR40,			Finished good			
Each		KOL	20-70-10-041-A	CABLE TYPE: ARMORED ACCELEROMETER EXTENSION CABLE DIAMETER: 7.9MM LENGTH: 2.43M MATERIAL: COPPER JACKET MATERIAL: ARMORED 	2	1	2	0	0	0	0		0	0	W2D-53-0C-02	( SOLAR TURBINE - 1034347-5 - Active),	203.6140510332023115	Active		195	USD	11-FEB-20	*	MT00.TURE.0000,MESC,		TURBINES_SOLAR_MODEL CENTAUR40		Insurance			
Each		KOL	20-70-10-043-A	CABLE TYPE: ARMORED ACCELEROMETER EXTENSION CABLE DIAMETER: 7.9MM LENGTH: 13.7M MATERIAL: COPPER JACKET MATERIAL: ARMORED 	1	0	1	0	0	0	0		0	0	W2D-53-0C-03	( SOLAR TURBINE - 1034347-9 - Active),	520.1477928708100815	Active		499	USD	11-FEB-20	*	MT00.TURE.0000,MESC,		TURBINES_SOLAR_MODEL CENTAUR40		Insurance			
Each		KOL	20-70-10-054-A	GAUGE,PRESSURE,0-160 PSI, 0-11 BAR WITH GYLECREEN  P/F SOLAR CENTAUR TURBO GENERATOR MODE:GS-40 DUAL FUEL & MODEL: TURBINE MODEL MARS 100          2 YEARS SPARE PARTS FOR QASR COMPRESSION STATION 	0			0	0	0	0		0	0		( SOLAR TURBINE - 1027105-4 - Active),	0	Inactive		224	USD	11-MAY-04		MISC.MISC.MISC,MESC,	GTIN-SOLAR-CENTAUR40,	QPC Merge Items	GAUGE,PRESS 0-160 PSI P/N 1027105-4				
Each		KOL	20-70-10-055-A	GAUGE,FLUID LEVEL,SCALE FLOAT 0-26 USG RANGE:0-26 GAL & 0-100 LTR DIAL NO.5-02450 P/F SOLAR CENTAUR TURBO GENERATOR MODE:GS-40 DUAL FUEL & MODEL: TURBINE MODEL MARS 100          2 YEARS SPARE PARTS FOR QASR COMPRESSION STATION 	0			0	0	0	0		0	0	WH-1HH3	( SOLAR TURBINE - 1027105-5 - Active),	0	Inactive		247	USD	11-MAY-04		MISC.MISC.MISC,MESC,	GTIN-SOLAR-CENTAUR40,	QPC Merge Items	GAGE, FLUID LEVEL 0-26 USG P/N 1027105-5				
Each		KOL	20-70-10-058-A	SENSOR,GAS ST.ST.BODY,GENERAL PURPOSE SST. COMBUSTIBLE <GENERAL MONITORS> LOCKNUT BONDING 3/4 P/N:961-000 SPACER,PTFE SENSOR ASSY.P/N: 50440 SENSOR SERIAL: 9478-16-21 PF:SOLAR TURBINE TYPE T-4701F 	6	0	0	0	0	0	0		0	0	W2D-53-0C-03	( SOLAR TURBINE - 10058-1 - Active),	303.1	Active		303	USD	18-JUN-03		MT00.TURE.0000,MESC,	GTIN-SOLAR-CENTAUR40,	QPC Merge Items	CATALYTIC BEAD SENSOR	Finished good			
Each		KOL	20-70-10-059-A	VALVE,HAND,BALL,1/2" NPT W5G:1000 P/F SOLAR CENTAUR TURBO GENERATOR MODE:GS-40 DUAL FUEL & MODEL: TURBINE MODEL MARS 100          2 YEARS SPARE PARTS FOR QASR COMPRESSION STATION 	0			0	0	0	0		0	0		( SOLAR TURBINE - 1027105-9 - Active),	0	Inactive		70	USD	11-MAY-04		MISC.MISC.MISC,MESC,	GTIN-SOLAR-CENTAUR40,	QPC Merge Items	VALVE, BALL, 1/2" NPT P/N 1027105-9				
Each		KOL	20-70-10-060-A	RING TYPE: SEAL O-RING THICKNESS: SAE 325, VITON 	4	2	4	0	0	0	0		0	0	W2D-53-0C-03	( SOLAR TURBINE - 1061918-15 - Active),	6.24797324187178818125	Active		5	USD	29-MAY-19	*	MT00.TURE.0000,MESC,		QPC Merge Items	O-RING,FLUOROCARBON Part Number: 1061918-15	Insurance			
Each		KOL	20-70-10-060-A	RING TYPE: SEAL O-RING THICKNESS: SAE 325, VITON 	4	2	4	0	0	0	0		0	0	W2D-53-0C-03	( SOLAR TURBINE - 1061918-15 - Active),	6.24797324187178818125	Active		5	USD	29-MAY-19	*	MT00.TURE.0000,MESC,		TURBINES_SOLAR_MODEL TAURUS60		Insurance			
Each		KOL	20-70-10-062-A	RING TYPE: SEAL O-RING THICKNESS: SAE 309, VITON 	4	2	4	0	0	0	0		0	0	W2D-53-0C-04	( SOLAR TURBINE - 1061918-16 - Active),	5.46804985420752692125	Active		5	USD	29-MAY-19	*	MT00.TURE.0000,MESC,		QPC Merge Items	O-RING FLUOROCARBON Part Number: 1061918-16	Insurance			
Each		KOL	20-70-10-062-A	RING TYPE: SEAL O-RING THICKNESS: SAE 309, VITON 	4	2	4	0	0	0	0		0	0	W2D-53-0C-04	( SOLAR TURBINE - 1061918-16 - Active),	5.46804985420752692125	Active		5	USD	29-MAY-19	*	MT00.TURE.0000,MESC,		TURBINES_SOLAR_MODEL TAURUS60		Insurance			
Each		KOL	20-70-10-064-A	SWITCH, LEVEL	0	1	2	0	0	0	0		0	0		( SOLAR TURBINE -  915274C1 - NULL),	0	Active		488	USD	02-SEP-19	*	MT00.TURE.0000,MESC,		QPC Merge Items	LEVEL SWITCH SOLAR P/N:- 915274-C1	Insurance			
Each		KOL	20-70-10-064-A	SWITCH, LEVEL	0	1	2	0	0	0	0		0	0		( SOLAR TURBINE -  915274C1 - NULL),	0	Active		488	USD	02-SEP-19	*	MT00.TURE.0000,MESC,		TURBINES_SOLAR_MODEL CENTAUR40		Insurance			
Each		KOL	20-70-10-066-A	SWITCH, LEVEL	0	0	1	0	0	0	0		0	0		( SOLAR TURBINE - 918192C4 - Active),	0	Active		116	USD	02-SEP-19	*	MT00.TURE.0000,MESC,		QPC Merge Items	SWITCH, LEVEL P/N:- 918192C4	Insurance			
Each		KOL	20-70-10-066-A	SWITCH, LEVEL	0	0	1	0	0	0	0		0	0		( SOLAR TURBINE - 918192C4 - Active),	0	Active		116	USD	02-SEP-19	*	MT00.TURE.0000,MESC,		TURBINES_SOLAR_MODEL CENTAUR40		Insurance			
Each		KOL	20-70-10-067-A	GAGE TEMPERATURE PF: QASR TAURUS 60 TURBINES SPARES 	1	0	1	0	0	0	0		0	0	W2D-53-0C-04	( SOLAR TURBINE - 120106-7 - Active),	75.31	Active		75	USD	31-AUG-09		MT00.TURE.0000,MESC,	GTIN-SOLAR-CENTAUR40,GTIN-SOLAR-TAURUS60,	QPC Merge Items	THERMOMETER,0-250 F  Part No.: 120106-7  				
Each		KOL	20-70-10-068-A	CIRCUIT,BREAKER 10 AMP, 2 POLE 	0	0	0	0	0	0	0		0	0	W2D-00-DR-02	( SOLAR TURBINE - 1006812 - Active),( SOLAR TURBINE - 1087368 - Active),	132.04412191771862	Active		129	USD	18-JUN-03	*	MT00.TURE.0000,MESC,	GTIN-SOLAR-CENTAUR40,			Finished good			
Each		KOL	20-70-10-085-A	SWITCH,TEMPERATURE,<ASAHI> US-602S 	1	0	0	0	0	0	0		0	0	W2D-00-DR-02	( SOLAR TURBINE - 1008524 - Active),	19.74	Active		20	USD	18-JUN-03		MT00.TURE.0000,MESC,	GTIN-SOLAR-CENTAUR40,			Finished good			
Each		KOL	20-70-10-093-A	TAPE,NEOPRENE,13"X1" <P/N:70-30093-1 <P/F SOLAR CENTAUR TURBO GENERATOR SETS <MODEL GS-40 DUAL FUEL	0			0	0	0	0		0	0			0	Inactive		18	USD	13-MAY-04		MISC.MISC.MISC,	GTIN-SOLAR-CENTAUR40,						
Each		KOL	20-70-10-099-A	VALVE ASSY BLEAD 3" <P/F: PM & CM OF THREE "TAURUS 60 MPU" GAS TURBINES	2	0	1	0	0	0	0		0	0	W1H-08-0B-03	( SOLAR TURBINE - 1027930-100 - NULL),( SOLAR TURBINE - 1037423-102 - Active),	8067.89193	Active		7575	USD	20-MAY-08		MT00.TURE.0000,MESC,	GTIN-SOLAR-CENTAUR40,GTIN-SOLAR-TAURUS60,	QPC Merge Items	DEGREE RVS BLEED VALVE 40 P/N 1027930-100				
Each		KOL	20-70-10-101-A	VALVE, SOLENOID, 2 WAY, NC <P/F: PM & CM OF THREE "TAURUS 60 MPU" GAS TURBINES	1	1	2	1	0	0	2		0	0	W2D-53-0C-04	( SOLAR TURBINE - 1043925-100 - Active),	710.14786429998494	Active		556	USD	20-MAY-08		MT00.TURE.0000,MESC,	GTIN-SOLAR-TAURUS60,GTIN-SOLAR-CENTAUR40,						
Each		KOL	20-70-10-102-A	X-MITTER, GAUGE PRESSURE, 0-600 PSIG <P/F: PM & CM OF THREE "TAURUS 60 MPU" GAS TURBINES 	2	1	2	0	0	0	0		0	0	W2D-53-0C-05	( SOLAR TURBINE - 1045102-3 - NULL),( SOLAR TURBINE - 1089769-25 - Active),	465.5477584438355352	Active		393	USD	20-MAY-08		MT00.TURE.0000,MESC,	GTIN-SOLAR-TAURUS60,GTIN-SOLAR-CENTAUR40,						
Each		KOL	20-70-10-103-A	TEST SET ELECTRICAL <SOLAR P/N: FT1010-103 <P/F: PM & CM OF THREE "TAURUS 60 MPU" GAS TURBINES	0	0	0	0	0	0	0		0	0		( SOLAR TURBINE - FT1010-103 - NULL),	0	Inactive			USD	20-MAY-08		MISC.MISC.MISC,	GTIN-SOLAR-TAURUS60,GTIN-SOLAR-CENTAUR40,						
Each		KOL	20-70-10-104-A	VALVE,GAS FUEL,ASSY 	2	2	3	0	0	2	4		0	3	W1H-09-0C-01	( SOLAR TURBINE - 1088209-1300 - In-Active),( SOLAR TURBINE - 1042017-101 - In-Active),( SOLAR TURBINE - 1088209-900 - In-Active),( SOLAR TURBINE - 1088209-1700 - In-Active),( SOLAR TURBINE - 2018739-100 - In-Active),( SOLAR TURBINE - 2018739-101 - Active),	29753.4714689449689411111111111111111111	Active		27960	USD	10-MAY-04	*	MT00.TURE.0000,MESC,	GTIN-SOLAR-TAURUS60,GTIN-SOLAR-CENTAUR40,GTIN-SOLAR-TAURUS60,	QPC Merge Items	VALVE GF ASSY NEW P/N: 2018739-100  				
Each		KOL	20-70-10-104-B	VALVE,GAS FUEL,ASSY 	0			0	0	0	0		0	0	W1H-09-0C-01	( SOLAR TURBINE - 1088209-900 - Active),	19420.19	Active		23074	USD	16-JUN-19	*	MT00.TURE.0000,MESC,		QPC Merge Items	VALVE GF ASSY NEW P/N: 2018739-100  				
Each		KOL	20-70-10-105-A	CLAMP V-BAND 	1	0	1	0	0	0	0		0	0	W2D-00-DR-02	( SOLAR TURBINE - 1010555 - Active),	18.7	Active		19	USD	18-JUN-03		MT00.TURE.0000,MESC,	GTIN-SOLAR-CENTAUR40,	QPC Merge Items	CLAMP V-BAND P/N 1010555	Finished good			
KIT		KOL	20-70-10-107-A	WORK STATION KIT,ARTIC CARD P.F:TAG NO.:SA-G-8001 A/B & TAG NO. :TA-G-8001 A/B 	0	0	0	0	0	0	0		0	0		( SOLAR TURBINE - 1014220-100 - NULL),( SOLAR TURBINE - 1014220-111 - NULL),( SOLAR TURBINE - 1029285-107 - NULL),( SOLAR TURBINE - 1029285-108 - Active),	0	Active		11023	USD	18-JUN-03		MT00.TURE.0000,MESC,	GTIN-SOLAR-CENTAUR40,			Finished good			
Each		KOL	20-70-10-110-A	Inactive MODULE,OUTPUT,FAST ANALOG,4,ISOL PF:SOLAR TURBO GEN.MODEL:GS-40 DUAL FUEL 	0	0	0	0	0	0	0	20-70-10-419-A  - Merge  ,	0	0	W1A-10-0B-07	( SOLAR TURBINE - 1051931-10 - NULL),( SOLAR TURBINE - 1089240-11 - Active),	1221.737659999999999999999999999999999997	Inactive		1447	USD	10-MAY-04	*	MT00.TURE.0000,MESC,	GTIN-SOLAR-TAURUS60,GTIN-SOLAR-CENTAUR40,						
Each		KOL	20-70-10-111-A	MODULE,INPUT,FAST SPEED,2 <P/N:1051931-11<1089240-29> <P/F SOLAR CENTAUR TURBO GENERATOR <MODE:GS-40 DUAL FUEL <MFG:SOLAR	0	0	0	0	0	0	0	20-70-10-419-A  - Merge  ,	0	0	W2D-57-0C-02	( SOLAR TURBINE - 1051931-11 - NULL),( SOLAR TURBINE - 1089240-29 - NULL),	835.49	Inactive		835	USD	10-MAY-04		MISC.MISC.MISC,MESC,	GTIN-SOLAR-CENTAUR40,GTIN-SOLAR-TAURUS60,	QPC Merge Items	MODULE, ANALOG OUTPUT, 4 XT, P/N.1089240-11				
Each		KOL	20-70-10-112-A	MODULE,OUTPUT,DISCRETE,8 P/F SOLAR CENTAUR TURBO GENERATOR MODE:GS-40 DUAL FUEL 	0	0	0	0	0	0	0	20-70-10-143-A  - Merge  ,	0	0	W1A-10-0B-08	( SOLAR TURBINE - 1051931-12 - NULL),( SOLAR TURBINE - 1089240-4 - Active),	304.06833	Active		302	USD	10-MAY-04		MT00.TURE.0000,MESC,	GTIN-SOLAR-TAURUS60,GTIN-SOLAR-CENTAUR40,	QPC Merge Items	MDL OUTPUT DISCRETE 8 P/N 1051931-12				
Each		KOL	20-70-10-113-A	MODULE I/O,DISCARD 10/6 PF:SOLAR TURBO GEN.MODEL:GS-40 DUAL FUEL PART NO. : 1051931-13	2	1	2	0	0	1	0		0	0	W2D-53-0C-05	( SOLAR TURBINE - 1051931-13 - NULL),( SOLAR TURBINE - 1089240-3 - NULL),	269.241288426891053055555555555555555556	Active		276	USD	10-MAY-04	*	MT00.TURE.0000,MESC,	GTIN-SOLAR-CENTAUR40,	QPC Merge Items	MDL,I/O,DISCRETE,10/6 P/N 1051931-13				
Each		KOL	20-70-10-114-A	Inactive MODULE OUTPUT,DISCRETE,16 P/F: SOLAR TURBO GEN.MODEL:GS-40 DUAL FUEL SEE CODE :20-70-10-420-A	0	0	0	0	0	0	0	20-70-10-420-A  - Merge  ,	0	0	W1A-10-0B-08	( SOLAR TURBINE - 1089240-5 - Active),( SOLAR TURBINE - 1051931-14 - In-Active),	287.35600899441274	Active		292	USD	10-MAY-04	*	MT00.TURE.0000,MESC,	GTIN-SOLAR-CENTAUR40,						
Each		KOL	20-70-10-115-A	TRANSMITTER,PRESSURE MOD.1151GP7E22B1 MAX PRESS 300 PSI,0-300 PSIG,4-20A <ROSEMOUNT> PART NO. : 1013115-11 NEW P/N: 1029610-38  SEE MESC : 20-70-10-011-A - KOL 	0	0	0	0	0	0	0		0	0	W1A-10-0B-09	( SOLAR TURBINE - 1013115-11 - NULL),	1057.09	Inactive		1057	USD	18-JUN-03		MISC.MISC.MISC,	GTIN-SOLAR-CENTAUR40,			Finished good			
Each		KOL	20-70-10-117-A	TRANSMITTER,PRESSURE,<ROSEMOUNT> MOD.1151GP7E22L4K6,0-50 PS1,4-20MA MAX PRESS. 300PSI 	1	0	0	0	0	0	0		0	0	W2D-53-0D-01	( ROSEMOUNT - 1151GP7E22L4K6 - NULL),( SOLAR TURBINE - 1013117-33 - NULL),( SOLAR TURBINE - 1103117-3200 - Active),	1656	Active		1656	USD	18-JUN-03		MT00.TURE.0000,MESC,	GTIN-SOLAR-CENTAUR40,			Finished good			
Each		KOL	20-70-10-118-A	ANALOG INPUT MODEULE P/F: GAS COMPRESSOR & SLUG CATCHER PROGRAMMABLE LOGIC CONTROLLER 	1	0	1	0	0	0	0		0	0	W2K-00-DR-18	( ALLEN-BRADLEY - 1794-IE8 - Active),	535.052	Active		394	EUR	25-MAR-07		MT00.TURE.0000,MESC,	GTIN-SOLAR-CENTAUR40,						
Each		KOL	20-70-10-119-A	BASE,GENERIC,SPRING,FLEX PF:SOLAR TURBO GEN.MODEL:GS-40 DUAL FUEL 	4	1	2	0	0	0	0		0	0	W2D-53-0D-01	( SOLAR TURBINE - 1051931-19 - Active),	128.3777968265215725	Active		132	USD	10-MAY-04		MT00.TURE.0000,MESC,	GTIN-SOLAR-CENTAUR40,						
Each		KOL	20-70-10-120-A	TRANSMITTER,DIFF PRESSURE 0-3 INCHES H2O PF:SOLAR TURBO GEN.MODEL:GS-40 DUAL FUEL & MODEL: TURBINE MODEL MARS 100          2 YEARS SPARE PARTS FOR QASR COMPRESSION STATION MODEL:3051CD1A73A1AKDL4M5	1	0	1	0	0	0	0		0	0	W2D-53-0D-02	( SOLAR TURBINE - 1052120-11 - Active),	2763.1639	Active		2689	USD	13-MAY-04		MT00.TURE.0000,MESC,	IPFS-SIEMENS-7MF4433,GTIN-SOLAR-CENTAUR40,	QPC Merge Items	TRANSMITTER,0"-3" P/N 1052120-11				
Each		KOL	20-70-10-121-A	ADAPTER(TAP) 	1	0	0	0	0	0	0		0	0	W2K-09-0D-04	( SOLAR TURBINE - 1014212-13 - Active),	98.81	Active		99	USD	18-JUN-03		MT00.TURE.0000,MESC,	GTIN-SOLAR-CENTAUR40,			Finished good			
Each		KOL	20-70-10-124-A	DELTA PX-MITTER, ADJUSTABLE <SOLAR P/N: 1013121-27 <P/F: PM & CM OF THREE "TAURUS 60 MPU" GAS TURBINES	3	2	4	0	0	0	0		0	0	W2D-53-0D-03	( SOLAR TURBINE - 1013121-27 - NULL),	2155.9395475	Active		2159	USD	20-MAY-08		MT00.TURE.0000,MESC,	GTIN-SOLAR-CENTAUR40,GTIN-SOLAR-TAURUS60,						
Each		KOL	20-70-10-124-B	DELTA PX-MITTER, ADJUSTABLE <P/F: PM & CM OF THREE "TAURUS 60 MPU" GAS TURBINES	0			0	0	0	0		0	0	W2D-55-0A-02	( SOLAR TURBINE - 1013121-27 - Active),	1581.5175	Active		1	USD	18-JUN-08		MT00.TURE.0000,MESC,	GTIN-SOLAR-CENTAUR40,						
Each		KOL	20-70-10-126-A	VALVE CONTROL 	1	0	1	0	0	0	0		0	0	W2D-53-0D-04	( SOLAR TURBINE - 1012696-20 - Active),( SOLAR TURBINE - 1012696-13 - NULL),	17244.93	Active		17245	USD	18-JUN-03		MT00.TURE.0000,MESC,	GTIN-SOLAR-CENTAUR40,			Finished good			
Each		KOL	20-70-10-126-B	VALVE CONTROL PART NO. : 1012696-13(NEW 1012696-20	0			0	0	0	0		0	0		( SOLAR TURBINE - 1012696-13(NEW 1012696-20 - NULL),	0	Inactive			USD	18-JUN-03		MISC.MISC.MISC,	GTIN-SOLAR-CENTAUR40,			Finished good			
Each		KOL	20-70-10-127-A	MODULE,ADAPTER,C-NET,1.5,REDUNDANT P/F SOLAR CENTAUR TURBO GENERATOR MODE:GS-40 DUAL FUEL 	0	0	0	0	0	0	0	20-70-90-415-A  - Merge  ,	0	0	W1A-10-0A-04	( SOLAR TURBINE - 1089240-30 - Active),( SOLAR TURBINE - 1051931-27 - In-Active),( SOLAR TURBINE - 1051931-31 - In-Active),	888.079894285714285714285714285714285714	Active		879	USD	10-MAY-04	*	MT00.TURE.0000,MESC,	GTIN-SOLAR-CENTAUR40,	QPC Merge Items	MDL,ADPTR,C-NET,1.5,REDUNDANT P/N 1051931-31				
Each		KOL	20-70-10-129-A	HOSE 	1	0	1	0	0	0	0		0	0	W2D-53-0D-04	( SOLAR TURBINE - 1010129 - Active),	384.42	Active		384	USD	18-JUN-03		MT00.TURE.0000,MESC,	GTIN-SOLAR-CENTAUR40,			Finished good			
Each		KOL	20-70-10-130-A	COMPUTER SYSTEM,PANEL MOUNT POWER CONTROL ROOM MODEL: TAURUS 60 S/N: TG05526, TG05527, TG05852 P/F: INSURANCE SPARES 	0			0	0	0	0		0	0	WH-1HH8	( ALLEN-BRADLEY - 6181P-15TP2KH - Active),( SOLAR TURBINE - 1061301-4500 - Active),	0	Inactive			USD	15-FEB-09		MISC.MISC.MISC,MESC,	GTIN-SOLAR-CENTAUR40,GTIN-SOLAR-TAURUS60,						
Each		KOL	20-70-10-131-A	MODULE, ADAPTER, C.NET 1.5 PN: 1051931-31 MFG:SOLAR  PF: PM & CM OF THREE "TAURUS 60 MPU" GAS TURBINES	0	0	0	0	0	0	0		0	0	W1A-10-0A-04	( SOLAR TURBINE - 1051931-31 - NULL),	872.62468	Inactive		879	USD	20-MAY-08		MISC.MISC.MISC,	GTIN-SOLAR-CENTAUR40,GTIN-SOLAR-TAURUS60,						
Each		KOL	20-70-10-132-A	LAMP LED 	9	3	5	0	0	0	0		0	0	W2D-00-DR-02	( SOLAR TURBINE - 1010205 - Active),( SOLAR TURBINE - 1013527 - NULL),	12.267241379	Active		25	USD	18-JUN-03		MT00.TURE.0000,MESC,	GTIN-SOLAR-TAURUS60,GTIN-SOLAR-CENTAUR40,	QPC Merge Items	LAMP RED 28V P/N 1010205	Finished good			
Each		KOL	20-70-10-133-A	MOTOR,AV,VARIABLE SPEED PF:SOLAR TURBO GEN.MODEL:GS-40 DUAL FUEL 	1	0	1	0	0	0	0		0	0	Y1H-03-0H-02	( SOLAR TURBINE - 1012991-33 - Active),	15975.81296	Active		15063	USD	11-MAY-04		MT00.TURE.0000,MESC,	GTIN-SOLAR-CENTAUR40,	QPC Merge Items	MTR,AC,STRT,380V,125HP,NEC P/N 1012991-33				
Each		KOL	20-70-10-134-A	MODULE,INPUT MILLIVOLT. P/F:PLC FOURTH TURBINE.	1	0	0	0	0	0	0		0	0	W2D-53-0D-05	( ALLEN-BRADLEY - 1771-IFM - Active),( SOLAR TURBINE - 1014213-4 - NULL),( SOLAR TURBINE - 186897-6 - Active),	4315.29	Active		4315	USD	18-JUN-03		MT00.TURE.0000,MESC,	GTIN-SOLAR-CENTAUR40,	QPC Merge Items	IFM FAST MILLIOLT INPUT MODULE P/N :-1014213-4	Finished good			
Each		KOL	20-70-10-135-A	MODULE INPUT 	1	0	0	0	0	0	0		0	0	W2D-53-0D-05	( SOLAR TURBINE - 1014213-5 - Active),	3948.06	Active		3948	USD	18-JUN-03		MT00.TURE.0000,MESC,	GTIN-SOLAR-CENTAUR40,			Finished good			
Each		KOL	20-70-10-136-A	RELAY SPDT 10 AMP, 24 VDC 1/3 HP,10A,120VAC 1/2 HP,10A,240VAC  ,24VDL,5 LEG 	1	0	0	0	0	0	0		0	0	W2D-00-DR-02	( ALLEN-BRADLEY - 700-HK36Z24 - Active),( SOLAR TURBINE - 1013634 - Active),	17.66	Active		16	USD	18-JUN-03		MT00.TURE.0000,MESC,	GTIN-SOLAR-CENTAUR40,			Finished good			
Each		KOL	20-70-10-137-A	MODULE INPUT RTD 	1	0	1	0	0	0	0		0	0	W2D-53-0D-05	( SOLAR TURBINE - 1014213-7 - Active),	1076.36	Active		1076	USD	18-JUN-03		MT00.TURE.0000,MESC,	GTIN-SOLAR-CENTAUR40,	QPC Merge Items	MODULE, RTD INPUT P/N:- 1014213-7	Finished good			
Each		KOL	20-70-10-139-A	DIODE LED 24 VDC 	1	0	0	0	0	0	0		0	0	W2D-00-DR-02	( SOLAR TURBINE - 1013976 - Active),	10.75	Active		11	USD	18-JUN-03		MT00.TURE.0000,MESC,	GTIN-SOLAR-CENTAUR40,			Finished good			
Each		KOL	20-70-10-140-A	ACTUATOR VALVE PF: QASR TAURUS 60 TURBINES SPARES 	2	1	2	0	0	0	0		0	0	W2D-53-0E-01	( SOLAR TURBINE - 992140C1 - Active),	175.45893	Active		168	USD	31-AUG-09		MT00.TURE.0000,MESC,	GTIN-SOLAR-TAURUS60,GTIN-SOLAR-CENTAUR40,						
Each		KOL	20-70-10-141-A	INJECTOR DF (WLHZO OPTION) PF: QASR TAURUS 60 TURBINES SPARES 	12	3	7	0	0	0	0		0	0	W2D-53-0E-2,5	( SOLAR TURBINE - 302218-101 - Active),	5831.77451	Active		5610	USD	31-AUG-09		MT00.TURE.0000,MESC,	GTIN-SOLAR-CENTAUR40,GTIN-SOLAR-TAURUS60,	QPC Merge Items	INJECT,DF(W/ H20 OPTION),20/20 P/N 302218-101				
Each		KOL	20-70-10-142-A	MODULE 32 INPUT DISCRETE 	1	0	0	0	0	0	0		0	0	W2D-54-0E-01	( SOLAR TURBINE - 1014213-1 - Active),	649.35	Active		649	USD	18-JUN-03		MT00.TURE.0000,MESC,	GTIN-SOLAR-CENTAUR40,			Finished good			
Each		KOL	20-70-10-143-A	MODULE ,FLEX,DISCRETE O/P 8OUT CAT NO-1794-0B8EPXT (ALLEN BRADLEY) PF.SOLAR TURBINE TYPE MARS 100            2 YEARS SPARE PARTS FOR QASR COMPRESSION STATION  	6	0	0	0	0	0	0		0	0	W2K-09-0D-04	( ALLEN-BRADLEY - 1794-0B8EP - NULL),( ALLEN-BRADLEY - 96177873 - Active),( SOLAR TURBINE - 1014214-3 - NULL),( SOLAR TURBINE - 1014214-33 - NULL),( SOLAR TURBINE - 1089240-4  - NULL),	294.4621333843319053125	Active		283	USD	15-APR-06		MT00.TURE.0000,MESC,	GTIN-SOLAR-CENTAUR40,GTIN-SOLAR-TAURUS60,	QPC Merge Items	MODULE, DISCRETE OUTPUT, 4 XT, P/N. 1089240-4	Finished good			
Each		KOL	20-70-10-147-A	POWER SUPPLY, AC/DC INPUT P/F: SOLAR TURBO GEN.MODEL:GS-40 DUAL FUEL 	1	1	2	1	0	1	1		2	0	W2D-54-0E-01	( SOLAR TURBINE - 1058147-1 - NULL),( SOLAR TURBINE - 1097483-100 - NULL),( SOLAR TURBINE - 1097483-101 - NULL),( SOLAR TURBINE - 1097483-103 - Active),( SOLAR TURBINE - 1286570-1 - Active),	2937.8557230031609	Active		2301	USD	13-MAY-04	*	MT00.TURE.0000,MESC,	GTIN-SOLAR-CENTAUR40,GTIN-SOLAR-TAURUS60,	QPC Merge Items	SUOOLY,PWR,@,AC/DC INPUT P/N 1058147-1				
Each		KOL	20-70-10-151-A	MODULE ADAPTER REMOTE 	1	0	0	0	0	0	0		0	0	W2D-54-0E-02	( SOLAR TURBINE - 1014215-1 - Active),	3771.43	Active		3771	USD	18-JUN-03		MT00.TURE.0000,MESC,	GTIN-SOLAR-CENTAUR40,	QPC Merge Items	REMOTE INPUT/OUTPUT ADAPTER MODULE P/N :-1014215-1	Finished good			
Each		KOL	20-70-10-152-A	HORN,STROBE,COMBO RED,W/STROBE,W/HARDWA RE OPERATING TEMB:-25C TO +66M PF:SOLAR TURBINE CENTUAR MODEL GS-40 & MODEL: TURBINE MODEL MARS 100          2 YEARS SPARE PARTS FOR QASR COMPRESSION STATION  TYPE:1ULL60013	1	0	1	0	0	0	0		1	-1	W1H-08-0B-04	( SOLAR TURBINE - 1060152 - Active),	2884.87	Active		2927	USD	11-MAY-04		MT00.TURE.0000,MESC,	GTIN-SOLAR-TAURUS60,GTIN-SOLAR-TAURUS60,GTIN-SOLAR-CENTAUR40,	QPC Merge Items	HORN,STROBE,COMBE,RED P/N 1060152				
Each		KOL	20-70-10-153-A	MODULE,CONTROL GENERATOR COMBINATION PF:CENTRAL TURBINE MODEL GS-40 SEE MESC: 20-70-10-150-A KGS	0	0	0	0	0	0	0		0	0	W1H-08-0B-02	( ALLEN-BRADLEY - 1407-CGCM - NULL),( SOLAR TURBINE - 1046415-35 - NULL),( SOLAR TURBINE - 1046415-54 - NULL),( SOLAR TURBINE - 1046415-74  - NULL),	11150.25	Active		11150	USD	13-MAY-04		MT00.TURE.0000,MESC,	GTIN-SOLAR-CENTAUR40,GTIN-SOLAR-TAURUS60,	QPC Merge Items	Combination generator control module with control net communication (CGCM), Series C.				
Each		KOL	20-70-10-153-C	MODULE,CONTROL GENERATOR COMBINATION PF:CENTRAL TURBINE MODEL GS-40 	0			0	0	0	0		0	0		( SOLAR TURBINE - 1046415-54,1046415-35 - Active),( ALLEN-BRADLEY - 1407-CGCM - Active),	2925.26801	Active		5667	USD	12-MAR-10		MT00.TURE.0000,MESC,	GTIN-SOLAR-CENTAUR40,						
Each		KOL	20-70-10-155-A	MODULE,FLEX, INPUT, DISCRETE, 16, ROHS P/F: OIL PLANT TURBINES A,B & C &MODEL: TURBINE MODEL MARS 100          2 YEARS SPARE PARTS FOR QASR COMPRESSION STATION 	1	0	1	0	0	0	1		1	0	W2D-54-0E-02	( SOLAR TURBINE - 1051931-55 - In-Active),( SOLAR TURBINE - 1089240-2 - In-Active),( ALLEN-BRADLEY - 1794-IB16XT - Active),	354.312105263157	Active		170	USD	25-OCT-09		MT00.TURE.0000,MESC,	GTIN-SOLAR-TAURUS60,GTIN-SOLAR-CENTAUR40,	QPC Merge Items	MODULE, DISCRETE INPUT, 16 XT, P/N. 1089240-2				
Each		KOL	20-70-10-156-A	CONTROL SUPPLY POWER P/F: PM & CM OF THREE "TAURUS 60 MPU" GAS TURBINES	2	1	2	0	0	0	0		0	0	W2D-54-0E-03	( SOLAR TURBINE - 1046415-6 - Active),	692.71	Active		702	USD	20-MAY-08		MT00.TURE.0000,MESC,	GTIN-SOLAR-CENTAUR40,GTIN-SOLAR-TAURUS60,						
Each		KOL	20-70-10-157-A	CONTROL,POWER SUPPLY,24 VDC IN <P/F SOLAR CENTAUR TURBO GENERATOR <MODE:GS-40 DUAL FUEL 	1	0	1	0	0	0	0		0	0	W2D-54-0E-03	( SOLAR TURBINE - 1046415-7 - Active),	702.26	Active		702	USD	10-MAY-04		MT00.TURE.0000,MESC,	GTIN-SOLAR-CENTAUR40,						
Each		KOL	20-70-10-158-A	MDL, OUTPUT, DISCRETE, 16, ROHS P/F: OIL PLANT TURBINES A,B & C 	0	0	0	0	0	0	0	20-70-10-420-A  - Merge  ,	0	0	W1A-11-0A-03	( SOLAR TURBINE - 1089240-5 - Active),( SOLAR TURBINE - 105193-64 - NULL),	284.057795480229553	Active		375	USD	25-OCT-09		MT00.TURE.0000,MESC,	GTIN-SOLAR-CENTAUR40,						
Each		KOL	20-70-10-164-A	POWER SUPPLY LINE VOLTAGE 19.2-31 VDC PF: GAS COMPRESSOR & SLUG CATCHER  PROGRAMMABLE LOGIC CONTROLLER 	0	1	2	2	0	2	2		2	0	W2K-09-0D-04	( ALLEN-BRADLEY - 1769-PB4 - Active),	349.439451745796	Active		18353	EGP	25-MAR-07	*	MT00.INST.0000,MESC,	ELCP-NA,GTIN-SOLAR-CENTAUR40,	QPC Merge Items	LOGIX POWER SUPPLY				
Each		KOL	20-70-10-169-A	MODULE INPUT 24 VDC , 32 POINT PF: GAS COMPRESSOR & SLUG CATCHER  PROGRAMMABLE LOGIC CONTROLLER	0	1	2	2	0	2	2		0	1	W2K-09-0D-04	( ALLEN-BRADLEY - 1769-IQ32 - Active),	204.93	Active		205	USD	25-MAR-07	*	MT00.INST.0000,MESC,	GTIN-SOLAR-CENTAUR40,ELCP-NA,	QPC Merge Items	DC INPUT 24 VDC SING/SOURCE CAT#1769-IQ32				
Each		KOL	20-70-10-171-A	COUPLING 	0	0	0	0	0	0	0		0	0		( SOLAR TURBINE - 1009417-1 - Active),	0	Inactive		4780	USD	19-NOV-03		MISC.MISC.MISC,MESC,	GTIN-SOLAR-CENTAUR40,			Finished good			
Each		KOL	20-70-10-174-A	FLEX LOGIX FLEX BUS LOCAL 510 ADAPTER P/F: GAS COMPRESSOR & SLUG CATCHER PROGRAMMABLE LOGIC CONTROLLER 	0	0	0	0	0	0	0		0	0	W2K-09-0C-07	( ALLEN-BRADLEY - 1794-FLA - Active),	219.996	Active		162	EUR	28-MAR-07		MT00.TURE.0000,MESC,	GTIN-SOLAR-CENTAUR40,						
Each		KOL	20-70-10-176-A	MODULE ,RELAY OUTPUT , 16 POINTS  P/F: GAS COMPRESSOR & SLUG CATCHER  PROGRAMMABLE LOGIC CONTROLLER 	2	1	2	0	0	0	2		0	0	W2K-09-0D-04	( ALLEN-BRADLEY - 1769-OW16 - Active),	266.442939265995454	Active		258	USD	25-MAR-07		MT00.INST.0000,MESC,	ELCP-NA,GTIN-SOLAR-CENTAUR40,						
Each		KOL	20-70-10-178-A	ETHERNET COMMUNICATION CARD PF : GAS COMPRESSOR & SLUG CATCHER PROGRAMMABLE LOGIC CONTROLLER 	1	0	1	0	0	0	0		0	0	W2K-09-0D-05	( ALLEN-BRADLEY - 1788-ENBT - Active),	472.584	Active		348	EUR	22-MAR-07		MT00.TURE.0000,MESC,	GTIN-SOLAR-CENTAUR40,						
Each		KOL	20-70-10-181-A	VALVE,QUICK EXHAUST PF:SOLAR TURBO GEN. MODEL:GS-40 DUAL FUEL 	2	1	2	0	0	0	0		0	0	W2D-54-0E-04	( SOLAR TURBINE - 1023518-100 - Active),	1070.131070020303296375	Active		987	USD	10-MAY-04		MT00.TURE.0000,MESC,	GTIN-SOLAR-TAURUS60,GTIN-SOLAR-CENTAUR40,	QPC Merge Items	VALVE, QUICK, EXHAUST, P/N:- 1023518-100				
Each		KOL	20-70-10-186-A	O-RING	6	2	4	0	0	0	0		0	0	W2D-54-0E-04	( SOLAR TURBINE - 1047186 - Active),	53.33623111111111111111111111111111111117	Active		51	USD	05-MAY-04		MT00.TURE.0000,MESC,	GTIN-SOLAR-TAURUS60,GTIN-SOLAR-CENTAUR40,GTIN-SOLAR-TAURUS60,	QPC Merge Items	O-RING,31.625 ID,.210 W, VITON. P/N:-  1047186				
Each		KOL	20-70-10-190-A	DETECTOR,FLAME,ULTRA VIOLET PF:SOLAR TURBO GEN.MODEL:GS-40 DUAL FUEL	3	1	2	0	0	0	0		0	1	W2D-54-0E-05	( SOLAR TURBINE - 1058190 - Active),	3780.08792	Active		3452	USD	10-MAY-04		MT00.TURE.0000,MESC,	GTIN-SOLAR-CENTAUR40,						
Each		KOL	20-70-10-191-A	REGULATO, DIFFERENTIAL PRESSURE P/N: 955719C1 PF: QASR TAURUS 60 TURBINES SPARES MFG: SOLAR TURBINES CO NEW P/N:1064405-1 	0	0	0	0	0	0	0		0	0	W1A-11-0A-05	( SOLAR TURBINE - 955719C1 - NULL),( SOLAR TURBINE - 1064405-1 - NULL),	1765.81127	Inactive		1613	USD	27-AUG-09		MISC.MISC.MISC,	GTIN-SOLAR-CENTAUR40,GTIN-SOLAR-TAURUS60,						
Each		KOL	20-70-10-194-A	VALVE,LIQUID FUEL CONTROL PF:SOLAR TURBINE CENTUAR MODEL GS-40 DUAL FILTER 	0			0	0	0	0	20-70-12-500-A  - Merge  ,	0	1	W1H-08-0B-04	( SOLAR TURBINE - 1019431-1000 - Active),	16788.98087	Active		16619	USD	16-MAY-04		MT00.TURE.0000,MESC,	GTIN-SOLAR-TAURUS60,GTIN-SOLAR-CENTAUR40,						
Each		KOL	20-70-10-199-A	GAUGE, SIGHT, 2.5,GLASS <P/F: PM & CM OF THREE "TAURUS 60 MPU" GAS TURBINES & MODEL: TURBINE MODEL MARS 100          2 YEARS SPARE PARTS FOR QASR COMPRESSION STATION 	1	0	1	0	0	0	0		0	0	W2D-54-0D-01	( SOLAR TURBINE - 1039199-5 - Active),	82.96	Active		88	USD	20-MAY-08		MT00.TURE.0000,MESC,	GTIN-SOLAR-TAURUS60,GTIN-SOLAR-TAURUS60,GTIN-SOLAR-CENTAUR40,	QPC Merge Items	GAGE SIGHT 2 1/2 -12UN-2A P/N 1039199-5				
Each		KOL	20-70-10-200-A	ACCUMULATOR 230CU IN SUP: SOLAR TURBINE 	0	0	0	0	0	0	0		0	0	W2H-01-0B-03	( SOLAR TURBINE - 1009200-2 - NULL),( SOLAR TURBINE - 1100645-2 - Active),	0	Inactive		546	USD	09-AUG-03		MISC.MISC.MISC,MESC,	GTIN-SOLAR-CENTAUR40,			Finished good			
Each		KOL	20-70-10-201-A	DUCT,ASSEMBLY  	0			0	0	0	0		0	0	Y1B-W02-Packer store	( SOLAR TURBINE - 1090121-201 - In-Active),( SOLAR TURBINE - 1090121-202 - Active),( SOLAR TURBINE - 1001700-200 - In-Active),	0	Inactive		7951	USD	09-SEP-03	*	MISC.MISC.MISC,MESC,	GTIN-SOLAR-CENTAUR40,						
Each		KOL	20-70-10-202-A	MONITOR ENGINE TEMP. PF;CENTAUR GAS TURBINE SOLAR T.G 4500  GENERATOR 3PH,50HZ,6-LEAD  3300VOLT 	1	0	1	0	0	0	0		0	0	W2D-54-0D-01	( SOLAR TURBINE - 107202-18 - Active),	3084.61	Active		3085	USD	18-JUN-03		MT00.TURE.0000,MESC,	GTIN-SOLAR-CENTAUR40,			Finished good			
Each		KOL	20-70-10-204-A	TRANSMITTER,0-100 PSID MODEL GS-40 CENTUAR 	1	0	1	0	0	0	0		0	0	W2D-54-0D-01	( SOLAR TURBINE - 1052120-4 - Active),	2458.79635305777769	Active		2348	USD	11-MAY-04		MT00.TURE.0000,MESC,	GTIN-SOLAR-TAURUS60,GTIN-SOLAR-TAURUS60,IPPS-SOLAR-GS40CENTUAR,GTIN-SOLAR-CENTAUR40,	QPC Merge Items	TRANSMITTER,0-100 PSID P/N 1052120-4				
Feet		KOL	20-70-10-206-A	GASKET,SHEET,SEALANT,3/8" DIA,GORTEX PF:SOLAR TURBO  MODEL:GS-40 DUAL FUEL 	5	3	6	0	0	0	0		0	0	W2D-54-0D-02	( SOLAR TURBINE - 1020105 - Active),	5.545	Active		6	USD	13-FEB-06		MT00.TURE.0000,MESC,	GTIN-SOLAR-CENTAUR40,GTIN-SOLAR-TAURUS60,	QPC Merge Items	GASKET/SEALANT,3/8 DIA,GORE. Part Number:- 1020105				
Each		KOL	20-70-10-206-U-A	GASKET,SHEET,SEALANT,3/8" DIA,GORTEX <P/N:1020105 <P/F SOLAR CENTAUR TURBO GENERATOR <MODE:GS-40 DUAL FUEL <MFG:SOLAR	0			0	0	0	0		0	0		( SOLAR TURBINE - 1020105 - NULL),	0	Inactive		5	USD	16-MAY-04		MISC.MISC.MISC,	GTIN-SOLAR-CENTAUR40,						
Each		KOL	20-70-10-208-A	LAMP.LED,GREEN,CLASS 1,DIV 1  MODEL:GS-40 DUAL FUEL 	13	3	6	0	0	0	0		0	0	W2D-54-0D-02	( SOLAR TURBINE - 1021202 - Active),	91.474630769	Active		90	USD	16-MAY-04		MT00.TURE.0000,MESC,	GTIN-SOLAR-CENTAUR40,GTIN-SOLAR-TAURUS60,						
Each		KOL	20-70-10-211-A	PROCESSOR TYPE: PLC5 CONTROL PROCESSOR MEMORY: 5 M PLC5 L20C/D CONTROL PROCESSOR 	1	0	0	0	0	0	0		0	0	W2D-54-0D-02	( ALLEN-BRADLEY - 1785-L20C/D - Active),( SOLAR TURBINE - 1014211-3 - Active),	5589.62	Active		5590	USD	18-JUN-03	*	MT00.TURE.0000,MESC,	GTIN-SOLAR-CENTAUR40,	TURBINES_SOLAR_MODEL CENTAUR40		Insurance			
Each		KOL	20-70-10-212-A	BASE,GENERIC FLEX PF.SOLAR TURBINE TYPE MARS 100 	2	1	2	0	0	1	0		0	0	W2D-54-0D-03	( SOLAR TURBINE - 1014212-19 - NULL),( SOLAR TURBINE - 1051931-71 - Active),	177.42774125	Active		171	USD	20-OCT-14		MT00.TURE.0000,MESC,	GTIN-SOLAR-CENTAUR40,GTIN-SOLAR-TAURUS60,	QPC Merge Items	BASE,GENERIC,SPRING,FLEX,ROHS P/N 1051931-71	Finished good			
Each		KOL	20-70-10-213-A	MODULE,16 OUPUT DISCRETE 	1	0	1	0	0	0	0		0	0	W2D-54-0D-03	( SOLAR TURBINE - 1014213-2 - Active),	649.35	Active		649	USD	18-JUN-03		MT00.TURE.0000,MESC,	GTIN-SOLAR-CENTAUR40,	QPC Merge Items	DISCRETE 16 OUTPUT MODULE P/N:- 1014213-2	Finished good			
Each		KOL	20-70-10-215-A	MODULE INTERFACE COMMENICATION 	0	0	0	0	0	0	0		0	0	W2K-09-0D-01	( SOLAR TURBINE - 1014215-6 - Active),	2771.62	Active		2772	USD	18-JUN-03		MT00.TURE.0000,MESC,	GTIN-SOLAR-CENTAUR40,	QPC Merge Items	OH/DH+DESKTOP INTERFACE MODULE P/N :- 1014215-6	Finished good			
ST		KOL	20-70-10-221-A	BATTERY SET 120 VDC <P/F SWITCH GEAR BATTERIES "TURBINE 4 & 5"	0	0	0	0	0	0	0		0	0	Y1H-03-0B-01	( SOLAR TURBINE - 1042692-2100 - Active),	14403.16	Active		14697	USD	15-FEB-05		MT00.TURE.0000,MESC,	GTIN-SOLAR-CENTAUR40,						
Each		KOL	20-70-10-228-A	VALVE,WATER WASH PF:SOLAR TURBINE CENTUAR MODEL GS-40 DUAL FILTER 	1	0	1	0	0	1	0		0	1	W2D-54-0D-03	( SOLAR TURBINE - 1027228-100 - Active),	738.045092387615	Active		797	USD	10-MAY-04		MT00.TURE.0000,MESC,	GTIN-SOLAR-TAURUS60,GTIN-SOLAR-TAURUS60,GTIN-SOLAR-CENTAUR40,	QPC Merge Items	VALVE,WATER WASH,CSA P/N 1027228-100				
Each		KOL	20-70-10-235-A	SWITCH,PUSH BUTTON,MOMENTARY,LED PF:SOLAR TURBO GEN. MODEL:GS-40 DUAL FUEL 	3	1	2	0	0	0	0		0	2	W2D-54-0D-04	( SOLAR TURBINE - 1021205 - Active),	176.332403027932622	Active		185	USD	16-MAY-04		MT00.TURE.0000,MESC,	GTIN-SOLAR-TAURUS60,GTIN-SOLAR-CENTAUR40,						
Each		KOL	20-70-10-240-A	POWER SUPPLY AC INPUT 100-240 VAC PF: GAS COMPRESSOR & SLUG CATCHER        PROGRAMMABLE LOGIC CONTROLLER 	1	1	2	1	0	1	1		1	1	W2K-09-0D-05	( ALLEN-BRADLEY - 1606-XLS 240E - Active),	415.2203273946178814	Active		345	USD	20-MAR-07	*	MT00.INST.0000,MESC,	ELCP-NA,GTIN-SOLAR-CENTAUR40,						
Each		KOL	20-70-10-240-B	POWER SUPPLY AC INPUT 100-240 VAC PF: GAS COMPRESSOR & SLUG CATCHER        PROGRAMMABLE LOGIC CONTROLLER 	0			0	0	0	0		0	0	W2K-09-0D-05	( ALLEN-BRADLEY - 1606-XLS 240E - Active),	257.40817380427575	Active		1	USD	06-SEP-20	*	MT00.INST.0000,MESC,							
Each		KOL	20-70-10-241-A	FILTER ELEMENT F/ 2" FILTERS PF:SOLAR TURBINE MODEL:GS-40 DUAL FUEL 	14	10	20	0	0	2	10		10	14	W2D-54-0D-04	( SOLAR TURBINE - 1025324-1 - Active),	197.010730582589320057142857142857142858	Active		155	USD	10-MAY-04		MT00.TURE.0000,MESC,	GTIN-SOLAR-TAURUS60,GTIN-SOLAR-CENTAUR40,						
Each		KOL	20-70-10-242-A	POWER SUPPLY,EQ PREMIER,PREMIER,MODULE,FIRE SYSTEM INPUT VOL 24VDC INPUT CURRENT 10A OUT PUT VOL:27.5 VDC OUTPUT CURRENT 500 PF:SOLAR TURBO GEN.MODEL:GS-40 DUAL FUEL & MODEL: TURBINE MODEL MARS 100          2 YEARS SPARE PARTS FOR QASR COMPRESSION STATION MODEL:EQ3800NW	1	0	1	0	0	0	0		0	0	W2D-54-0D-05	( SOLAR TURBINE - 1056244-2 - Active),	1055.931620000000000000000000000000000001	Active		1209	USD	13-MAY-04		MT00.TURE.0000,MESC,	GTIN-SOLAR-TAURUS60,GTIN-SOLAR-CENTAUR40,	QPC Merge Items	POWER SUPPLY @,EQ PREMIER P/N 1056244-2				
Each		KOL	20-70-10-243-A	MODULE,EQ PREMIER PF:SOLAR TURBO GEN.MODEL:GS-40 DUAL FUEL 	0	0	1	1	0	1	0		0	0	W2D-54-0D-05	( SOLAR TURBINE - 1056244-3 - Active),	3272.152856277258393	Active		2427	USD	03-JUN-04		MT00.TURE.0000,MESC,	GTIN-SOLAR-CENTAUR40,						
Each		KOL	20-70-10-245-A	DETECTOR,GAS,INFRA RED PF:SOLAR TURBO GEN.MODEL:GS-40 DUAL FUEL 	2	1	2	0	0	0	0		0	0	W2D-54-0C-01	( SOLAR TURBINE - 1078325-1 - Active),( SOLAR TURBINE - 1058245 - In-Active),	2667.095482853749121	Active		2293	USD	10-MAY-04		MT00.TURE.0000,MESC,	GTIN-SOLAR-CENTAUR40,						
Each		KOL	20-70-10-247-A	REGULATOR ,VOLTAGE 24 VDC, 	3	1	2	0	0	0	0		0	0	W2D-54-0C-02	( Donaldson - 8PP-AG62394-01 - Active),( Donaldson - P13-5247 - In-Active),( PULS POWER - CD5-241 - Active),	646.34198	Active		506	EUR	07-APR-08		MT00.TURE.0000,MESC,	GTIN-SOLAR-TAURUS60,GTIN-SOLAR-CENTAUR40,						
Each		KOL	20-70-10-248-A	SEAL THREAD, 3/8IDX .060 TH P/F: OIL PLANT TURBINES A,B & C 	10	3	6	0	0	0	0		0	0	W2D-54-0C-02	( SOLAR TURBINE - 952248C1 - Active),	2.28	Active		2	USD	25-OCT-09		MT00.TURE.0000,MESC,	GTIN-SOLAR-TAURUS60,GTIN-SOLAR-CENTAUR40,GTIN-SOLAR-TAURUS60,	QPC Merge Items	SEAL, THREAD,3/8IDX3/4ODX.060TH P/N:- 952248C1				
Each		KOL	20-70-10-251-A	HOSE,METALFLEX PF:SOLAR TURBO GEN.MODEL:GS-40 DUAL FUEL 	3	1	2	0	0	0	0		0	0	W1H-08-0B-06	( SOLAR TURBINE - 1025100 - Active),	699.3093628885959	Active		718	USD	13-MAY-04		MT00.TURE.0000,MESC,	GTIN-SOLAR-TAURUS60,GTIN-SOLAR-CENTAUR40,						
Each		KOL	20-70-10-252-A	PACKING, KLINGER 12 P/F: SOLAR TAURUS 70 TURBINES AND C404 COMPRESSORS 	0	0	0	0	0	0	0		0	0	W1A-11-0B-04	( SOLAR TURBINE - 172525-2 - Active),	2.49	Active		2	USD	31-AUG-09		MT00.TURE.0000,MESC,	GTIN-SOLAR-TAURUS60,GTIN-SOLAR-CENTAUR40,	QPC Merge Items	OIL DRAIN PACKING P/N :- 172525-2				
Each		KOL	20-70-10-257-A	DETECTOR, GAS, IR, LON OUTPUT, SIL 10W MAX CLEET RATE:10-32 VDC P/N:1078325-27 P/F: OIL PLANT TURBINES A,B & C & MODEL: TURBINE MODEL MARS 100          2 YEARS SPARE PARTS FOR QASR COMPRESSION STATION 	0	0	0	0	0	0	0		0	0	W1A-11-0B-56	( SOLAR TURBINE - 1078325-27 - Active),( SOLAR TURBINE - 1078325-7 - In-Active),( DET-TRONICS - PIRECLA4A1T1 - In-Active),	3568.009399836408385	Active		2420	USD	26-OCT-09	*	MT00.TURE.0000,MESC,	GTIN-SOLAR-TAURUS60,GTIN-SOLAR-CENTAUR40,	QPC Merge Items	DETECTOR,GAS,LON OUTPUT,SIL P/N 1078325-7  NEW P/N:-1078325-27				
Each		KOL	20-70-10-261-A	THERMOCOUPLE ASSY P/F: PM & CM OF THREE "TAURUS 60 MPU" GAS TURBINES	3	1	3	0	0	0	0		0	0	Y1S-01-0C-03	( SOLAR TURBINE - 1061972-101 - Active),( SOLAR TURBINE - 1029426-100 - NULL),	2220.898692767815110000000000000000000001	Active		2063	USD	20-MAY-08		MT00.TURE.0000,MESC,	GTIN-SOLAR-TAURUS60,GTIN-SOLAR-CENTAUR40,GTIN-SOLAR-TAURUS60,	QPC Merge Items	SENSOR,T5 TC,C50/T60 P/N 1061972-101				
Each		KOL	20-70-10-266-A	FILTER,ELEMENT PF:SOLAR TURBINE CENTUAR MODEL GS-40 DUAL FILTER 	0	4	8	8	0	5	6		6	4	W1H-08-0B-04	( SOLAR TURBINE - 1689125-1 - Active),( SOLAR TURBINE - 1026614-11 - In-Active),	313.961083960081183333333333333333333333	Active		224	USD	16-MAY-04	*	MT00.TURE.0000,MESC,	GTIN-SOLAR-CENTAUR40,GTIN-SOLAR-TAURUS60,						
Each		KOL	20-70-10-270-A	VALVE,BALL,3/4" NPT 1000 PSI WOG(1000) <P/F SOLAR CENTAUR TURBO GENERATOR        <MODE:GS-40 DUAL FUEL & MODEL: TURBINE MODEL MARS 100          2 YEARS SPARE PARTS FOR QASR COMPRESSION STATION 	0			0	0	0	0		0	0		( SOLAR TURBINE - 1027105-10 - Active),	0	Inactive		86	USD	13-MAY-04		MISC.MISC.MISC,MESC,	GTIN-SOLAR-CENTAUR40,	QPC Merge Items	VALVE, BALL, 3/4", P/N 1027105-10				
Each		KOL	20-70-10-275-A	HOSE,CHEMICAL TRANSFER,3/4"X15" 100PSI <P/F SOLAR CENTAUR TURBO GENERATOR <MODE:GS-40 DUAL FUEL & MODEL: TURBINE MODEL MARS 100          2 YEARS SPARE PARTS FOR QASR COMPRESSION STATION 	0			0	0	0	0		0	0		( SOLAR TURBINE - 1027105-25 - Active),	0	Inactive		241	USD	15-MAY-04		MISC.MISC.MISC,MESC,	GTIN-SOLAR-CENTAUR40,	QPC Merge Items	HOSE,CHEMICAL TRANS,3/4"X15 P/N 1027105-25				
Each		KOL	20-70-10-278-A	COUPLING,QUICK DISC,1/2" MALE <P/F SOLAR CENTAUR TURBO GENERATOR <MODE:GS-40 DUAL FUEL & MODEL: TURBINE MODEL MARS 100          2 YEARS SPARE PARTS FOR QASR COMPRESSION STATION 	0			0	0	0	0		0	0		( SOLAR TURBINE - 1027105-20 - Active),	0	Inactive			USD	15-MAY-04		MISC.MISC.MISC,MESC,	GTIN-SOLAR-CENTAUR40,						
Each		KOL	20-70-10-280-A	DRIVE VARIABLE SPED LIQUID FUEL PUMP <P/F: PM & CM OF THREE "TAURUS 60 MPU" GAS TURBINES	0	0	1	1	0	0	0		0	1	W1H-08-0B-04	( SOLAR TURBINE - 1052528-4 - Active),( SOLAR TURBINE - 1052528-1 - In-Active),	3312.43	Active		1	USD	20-MAY-08	*	MT00.TURE.0000,MESC,	GTIN-SOLAR-CENTAUR40,GTIN-SOLAR-TAURUS60,						
Each		KOL	20-70-10-281-A	VALVE,DRAIN PF:SOLAR TURBO GEN. MODEL:GS-40 DUAL FUEL 	4	2	4	0	0	0	0		0	0	W2D-54-0C-02	( SOLAR TURBINE - 102081-100 - Active),	403.753898076184825	Active		413	USD	10-MAY-04		MT00.TURE.0000,MESC,	GTIN-SOLAR-CENTAUR40,GTIN-SOLAR-TAURUS60,						
Each		KOL	20-70-10-283-A	SWITCH,PRESSURE DIFFERENTIAL PF:SOLAR TURBO GEN.MODEL:GS-40 DUAL FUEL 	0	0	0	0	0	0	0		0	0	W1A-11-0B-08	( SOLAR TURBINE - 1053928-3 - Active),	460.4953151440058	Active		447	USD	11-MAY-04		MT00.TURE.0000,MESC,	GTIN-SOLAR-TAURUS60,GTIN-SOLAR-CENTAUR40,						
Each		KOL	20-70-10-284-A	ELEMENT FILTER PF: QASR TAURUS 60 TURBINES SPARES 	2	4	8	4	0	8	5		4	4	W1H-08-0B-03	( SOLAR TURBINE - 2357997-4 - Active),( SOLAR TURBINE - 1064728-4 - Active),	218.966263320752874585034013605442176871	Active		216	USD	31-AUG-09		MT00.TURE.0000,MESC,	GTIN-SOLAR-TAURUS60,GTIN-SOLAR-TAURUS60,GTIN-SOLAR-CENTAUR40,	QPC Merge Items	ELEMENT FLTR P/N:- 1064728-4				
Each		KOL	20-70-10-291-A	DRIVE,VARIABLE SPEED PF:SOLAR TURBO GEN.MODEL:GS-40 DUAL FUEL 	0	0	0	0	0	0	0		0	0	Y1H-00-00-000	( SOLAR TURBINE - 1052291-8 - Active),	28771.33282	Active		27380	USD	11-MAY-04		MT00.TURE.0000,MESC,	GTIN-SOLAR-CENTAUR40,						
Each		KOL	20-70-10-292-A	SWITCH,DIFFERENTIAL PRESSURE  MAX PRESS. 45 IN WC,SURGE PRESS 10 PSI  	2	1	2	0	0	0	0		0	0	W2D-54-0C-03	( Donaldson - 8PP-53292-00 - Active),( Dwyer Instruments - 1910-10 - Active),	105.009928083331333333333333333333333333	Active		82	EUR	07-APR-08		MT00.TURE.0000,MESC,	GTIN-SOLAR-CENTAUR40,GTIN-SOLAR-TAURUS60,						
Each		KOL	20-70-10-296-A	SWITCH,PRESSURE DIFFERENTIAL PF:SOLAR TURBO GEN.MODEL:GS-40 DUAL FUEL 	1	1	2	1	0	1	0		0	0	W2D-54-0C-03	( SOLAR TURBINE - 1053929-6 - Active),	627.73720129966682347	Active		613	USD	11-MAY-04		MT00.TURE.0000,MESC,	GTIN-SOLAR-TAURUS60,IPPS-SOLAR-GS40DUALFUEL,GTIN-SOLAR-CENTAUR40,						
Each		KOL	20-70-10-298-A	SWITCH DIFFERENTIAL PRESSURE <P/F: PM & CM OF THREE "TAURUS 60 MPU" GAS TURBINES	2	0	2	0	0	0	0		0	0	W2D-54-0C-04	( SOLAR TURBINE - 1053929-8 - Active),	587.4139630381721055	Active		563	USD	20-MAY-08		MT00.TURE.0000,MESC,	GTIN-SOLAR-CENTAUR40,GTIN-SOLAR-TAURUS60,	QPC Merge Items	SWITCH, DIFFERENTIALPRESSURE OLD P/N.: 190497-8 NEW P/N. 1053929				
Each		KOL	20-70-10-300-A	PUMP\MOTOR ASSY. PF:SOLAR TURBINE CENTUAR MODEL GS-40 	1			0	0	0	0		0	0	Y1H-03-0G-02	( SOLAR TURBINE - 1048481-300 - Active),	19945.00752	Active		20311	USD	11-MAY-04		MT00.TURE.0000,MESC,	GTIN-SOLAR-CENTAUR40,						
Each		KOL	20-70-10-301-A	COMPUTER SYSTEM,PANEL MOUNT P/N: 1061301-3301 TURBINE PACKAGE MODEL: TAURUS 60 S/N: TG05526, TG05527, TG05852 P/F: INSURANCE SPARES MFG: SOLAR TURBINES INC	0	0	0	0	0	0	0		0	0		( SOLAR TURBINE - 1061301-3301 - NULL),	0	Inactive			USD	15-FEB-09		MISC.MISC.MISC,	GTIN-SOLAR-CENTAUR40,						
Each		KOL	20-70-10-302-A	VALVE,BALL,3 WAY DIVERTER PF:SOLAR TURBO GEN.MODEL:GS-40 DUAL FUEL 	2	0	1	0	0	0	0		0	0	W2D-54-0C-04	( SOLAR TURBINE - 1012230-2 - Active),	151.34395	Active		151	USD	10-MAY-04		MT00.TURE.0000,MESC,	GTIN-SOLAR-TAURUS60,GTIN-SOLAR-CENTAUR40,GTIN-SOLAR-TAURUS60,	QPC Merge Items	VALVE, BALL 3-WAY DIVERTER P/N 1012230-2				
Each		KOL	20-70-10-310-A	MODULE 4 OUTPUT ANALOG 	1	0	0	0	0	0	0		0	0	W2D-54-0C-04	( SOLAR TURBINE - 1014213-10 - Active),	1615.59	Active		1616	USD	18-JUN-03		MT00.TURE.0000,MESC,	GTIN-SOLAR-CENTAUR40,	QPC Merge Items	MODULE 4-20 MA ANALOG 4 OUTPUT P/N:- 1014213-10	Finished good			
Each		KOL	20-70-10-311-A	BASE,TERMINAL,SPRING,3 WIRE,-20-+70C PF: SOLAR CENTAUR TURBO GENERATOR MODE:GS-40 DUAL FUEL &MODEL: TURBINE MODEL MARS 100          2 YEARS SPARE PARTS FOR QASR COMPRESSION STATION 	1	0	1	0	0	0	1		0	0	W2D-54-0C-05	( SOLAR TURBINE - 1051931-17 - NULL),( SOLAR TURBINE - 1051931-67 - Active),( ALLEN-BRADLEY - 1794-TB3SQ28 - Active),	190.73064516129	Active		210	USD	13-MAY-04		MT00.TURE.0000,MESC,	GTIN-SOLAR-TAURUS60,GTIN-SOLAR-CENTAUR40,	QPC Merge Items	BASE,TERM,SPRING,3 WIRE,ROHS				
Each		KOL	20-70-10-313-A	MODULE,FLEX, INPUT, FAST, TC/RTD, 8,  P/F: SOLAR TURBO GENERATORS ,	0	2	4	0	0	3	2		3	0	W2D-54-0C-05	( ALLEN-BRADLEY - 1794-IRT8XT - Active),( SOLAR TURBINE - 1089240-28 - In-Active),( SOLAR TURBINE - 1014214-22 - In-Active),( SOLAR TURBINE - 1089240-41 - Active),( SOLAR TURBINE - 1051931-33 - In-Active),( SOLAR TURBINE - 1089240-31 - In-Active),	1120.296540698446953444444444444444444445	Active		1087	USD	17-JUL-14	*	MT00.TURE.0000,MESC,	GTIN-SOLAR-TAURUS60,GTIN-SOLAR-CENTAUR40,GTIN-SOLAR-CENTAUR50,	QPC Merge Items	MODULE, INPUT FAST RTD/TC, 8XT, P/N.1089240-28				
Each		KOL	20-70-10-313-B	MODULE,FLEX, INPUT, FAST, TC/RTD, 8,  P/F: SOLAR TURBO GENERATORS ,	4			0	0	-4	0		0	0	W2D-54-0C-05	( ALLEN-BRADLEY - 1794-IRT8XT - Active),( SOLAR TURBINE - 1089240-41 - Active),	850.2202121537377	Active		1	USD	14-JAN-26	*	MT00.TURE.0000,MESC,							
Each		KOL	20-70-10-314-A	Inactive MODULE,INPUT ANALOG,8,N-IS PF:SOLAR TURBINE GENERATOR MODEL:GS-40 DUAL FUEL 	0	0	0	0	0	0	0	20-70-90-416-A  - Merge  ,	0	0	W1A-11-0C-02	( SOLAR TURBINE - 1089240-7 - Active),( SOLAR TURBINE - 1051931-4 - In-Active),	1095.276229979701406666666666666666666667	Active		1195	USD	10-MAY-04	*	MT00.TURE.0000,MESC,	GTIN-SOLAR-CENTAUR40,	QPC Merge Items	MDL,INPUT,ANLG,8,N-IS P/N 1051931-4				
Each		KOL	20-70-10-315-A	MODULE,INPUT,DISCRETE,16 PF:SOLAR TURBO GEN.MODEL:GS-40DUAL FUEL 	1	0	0	0	0	0	0		0	0	W2D-54-0C-05	( SOLAR TURBINE - 1051931-5 - NULL),( SOLAR TURBINE - 1051931-55 - Active),	216.51654	Active		170	USD	10-MAY-04		MT00.TURE.0000,MESC,	GTIN-SOLAR-CENTAUR40,						
Each		KOL	20-70-10-316-A	MODULE 16 INPUT ANALOG 	2	0	0	0	0	0	0		0	0	W2D-54-0B-01	( SOLAR TURBINE - 1014213-16  - NULL),( SOLAR TURBINE - 1014213-31 - Active),	1621.045	Active		1660	USD	18-JUN-03		MT00.TURE.0000,MESC,	GTIN-SOLAR-CENTAUR40,			Finished good			
Each		KOL	20-70-10-317-A	MODULE SPEED INPUT 	1	0	0	0	0	0	0		0	0	W2D-54-0B-01	( SOLAR TURBINE - 1014213-17 - Active),	1974.03	Active		1974	USD	18-JUN-03		MT00.TURE.0000,MESC,	GTIN-SOLAR-CENTAUR40,			Finished good			
Each		KOL	20-70-10-318-A	MODULE,I/O,FAST ANALOG,2/2,ISOL,2IN FLEXBUS:5VDC 55MA PF:SOLAR TURBO GEN.MODEL:GS-40 DUAL FULE & MODEL: TURBINE MODEL MARS 100          2 YEARS SPARE PARTS FOR QASR COMPRESSION STATION 	1	0	1	0	0	0	0		0	0	W2D-54-0B-01	( SOLAR TURBINE - 1089240-10 - Active),( SOLAR TURBINE - 1051931-8 - NULL),( ALLEN-BRADLEY - 1794-IF2XOF2IXT - Active),	1023.0544957388007123	Active		1038	USD	10-MAY-04		MT00.TURE.0000,MESC,	GTIN-SOLAR-TAURUS60,GTIN-SOLAR-CENTAUR40,	QPC Merge Items	MOUDULE, ANALOG INPUT/OUTPUT, 2/2 XT, P/N.1089240-10				
Each		KOL	20-70-10-320-A	BASE,TERMINAL,SPRING,3 WIRE PF:SOLAR TURBO GEN.MODEL:GS-40 DUAL FUEL SEE MEC 20-70-10-212-A	0	0	0	0	0	0	0		0	0	W1A-11-0C-04	( SOLAR TURBINE - 1051931-21 - NULL),	139.57442977550719	Active		169	USD	16-MAY-04		MT00.TURE.0000,MESC,	GTIN-SOLAR-CENTAUR40,GTIN-SOLAR-TAURUS60,						
Each		KOL	20-70-10-322-A	DETECTOR, FLAME,MULTI SPECTRUM ELEET RATING:18-30VDC MOD:X3301A  P/F: SOLAR TAURUS 70 TURBINES AND C404 COMPRESSORS & MODEL: TURBINE MODEL MARS 100          2 YEARS SPARE PARTS FOR QASR COMPRESSION STATION 	1	0	1	0	0	1	1		-1	0	W2D-54-0B-02	( SOLAR TURBINE - 1078695-45 - Active),( SOLAR TURBINE - 1078695-5 - In-Active),( DET-TRONICS - 007197-064 - In-Active),	4044.64103968261189	Active		3664	USD	31-AUG-09	*	MT00.TURE.0000,MESC,	GTIN-SOLAR-CENTAUR40,						
Each		KOL	20-70-10-324-A	AC LUBE OIL MOTOR FOR TURBINE 5 	1	0	1	0	0	0	0		0	0	W1H-09-0A-01	( SOLAR TURBINE - 1048481-13 - Active),	3807.34915	Active		3585	USD	07-NOV-10		MT00.TURE.0000,MESC,	GTIN-SOLAR-CENTAUR40,						
Each		KOL	20-70-10-325-A	Inactive DETECTOR, GAS,IR,LON OUTPUT P/F: SOLAR TAURUS 70 TURBINES AND C404 COMPRESSORS 	0	0	0	0	0	0	0	20-70-10-245-A  - Merge  ,	0	0	W1A-11-0C-05	( SOLAR TURBINE - 1078325-1 - Active),	2405.7612	Active		2298	USD	31-AUG-09	*	MT00.TURE.0000,MESC,	GTIN-SOLAR-CENTAUR40,						
Each		KOL	20-70-10-326-A	VALVE NEEDLE, INSTRUMENTATION <P/F: PM & CM OF THREE "TAURUS 60 MPU" GAS TURBINES	1	0	2	0	0	0	0		0	0	W2D-54-0B-02	( SOLAR TURBINE - 1052326 - Active),	105.07	Active		124	USD	20-MAY-08		MT00.TURE.0000,MESC,	GTIN-SOLAR-TAURUS60,GTIN-SOLAR-CENTAUR40,GTIN-SOLAR-TAURUS60,	QPC Merge Items	VALVE,HAND,NEEDLE,0.25 IN  Part No.: 1052326  				
Each		KOL	20-70-10-328-A	MODULE,INPUT,FAST SPEED,TC/RTD,8 <P/F SOLAR CENTAUR TURBO GENERATOR <MODE:GS-40 DUAL FUEL SEE MESC# 20-70-10-313-A	0	0	0	0	0	0	0		0	0	W1A-11-0C-06	( SOLAR TURBINE - 1051931-28 - Active),	1046.77719	Active		993	USD	13-MAY-04	*	MT00.TURE.0000,MESC,	GTIN-SOLAR-CENTAUR40,						
Each		KOL	20-70-10-330-A	PUMP AC FOR TURBINE 5 	1	0	1	0	0	0	0		0	0	W1H-08-0B-01	( SOLAR TURBINE - 104848-2 - Active),	4412.18733	Active		4357	USD	07-NOV-10		MT00.TURE.0000,MESC,	GTIN-SOLAR-CENTAUR40,						
Each		KOL	20-70-10-332-A	DC MOTOR, LUBE OIL, TURBINE 5 	1	0	1	0	0	0	0		0	0	W1H-09-0A-02	( SOLAR TURBINE - 104848-21 - Active),	11914.01376	Active		11703	USD	07-NOV-10		MT00.TURE.0000,MESC,	GTIN-SOLAR-CENTAUR40,						
Each		KOL	20-70-10-334-A	SENSOR,MAGNETIC,DIGITAL PF:SOLAR CENTAUR TURBINE GENERATOR MODEL GS-40 DOAL FUEL  NEW P/N : 1125181-1	4	2	4	0	0	0	1		0	0	W2D-54-0B-03	( SOLAR TURBINE - 1125181-1 - Active),( SOLAR TURBINE - 1060334-1 - In-Active),	654.756541050867702743209876543209876543	Active		790	USD	10-MAY-04	*	MT00.TURE.0000,MESC,	GTIN-SOLAR-TAURUS60,GTIN-SOLAR-CENTAUR40,	QPC Merge Items	SENSOR,SP,MAGNETIC, DIGITAL, P/N 1060334-1				
Each		KOL	20-70-10-336-A	DC MOTOR, LUBE OIL, TURBINE 5 P/N: 1048481-4 MFG: SOLAR TURBINES	1	0	1	0	0	0	0		0	0	W1H-09-0A-02	( SOLAR TURBINE - 1048481-4 - NULL),	4412.18733	Active		4357	USD	07-NOV-10		MT00.TURE.0000,MESC,	GTIN-SOLAR-CENTAUR40,						
Each		KOL	20-70-10-338-A	VALVE, RELIEF 	1	0	1	0	0	0	0		0	0	W2D-54-0B-03	( SOLAR TURBINE - 1048481-5 - Active),	1651.57395	Active		1644	USD	07-NOV-10		MT00.TURE.0000,MESC,	GTIN-SOLAR-CENTAUR40,						
Each		KOL	20-70-10-340-A	HOSE, M.F. 1.50" DIA X 31.00" P/F: OIL PLANT TURBINES A,B & C & MODEL: TURBINE MODEL MARS 100         2 YEARS SPARE PARTS FOR QASR COMPRESSION STATION 	2	0	1	0	0	0	0		0	0	W2D-54-0B-04	( SOLAR TURBINE - 1080340 - Active),	480.271735	Active		459	USD	26-OCT-09		MT00.TURE.0000,MESC,	GTIN-SOLAR-CENTAUR40,						
Each		KOL	20-70-10-343-A	BACK UP OVER SPEED MODULE (BUOS) PF:SOLAR TURBO GEN.MODEL:GS-40 DUAL FUEL 	0	1	2	0	0	0	1		0	0	W2D-54-0B-05	( SOLAR TURBINE - 1053834-3 - Active),	1761.4164240709886035	Active		1663	USD	10-MAY-04		MT00.TURE.0000,MESC,	GTIN-SOLAR-CENTAUR40,	QPC Merge Items	BUOS P/N 1053834-3				
Each		KOL	20-70-10-343-B	BACK UP OVER SPEED MODULE (BUOS) PF:SOLAR TURBO GEN.MODEL:GS-40 DUAL FUEL 	2			0	0	0	0		0	-1	W2D-54-0B-05	( SOLAR TURBINE - 1053834-3 - Active),	1293.7243477104407	Active		1533	USD	25-OCT-20	*	MT00.TURE.0000,MESC,							
Each		KOL	20-70-10-346-A	BACK UP OVERSPEED MODULE T60 <P/F: PM & CM OF THREE "TAURUS 60 MPU" GAS TURBINES	2	1	2	0	0	0	0		0	0	W2D-54-0B-05	( SOLAR TURBINE - 1053834-6 - Active),	1814.354916899346855	Active		1670	USD	20-MAY-08		MT00.TURE.0000,MESC,	GTIN-SOLAR-TAURUS60,GTIN-SOLAR-CENTAUR40,GTIN-SOLAR-TAURUS60,	QPC Merge Items	MONITOR,CONTROL,BU OVERSPEED  Part No.: 1053834-6  				
Each		KOL	20-70-10-350-A	COUPLING FOR AC PUMP 	1	0	1	0	0	0	0		0	0	W2D-54-0A-01	( SOLAR TURBINE - 1048481-7 - Active),	152.64978	Active		152	USD	07-NOV-10		MT00.TURE.0000,MESC,	GTIN-SOLAR-CENTAUR40,						
Each		KOL	20-70-10-352-A	COMPUTER HMI SB 5 TURBINES 	0	0	0	0	0	0	0		0	0	W1H-08-0D-02	( SOLAR TURBINE -  1119277-301 - NULL),( SOLAR TURBINE - 1061301-107 - NULL),( SOLAR TURBINE - 1084352-101 - Active),	8703.36	Active		8703	USD	07-NOV-10		MT00.TURE.0000,MESC,	GTIN-SOLAR-CENTAUR40,	QPC Merge Items	COMPUTER SYS TT4000 SGL UNIT P/N(OLD)1061301-105 P/N 1084352-101				
Each		KOL	20-70-10-353-A	SWITCH, PRESSURE, 12 PSI, DPDT RANGE:3 TO 30PSIG  PF:SOLAR TURBO GEN.MODEL:GS-40 DUAL FUEL& MODEL: TURBINE MODEL MARS 100 FOR QASR COMPRESSION STATION MFG:ITT MOD:132P48CC6BGHN	1	0	1	0	0	0	0		0	1	W2D-54-0A-01	( SOLAR TURBINE - 1114470-21 - Active),( ITT NEO DYN - 132P4S553-21 - In-Active),( SOLAR TURBINE - 1053923-153 - In-Active),( SOLAR TURBINE - 1053923-53 - In-Active),	554.14	Active		477	USD	11-MAY-04	*	MT00.TURE.0000,MESC,	GTIN-SOLAR-TAURUS60,GTIN-SOLAR-TAURUS60,IPPS-SOLAR-GS40DUALFUEL,IPPS-ITT-132P,GTIN-SOLAR-CENTAUR40,	QPC Merge Items	SWITCH, PRESSURE  P/N:-  190298-53   has been replaced by P/N:- 1053923-153				
Each		KOL	20-70-10-354-A	TEMPERATURE CONTROL 	1	0	1	0	0	0	1		1	1	W2D-54-0A-01	( SOLAR TURBINE - 1783171-3 - Active),( SOLAR TURBINE - 1061918-6 - In-Active),	501.4558324866787283	Active		402	USD	07-NOV-10	*	MT00.TURE.0000,MESC,	GTIN-SOLAR-TAURUS60,GTIN-SOLAR-CENTAUR40,	QPC Merge Items	VALVE,CONTROL,OIL Part Number: 1061918-6				
Each		KOL	20-70-10-356-A	PRESSURE CONTROL 	1	0	1	0	0	0	0		0	0	W2D-54-0A-01	( SOLAR TURBINE - 1859015-1 - Active),( SOLAR TURBINE - 1061918-8 - In-Active),	691.19742865840380556	Active		468	USD	07-NOV-10	*	MT00.TURE.0000,MESC,	GTIN-SOLAR-CENTAUR40,GTIN-SOLAR-TAURUS60,	QPC Merge Items	VALVE CONTROL,OIL Part Number: 1061918-8				
Each		KOL	20-70-10-358-A	COUPLING FOR DC PUMP 	1	0	1	0	0	0	0		0	0	W2D-54-0A-02	( SOLAR TURBINE - 1048481-9 - Active),	152.64978	Active		152	USD	07-NOV-10		MT00.TURE.0000,MESC,	GTIN-SOLAR-CENTAUR40,						
Each		KOL	20-70-10-362-A	HARNESS ASSY,T5,SINGLE TIP <P/F SOLAR CENTAUR TURBO GENERATOR <MODE:GS-40 DUAL FUEL 	1	0	1	0	0	0	0		0	0	W1H-09-0A-06	( SOLAR TURBINE - 1023536-200 - NULL),( SOLAR TURBINE - 1066431-300 - Active),	2385.815720000000000000000000000000000002	Active		2371	USD	10-MAY-04		MT00.TURE.0000,MESC,	GTIN-SOLAR-CENTAUR40,						
Each		KOL	20-70-10-364-A	VALVE, CHECK 	1	0	1	0	0	0	0		0	0	W2D-54-0A-02	( SOLAR TURBINE - 1014122-1 - NULL),( SOLAR TURBINE - 1059701-9 - NULL),	1999.81076	Active		1898	USD	07-NOV-10		MT00.TURE.0000,MESC,	GTIN-SOLAR-CENTAUR40,						
Each		KOL	20-70-10-366-A	COMPUTER HMI FOR QASR MPU 	0	0	0	0	0	0	0		0	0	W1K-09-0D-02	( SOLAR TURBINE - 1119277-805 - Active),( SOLAR TURBINE - 1061301-3105 - NULL),( SOLAR TURBINE - 1084352-2401 - In-Active),	8198.40968	Active		8095	USD	07-NOV-10	*	MT00.TURE.0000,MESC,	GTIN-SOLAR-CENTAUR40,						
Each		KOL	20-70-10-370-A	VARIABLE FREQUENCY DRIVE PF: QASR TAURUS 60 TURBINES SPARES 	1	0	1	0	0	0	0		0	0	Y1H-03-0D-02	( SOLAR TURBINE - 1069178-3700 - NULL),( SOLAR TURBINE - 1069178-3702 - Active),	15355.36279	Active		14025	USD	27-AUG-09		MT00.TURE.0000,MESC,	GTIN-SOLAR-CENTAUR40,GTIN-SOLAR-TAURUS60,	QPC Merge Items	VFD P/N 1069178-3702				
Each		KOL	20-70-10-386-A	VALVE, PRESSURE CONTROL  FOR C40 TURBINES  P/N: 913739C1 NEW P/N: 913739C2 MFG:SOLAR TURBINES	0	0	0	0	0	0	0		0	0		( SOLAR TURBINE - 913739C1 - NULL),	0	Inactive			USD	25-AUG-15	*	MT00.TURE.0000,MESC,							
Each		KOL	20-70-10-388-A	VALVE , TEMPERATURE CONTROL FOR T60 TURBINES  P/N:1061918-4 MFG:SOLAR TURBINES	0	0	0	0	0	0	0		0	0		( SOLAR TURBINE - 1061918-4 - NULL),	0	Inactive			USD	25-AUG-15	*	MT00.TURE.0000,MESC,							
Each		KOL	20-70-10-390-A	VALVE RELIEF FOR T60 TURBINES P/N:1061918-9 MFG:SOLAR TURBINES	0	0	0	0	0	0	0		0	0		( SOLAR TURBINE - 1061918-9 - NULL),	0	Inactive		40	USD	25-AUG-15	*	MT00.TURE.0000,MESC,		QPC Merge Items	VALVE RELIEF Part Number: 1061918-9				
Each		KOL	20-70-10-392-A	SWITCH,PRESSURE PF:SOLAR TURBINE CENTUAR MODEL GS-40 	2	1	2	0	0	0	0		0	0	W2D-54-0A-02	( SOLAR TURBINE - 1114470-9 - Active),( SOLAR TURBINE - 1053923-114 - Active),	465.9	Active		368	USD	06-JUN-04		MT00.TURE.0000,MESC,	GTIN-SOLAR-CENTAUR40,GTIN-SOLAR-TAURUS60,	QPC Merge Items	SWITCH, PRESSURE SWITCH P/N :- 190298-14 NEW P/N:- 1053923-114				
Each		KOL	20-70-10-394-A	MOTOR , 3PHASE ,50HZ ,0.8PF ,1HP,1425RPM, FRAME 154T ,190-380VAC, CONT.DUTY . CLASS.F ,  TEMP.CODET3 . P/F :C40  SOLAR TURBINES MFG :SIEMENS OR BALDOR OR TOSHIBA	0	0	0	0	0	0	0		0	0			0	Inactive			USD	25-AUG-15	*	MT00.TURE.0000,MESC,							
Each		KOL	20-70-10-396-A	SWITCH,3 POSITION,MTAIN,CENTRE.NO/NC PF:SOLAR TURBO GEN.MODEL:GS-40 DUAL FUEL 	4	1	3	0	0	0	0		0	0	W2D-54-0A-03	( SOLAR TURBINE - 1032396 - Active),	162.32991466110166375	Active		182	USD	10-MAY-04		MT00.TURE.0000,MESC,	GTIN-SOLAR-CENTAUR40,						
Each		KOL	20-70-10-400-A	<P/F SOLAR CENTAUR TURBO GENERATOR <MODE:GS-40 DUAL FUEL <MFG:SOLAR	0			0	0	0	0		0	0			0	Inactive			USD	11-MAY-04		MISC.MISC.MISC,	GTIN-SOLAR-CENTAUR40,						
Each		KOL	20-70-10-401-A	TIMER MALFUNCTION <P/F: PM & CM OF THREE "TAURUS 60 MPU" GAS TURBINES	4	2	4	0	0	0	0		1	0	W2D-54-0A-03	( SOLAR TURBINE - 1063140-1 - Active),	77.48125	Active		72	USD	20-MAY-08		MT00.TURE.0000,MESC,	GTIN-SOLAR-CENTAUR40,GTIN-SOLAR-TAURUS60,GTIN-SOLAR-TAURUS60,	QPC Merge Items	TIMER, MULTIFUNCTION, P/N. 1063140-1				
Each		KOL	20-70-10-402-A	COMPUTER SYSTEM ,DISPLAY <P/N:1052537-402 <P/F SOLAR CENTAUR TURBO GENERATOR <MODE:GS-40 DUAL FUEL <MFG:SOLAR	0	0	0	0	0	0	0		0	0		( SOLAR TURBINE - 1052537-402 - NULL),	0	Inactive			USD	07-JUN-04		MISC.MISC.MISC,	GTIN-SOLAR-CENTAUR40,						
Each		KOL	20-70-10-403-A	WATCHDOG TIMER <P/F: PM & CM OF THREE "TAURUS 60 MPU" GAS TURBINES	2	1	2	0	0	0	0		1	0	W2D-54-0A-03	( SOLAR TURBINE - 1063140-3 - Active),	93.8305	Active		93	USD	20-MAY-08		MT00.TURE.0000,MESC,	GTIN-SOLAR-TAURUS60,GTIN-SOLAR-CENTAUR40,GTIN-SOLAR-TAURUS60,	QPC Merge Items	TIMER,WATCHDOG,ATEX, P/N 1063140-3				
Each		KOL	20-70-10-404-A	REGULATOR PRESSURE <P/F: PM & CM OF THREE "TAURUS 60 MPU" GAS TURBINES	2	1	2	0	0	0	0		0	0	W2D-54-0A-04	( SOLAR TURBINE - 1064405-1 - Active),	1335.719913333333333333333333333333333333	Active		1669	USD	20-MAY-08		MT00.TURE.0000,MESC,	GTIN-SOLAR-TAURUS60,GTIN-SOLAR-TAURUS60,GTIN-SOLAR-CENTAUR40,	QPC Merge Items	REG,PRESS P/N 1064405-1				
Each		KOL	20-70-10-405-A	COMPUTER SYSTEM DISPLAY <P/N:1052537-405 <P/F SOLAR CENTAUR TURBO GENERATOR <MODE:GS-40 DUAL FUEL <MFG:SOLAR	0	0	0	0	0	0	0		0	0		( SOLAR TURBINE - 1052537-405 - NULL),	0	Inactive			USD	11-MAY-04		MISC.MISC.MISC,	GTIN-SOLAR-CENTAUR40,						
Each		KOL	20-70-10-414-A	MOTOR, AC, NEMA <P/F: PM & CM OF THREE "TAURUS 60 MPU" GAS TURBINES	1	0	1	0	0	0	0		0	0	Y1H-03-0H-02	( SOLAR TURBINE - 1040844-14 - Active),	1101.59	Active		1	USD	20-MAY-08		MT00.TURE.0000,MESC,	GTIN-SOLAR-TAURUS60,GTIN-SOLAR-CENTAUR40,						
Each		KOL	20-70-10-415-A	MODULE FAST ANALOG FLEXBUS:5 VDC,50 MA. SUPPLY:24 VDC,150 MA. P.F GAS TURBINE GENERATOR CONTROL CONSOLE. 	0	0	0	0	0	0	0		0	0		( SOLAR TURBINE - 1089240-32 - Active),( ALLEN-BRADLEY - 1794-1F2X0F21 - In-Active),( SOLAR TURBINE - 1014214-15 - In-Active),( SOLAR TURBINE - 1014214-26 - In-Active),	0	Inactive		801	USD	19-NOV-03		MISC.MISC.MISC,MESC,	GTIN-SOLAR-CENTAUR40,			Finished good			
Each		KOL	20-70-10-416-A	STARTER MOTOR PF: QASR TAURUS 60 TURBINES SPARES  	1	0	1	0	0	0	0		0	0	Y1H-03-0E-01	( SOLAR TURBINE - 1040844-16 - Active),	1693.03	Active		1693	USD	27-AUG-09		MT00.TURE.0000,MESC,	GTIN-SOLAR-CENTAUR40,						
Each		KOL	20-70-10-417-A	MODULE FAST SPEED,FLEX COUNTER 2IN FLEXBUS: 5VDC,30MA.,SUPPLY :24VDC,220MA. INPUT:24VDC,10MA.,OUTPUT:24VDC,1A,24VA. ALLEN BRADLEY P/N 1794-1J2.(CAT NO:1794-IJ2XT) P.F GAS TURBINE GENERATOR CONTROL CONSLE & MODEL: TURBINE MODEL MARS 100          2 YEARS SPARE PARTS FOR QASR COMPRESSION STATION 	1	0	1	0	0	0	0		0	0	W2K-09-0D-05	( SOLAR TURBINE - 1051931-11 - NULL),( SOLAR TURBINE - 1089240-29 - Active),( ALLEN-BRADLEY - 1794-1J2 - NULL),	926.631725	Active		469	USD	30-DEC-03		MT00.TURE.0000,MESC,	GTIN-SOLAR-CENTAUR40,GTIN-SOLAR-TAURUS60,	QPC Merge Items	MODULE, INPUT, FAST, COUNTER, 2 XT, P/N. 1089240-29	Finished good			
Each		KOL	20-70-10-418-A	X-MITTER PRESS. WELDED SEAM <P/F: PM & CM OF THREE "TAURUS 60 MPU" GAS TURBINES	1	0	2	0	0	0	0		0	0	W2D-54-0A-05	( SOLAR TURBINE - 1041174-18 - Active),	355.56	Active		1	USD	19-MAY-08		MT00.TURE.0000,MESC,	GTIN-SOLAR-CENTAUR40,GTIN-SOLAR-TAURUS60,						
Each		KOL	20-70-10-419-A	MODULE FAST ANALOG.FLEX 4 OUT FLEXBUSE: 5 VDC,50 MA SUPPLY : 24 VDC, 210 MA ALLEN BRADLEY P/N 1794-OF41 P.F GAS TURBINE GENERATOR CONTROL CONSOLE.& MODEL: TURBINE MODEL MARS 100          2 YEARS SPARE PARTS FOR QASR COMPRESSION STATION 	1	0	1	0	0	0	0		0	0	W2K-09-0D-05	( SOLAR TURBINE - 1051931-10 - In-Active),( SOLAR TURBINE - 1089240-37 - Active),( ALLEN-BRADLEY - 1794-OF4IXT - In-Active),( SOLAR TURBINE - 1014214-19 - In-Active),( SOLAR TURBINE - 1014214-28 - In-Active),( SOLAR TURBINE - 1089240-11 - In-Active),	798.744	Active		507	EUR	25-MAR-07	*	MT00.TURE.0000,MESC,	GTIN-SOLAR-TAURUS60,GTIN-SOLAR-CENTAUR40,	QPC Merge Items	MDL OUTPUT FAST ANALOG 4 ISOL P/N 1051931-10	Finished good			
Each		KOL	20-70-10-420-A	MODULE DSCRETE OUTPUT,FLEX,16 OUT PF.SOLAR TURBINE TYPE MARS 100          2 YEARS SPARE PARTS FOR QASR COMPRESSION STATION	2	1	2	0	0	1	0		0	0	W2D-54-0A-05	( SOLAR TURBINE - 1014214-20 - NULL),( SOLAR TURBINE - 1014214-35 - NULL),( ALLEN-BRADLEY - 1794-OB16PXT - Active),( SOLAR TURBINE - 1089240-5 - Active),	315.743671997206	Active		128	USD	20-MAR-20	*	MT00.TURE.QASR,MESC,		QPC Merge Items	MODULE, DISCRETE OUTPUT,16 XT, P/N.1089240-5	Finished good			
Each		KOL	20-70-10-425-A	THERMAL ELEMENT GUIDE CAGE P/F: GAS TURBINES  AS A PART OF  TEMPERATURE PRESSURE REGULATOR 190185-203 	2	1	2	0	0	0	0		3	1	W2D-54-0A-05	( SOLAR TURBINE - 190185-10 - In-Active),( SOLAR TURBINE - 190185-11 - Active),	297.890787419442527	Active		286	USD	12-AUG-23	*	MT00.TURE.0000,MESC,		QPC Merge Items	CAGE VALVE P/N 190185-10	Insurance			
Each		KOL	20-70-10-426-A	PILOT,PRESSURE REGULATOR,30-300 PSIG PF.SOLAR TURBINE MODEL:GS-40 DUAL FUEL P/F : PRESSURE/TEMPERATURE REGULATOR ASSY. WITH  ,	1	1	2	1	0	0	0		0	0	W2D-55-0A-01	( SOLAR TURBINE - 190185-203 - NULL),( SOLAR TURBINE - 1008942-6 - Active),	199.547371668783704666666666666666666667	Active		173	USD	11-MAY-04	*	MT00.TURE.0000,MESC,	GTIN-SOLAR-TAURUS60,GTIN-SOLAR-CENTAUR40,	QPC Merge Items	PILOT, PRESS. REG. 30-300 PSI P/N: 1008942-6				
Each		KOL	20-70-10-429-A	MODULE,THERMOCOUPLE/RTD PF.SOLAR TURBINE TYPE MARS 100 	0	0	0	0	0	0	0		0	0		( SOLAR TURBINE - 1014214-29 - NULL),( SOLAR TURBINE - 1051931-30 - Active),	0	Inactive		1044	USD	16-FEB-04		MISC.MISC.MISC,MESC,	GTIN-SOLAR-CENTAUR40,			Finished good			
Each		KOL	20-70-10-430-A	ACCELEROMETER PF: QASR TAURUS 60 TURBINES SPARES 	2	1	2	0	0	0	0		0	0	W2D-55-0A-01	( SOLAR TURBINE - 1064400-1 - Active),( SOLAR TURBINE - 1043010-1 - In-Active),	675.5508637294724035	Active		623	USD	27-AUG-09	*	MT00.TURE.0000,MESC,	GTIN-SOLAR-CENTAUR40,	QPC Merge Items	ACCELEROMETER,100 MV/G  Part No.: 1064400-1  				
Each		KOL	20-70-10-440-A	NUT,LOCK 	0	0	0	0	0	0	0		0	0	W2D-56-0D-01	( SOLAR TURBINE - 901722440 - Active),	19.97	Active		20	USD	18-JUN-03		MT00.TURE.0000,MESC,	GTIN-SOLAR-CENTAUR40,GTIN-SOLAR-TAURUS60,			Finished good			
Each		KOL	20-70-10-441-B	CONTROL ASSY.(MODULE GATWAY) CONTROLER INPUT:18-30 VDC ,24VDC NOMINAL,5 WATTS(MAX),RELAY OUTPUT ARE RATED 5A AT 30VDC.	0	0	0	0	0	0	0		0	0		( DET-TRONICS - EQ2100CG - NULL),( SOLAR TURBINE - 1025443-2 - NULL),	0	Inactive		1	USD	18-JUL-05		MISC.MISC.MISC,MESC,	GTIN-SOLAR-CENTAUR40,			Finished good			
Each		KOL	20-70-10-443-A	MODULE INPUT 18-30 VDC(24 NOMINAL),25 WATT. TYPE: EQ21001M. PART NO. : 1025443-3	0	0	0	0	0	0	0		0	0	WH-1EE4	( SOLAR TURBINE - 1025443-3 - NULL),	0	Inactive		1458	USD	19-NOV-03		MISC.MISC.MISC,MESC,	GTIN-SOLAR-CENTAUR40,			Finished good			
Each		KOL	20-70-10-445-A	MODULE, EGL QNTM, PREM, EDIO SIL,FIRE SYSTEM P/F: OIL PLANT TURBINES A,B & C & MODEL: TURBINE MODEL MARS 100          2 YEARS SPARE PARTS FOR QASR COMPRESSION STATION 	4	0	1	0	0	0	0		0	0	W2D-55-0A-01	( SOLAR TURBINE - 1056244-5 - Active),( DET-TRONICS - EQ3730D1 - Active),	2273.75651	Active		2215	USD	26-OCT-09		MT00.TURE.0000,MESC,	GTIN-SOLAR-TAURUS60,GTIN-SOLAR-CENTAUR40,	QPC Merge Items	MODULE,EGL QNTM,PREM.,EDIO SIL P/N 1056244-5				
Each		KOL	20-70-10-447-A	SEAL,LIP SEAL FOR STARTER MOTOR 	2	1	2	0	0	0	0		0	0	W2D-55-0A-02	( SOLAR TURBINE - 1022447 - Active),	26.19921951851744859055555555555555555557	Active		20	USD	03-JUN-04		MT00.TURE.0000,MESC,	GTIN-SOLAR-TAURUS60,GTIN-SOLAR-TAURUS60,EGTD-SOLAR-MARS100,GTIN-SOLAR-CENTAUR40,	QPC Merge Items	SEAL, LIPSEAL, NITRIL, 3'' S DIA X4'' P/N :- 1022447	Finished good			
Each		KOL	20-70-10-449-A	RELAY,PLC,DC,6 AMP <P/F SOLAR CENTAUR TURBO GENERATOR <MODE:GS-40 DUAL FUEL 	0	0	0	0	0	0	0		0	0	W1A-11-0D-07	( SOLAR TURBINE - 1052344-9 - Active),( SOLAR TURBINE - 1061979-1 - Active),	21.08836	Active		20	USD	12-MAY-04		MT00.TURE.0000,MESC,	GTIN-SOLAR-CENTAUR40,	QPC Merge Items	RELAY,PLC,DC,6A,C1D2,ATEX P/N 1061979-1				
Each		KOL	20-70-10-450-A	BRUSHLESS EXCITER, FRAME:BE-13-4, DC  VOLT:125, FLD VOLT:63, DC AMP: 168 TYPE: FRBA, KW OUT PUT: 21,  CLASS INS: F, FLD AMP F.L IN GEN: 4.7, TEMP RISE: 60C RECTIFIERS: QTY (3): B-52883-F, QTY (3): B-52883-R,  EXCITER SURGE PROTECTION:B-57826-GR F/TURBINE SOLAR CENTAUR-40 1601-D 	1	0	1	0	0	0	0		0	0	W2D-55-0A-02	( IDEAL - - - NULL),	1429.14202	Active		1411	USD	15-DEC-08		MT00.TURE.0000,MESC,	GTIN-SOLAR-CENTAUR40,						
Each		KOL	20-70-10-452-A	DISPLAY COMPUTER SYSTEM (HMIS) P/N: 1052537-407 ALLEN BRADELY P/N: 6181-BFEDBCCZZ	0	0	0	0	0	0	0		0	0		( ALLEN-BRADLEY - 6181-BFEDBCCZZ - NULL),( SOLAR TURBINE - 1052537-407 - NULL),	0	Inactive			USD	15-SEP-11		MISC.MISC.MISC,	GTIN-SOLAR-TAURUS60,GTIN-SOLAR-CENTAUR40,			Finished good			
Each		KOL	20-70-10-454-A	TOUCH SCREEN, COMPUTER SYSTEM (HMIS) P/N: 1052537-6	0			0	0	0	0		0	0		( SOLAR TURBINE - 1052537-6 - NULL),	0	Inactive			USD	15-SEP-11		MISC.MISC.MISC,	GTIN-SOLAR-CENTAUR40,GTIN-SOLAR-TAURUS60,			Finished good			
Each		KOL	20-70-10-456-A	COMPUTER SYSTEM (HMI) P/N: 1061301-102 ALLEN BRADELY P/N: 6180W 15BP2KHDC	0	0	0	0	0	0	0		0	0		( ALLEN-BRADLEY - 6180W 15BP2KHDC - NULL),( SOLAR TURBINE - 1061301-102 - NULL),	0	Inactive			USD	15-SEP-11		MISC.MISC.MISC,	GTIN-SOLAR-TAURUS60,GTIN-SOLAR-CENTAUR40,			Finished good			
Each		KOL	20-70-10-458-A	COMPUTER SYSTEM,DISPLAY (HMIS) 	0	0	0	0	0	0	0		0	0		( ALLEN-BRADLEY - 6183H-12FPDC - Active),( SOLAR TURBINE - 1061301-4506 - NULL),	0	Inactive			USD	15-SEP-11		MT00.TURE.0000,MESC,	GTIN-SOLAR-TAURUS60,GTIN-SOLAR-CENTAUR40,			Finished good			
Each		KOL	20-70-10-460-A	COMPUTER (HMIS) P/N: 1061301-32 ALLEN BRADELY P/N: 6181P-15TPXPH	0	0	0	0	0	0	0		0	0		( ALLEN-BRADLEY - 6181P-15TPXPH - NULL),( SOLAR TURBINE - 1061301-32 - NULL),	0	Inactive			USD	15-SEP-11		MISC.MISC.MISC,	GTIN-SOLAR-TAURUS60,GTIN-SOLAR-CENTAUR40,			Finished good			
Each		KOL	20-70-10-464-A	GAS HOSE PF: QASR TAURUS 60 TURBINES SPARES SEE MESC : 20-70-10-340-A 	0	0	0	0	0	0	0		0	0	W1H-08-0B-04	( SOLAR TURBINE - 1080340 - Active),( SOLAR TURBINE - 1046489 - NULL),	502.01347	Active		459	USD	27-AUG-09		MT00.TURE.0000,MESC,	GTIN-SOLAR-CENTAUR40,	QPC Merge Items	HOSE ASSY,1.50 IN,31.0 IN  Part No.: 1046489  				
Each		KOL	20-70-10-471-A	SENSOR,ACCELEROMETER,V OUTPUT PF:SOLAR TURBO GEN.MODEL:GS-40 DUAL FUEL 	2	1	2	0	0	0	1		0	0	W2D-55-0A-02	( SOLAR TURBINE - 1034347-1 - Active),	1052.434093699962722222222222222222222221	Active		1077	USD	10-MAY-04		MT00.TURE.0000,MESC,	GTIN-SOLAR-CENTAUR40,GTIN-SOLAR-TAURUS60,	QPC Merge Items	SENSOR ACCLRM V OUTPUT P/N 1034347-1				
Each		KOL	20-70-10-473-A	CIRCUIT BREAKER,15 AMP,120 VDC PF:SOLAR MODEL:GS-40 DUAL FUEL 	9	2	4	0	0	0	0		0	0	W2D-55-0A-03	( SOLAR TURBINE - 1047315 - Active),	81.14356586684367444444444444444444444444	Active		103	USD	06-JUN-04		MT00.TURE.0000,MESC,	GTIN-SOLAR-TAURUS60,GTIN-SOLAR-CENTAUR40,	QPC Merge Items	CIRCUIT BREAKER,15 AMP,120 VDC P/N 1047315				
Each		KOL	20-70-10-476-A	WASHER, 1/2, PF: PM & CM OF THREE "TAURUS 60 MPU" GAS TURBINE SET = 10EACH	10	3	6	0	0	0	0		0	0	W2D-55-0A-03	( SOLAR TURBINE - 1010476 - Active),	2.45	Active		10	USD	18-MAR-08		MT00.TURE.0000,MESC,	GTIN-SOLAR-TAURUS60,GTIN-SOLAR-CENTAUR40,	QPC Merge Items	WASHER HARDENED P/N 1010476				
Each		KOL	20-70-10-484-A	HOSE, METAL FLEX 0.5" TUBE <P/F: PM & CM OF THREE "TAURUS 60 MPU" GAS TURBINES & MODEL: TURBINE MODEL MARS 100          2 YEARS SPARE PARTS FOR QASR COMPRESSION STATION 	0	0	0	0	0	0	0		0	0	W1A-11-0D-08	( SOLAR TURBINE - 1046484 - Active),	162.8	Active		230	USD	20-MAY-08		MT00.TURE.0000,MESC,	GTIN-SOLAR-CENTAUR40,GTIN-SOLAR-TAURUS60,GTIN-SOLAR-TAURUS60,	QPC Merge Items	HOSE,METAL FLEX,1/2" TUBE STUB P/N 1046484				
Each		KOL	20-70-10-486-A	HOSE, METAL FLEX 1" TUBE <SOLAR P/N: 1046486 <P/F: PM & CM OF THREE "TAURUS 60 MPU" GAS TURBINES	1	0	2	0	0	0	0		0	0	W2D-55-0A-03	( SOLAR TURBINE - 1046486 - NULL),	256.7	Active		341	USD	20-MAY-08		MT00.TURE.0000,MESC,	GTIN-SOLAR-TAURUS60,GTIN-SOLAR-CENTAUR40,GTIN-SOLAR-TAURUS60,	QPC Merge Items	HOSE ASSY,1.0 IN,18.0 IN  Part No.: 1046486  				
Each		KOL	20-70-10-490-A	HOSE, METAL FLEX 1.5" O-RING <P/F: PM & CM OF THREE "TAURUS 60 MPU" GAS TURBINES	1	0	2	0	0	0	0		0	0	W1H-08-0B-05	( SOLAR TURBINE - 1046490 - NULL),	425.76	Active		475	USD	20-MAY-08		MT00.TURE.0000,MESC,	GTIN-SOLAR-TAURUS60,GTIN-SOLAR-CENTAUR40,	QPC Merge Items	HOSE,M.F. 1.50" DIA X 37.00" P/N 1080383				
Each		KOL	20-70-10-491-A	SEISMIC INPUT MONITOR, MODULE,VIB <P/F: OIL PLANT TURBINES & MODEL: TURBINE MODEL MARS 100          2 YEARS SPARE PARTS FOR QASR COMPRESSION STATION 	2	0	1	0	0	0	0		0	0	W2D-55-0A-04	( SOLAR TURBINE - 1034549-21 - Active),( Bently Nevada - 1701-25 - Active),	1545.936815	Active		1550	USD	29-MAY-08		MT00.TURE.0000,MESC,	GTIN-SOLAR-CENTAUR40,	QPC Merge Items	MONITOR SEISMIC BN 1701 INPUT P/N 1034549-21				
Each		KOL	20-70-10-492-A	MONITOR,POWER,MODULE,VIB,BN1701,INPUT <P/F SOLAR CENTAUR TURBO GENERATOR <MODE:GS-40 DUAL FUEL & MODEL: TURBINE MODEL MARS 100          2 YEARS SPARE PARTS FOR QASR COMPRESSION STATION 	0	0	0	0	0	0	0		0	0		( SOLAR TURBINE - 1034549-20 - Active),( Bently Nevada - 1701-15 - Active),	0	Inactive		1550	USD	15-MAY-04		MISC.MISC.MISC,MESC,	GTIN-SOLAR-CENTAUR40,	QPC Merge Items	MONITOR PWR BN 1701 INPUT P/N 1034549-20				
Each		KOL	20-70-10-493-A	BASE,TERMINAL PF:SOLAR TURBO GEN.MODEL:GS-40 DUAL FUEL PART NO. : 1034549-3 NEW PN:1034549-6	1	1	2	0	0	0	0		0	0	W2D-55-0A-04	( SOLAR TURBINE - 1034549-3 - NULL),( SOLAR TURBINE - 1034549-6 - NULL),	1747.161651698298	Active		1841	USD	11-MAY-04		MT00.TURE.0000,MESC,	GTIN-SOLAR-TAURUS60,GTIN-SOLAR-CENTAUR40,						
Each		KOL	20-70-10-493-B	BASE,TERMINAL PF:SOLAR TURBO GEN.MODEL:GS-40 DUAL FUEL 	1			0	0	0	0		0	0	W2D-55-0A-04	( SOLAR TURBINE - 1034549-3 - NULL),( SOLAR TURBINE - 1034549-6 - Active),	1310.3712387737235	Active		1591	USD	23-SEP-14		MT00.TURE.0000,MESC,	GTIN-SOLAR-CENTAUR40,						
Each		KOL	20-70-10-495-A	HOSE, METAL FLEX 3" O-RING P/F: SOLAR TAURUS 70 TURBINES AND C404 COMPRESSORS 	1	0	1	0	0	0	0		0	0	W1H-08-0B-05	( SOLAR TURBINE - 1046495 - Active),	710.40385	Active		649	USD	31-AUG-09		MT00.TURE.0000,MESC,	GTIN-SOLAR-TAURUS60,GTIN-SOLAR-CENTAUR40,						
Each		KOL	20-70-10-498-A	HOSE METAL FLEX 2" O-RING <P/F: PM & CM OF THREE "TAURUS 60 MPU" GAS TURBINES & MODEL: TURBINE MODEL MARS 100          2 YEARS SPARE PARTS FOR QASR COMPRESSION STATION 	1	0	1	0	0	0	0		0	0	W1H-08-0B-05	( SOLAR TURBINE - 1046492 - NULL),	418.54	Active		392	USD	20-MAY-08		MT00.TURE.0000,MESC,	GTIN-SOLAR-TAURUS60,GTIN-SOLAR-CENTAUR40,GTIN-SOLAR-TAURUS60,	QPC Merge Items	HOSE,METAL FLEX,2.0" O-RING P/N 1046492				
Each		KOL	20-70-10-499-A	HOSE, METAL FLEX 2" O-RING <P/F: PM & CM OF THREE "TAURUS 60 MPU" GAS TURBINES	1	0	2	0	0	0	0		0	0	W1H-08-0B-05	( SOLAR TURBINE - 1046499 - Active),	582.04862	Active		553	USD	20-MAY-08		MT00.TURE.0000,MESC,	GTIN-SOLAR-TAURUS60,GTIN-SOLAR-CENTAUR40,GTIN-SOLAR-TAURUS60,	QPC Merge Items	HOSE,METAL FLEX,2.0" O-RING W P/N 1046499				
Each		KOL	20-70-10-500-A	WASHER 3/8,  PF: PM & CM OF THREE "TAURUS 60 MPU" GAS TURBINES	25	4	8	0	0	0	0		0	0	W2D-55-0A-05	( SOLAR TURBINE - 1010500 - Active),	.6288	Active		10	USD	24-MAR-08		MT00.TURE.0000,MESC,	GTIN-SOLAR-TAURUS60,GTIN-SOLAR-CENTAUR40,GTIN-SOLAR-TAURUS60,	QPC Merge Items	WASHER P/N 1010500				
Each		KOL	20-70-10-501-A	LAMP.LED,WEDGE,YELLOW,28V/20 	17	10	20	0	0	0	0		0	0	W2D-55-0A-05	( SOLAR TURBINE - 1017501 - Active),	14.233198	Active		14	USD	05-MAY-04		MT00.TURE.0000,MESC,	GTIN-SOLAR-CENTAUR40,GTIN-SOLAR-TAURUS60,	QPC Merge Items	LAMP LED WEDGE YEL P/N:- 1017501				
Each		KOL	20-70-10-509-A	LAMP,WHITE 28V 	65	10	20	0	0	0	0		0	0	W2D-55-0A-05	( SOLAR TURBINE - 1017509 - Active),	12.27431642	Active		65	USD	11-MAY-04		MT00.TURE.0000,MESC,	GTIN-SOLAR-CENTAUR40,GTIN-SOLAR-TAURUS60,	QPC Merge Items	LAMP LED WEDEG WHT 28V/20 P/N: 1017509	Finished good			
Each		KOL	20-70-10-510-A	LAMP.LED,WEDGE,GREEN,28V/20 	4	3	6	0	0	0	0		0	0	W2D-55-0B-01	( SOLAR TURBINE - 1017510 - Active),	14.58549	Active		30	USD	05-MAY-04		MT00.TURE.0000,MESC,	GTIN-SOLAR-TAURUS60,GTIN-SOLAR-CENTAUR40,	QPC Merge Items	LAMP LED ,WEDGE ,GRN,P/N ;- 1017510				
Each		KOL	20-70-10-514-A	MODULE,C-LOGIX,COMM,DH+ PF:SOLAR TURBINE GEN.MODEL:GS-40 DUAL FUEL 	2	0	1	0	0	0	0		0	0	W2D-55-0B-01	( SOLAR TURBINE - 1089241-7 - Active),( ALLEN-BRADLEY - 1756-DHRIO - Active),( SOLAR TURBINE - 1046415-14 - Active),	1298.871755	Active		1161	USD	10-MAY-04	*	MT00.TURE.0000,MESC,	GTIN-SOLAR-CENTAUR40,						
Each		KOL	20-70-10-515-A	MODULE,C-LOGIX,COMM,C-NET 1.5  <P/F SOLAR CENTAUR TURBO GENERATOR <MODE:GS-40 DUAL FUEL 	0	0	0	0	0	0	0		0	0	W1A-11-0E-03	( SOLAR TURBINE - 1046415-15 - NULL),( SOLAR TURBINE - 1089241-41 - Active),	1797.17	Active		1797	USD	10-MAY-04		MT00.TURE.0000,MESC,	GTIN-SOLAR-TAURUS60,GTIN-SOLAR-CENTAUR40,						
Each		KOL	20-70-10-518-A	COUPLING,QUICK DISCONNECT,FEM HNV-SS316-12-12C-NPTV <P/F SOLAR CENTAUR TURBO GENERATOR <MODE:GS-40 DUAL FUEL & MODEL: TURBINE MODEL MARS 100          2 YEARS SPARE PARTS FOR QASR COMPRESSION STATION 	0			0	0	0	0		0	0		( SOLAR TURBINE - 1027105-18 - Active),( ROCHEM - WC-614 - Active),	0	Inactive		575	USD	11-MAY-04		MISC.MISC.MISC,MESC,	GTIN-SOLAR-CENTAUR40,	QPC Merge Items	COUPLING,DISCONNECT,QUICK,FEMA P/N 1027105-18				
Each		KOL	20-70-10-519-A	COUPLING,QUICK DISC 1/2",FEM HNV-SS316-08-08C-NPT-V <P/F SOLAR CENTAUR TURBO GENERATOR <MODE:GS-40 DUAL FUEL & MODEL: TURBINE MODEL MARS 100          2 YEARS SPARE PARTS FOR QASR COMPRESSION STATION 	0	0	0	0	0	0	0		0	0		( SOLAR TURBINE - 1027105-19 - Active),	384.69123	Active		351	USD	11-MAY-04		MT00.TURE.0000,MESC,	GTIN-SOLAR-CENTAUR40,	QPC Merge Items	COUPLING QUICK DIS 1/2"FEMALE P/N 1027105-19				
Each		KOL	20-70-10-519A	CANCEL	0	0	0	0	0	0	0		0	0		( SOLAR TURBINE - 1029519-103 - NULL),	0	Inactive			USD	31-AUG-09		MISC.MISC.MISC,	GTIN-SOLAR-CENTAUR40,						
Each		KOL	20-70-10-520-A	FILTER,INSERT,SS,3/4" <P/N:1027105-20 <P/F SOLAR CENTAUR TURBO GENERATOR <MODE:GS-40 DUAL FUEL <MFG:SOLAR	0			0	0	0	0		0	0		( SOLAR TURBINE - 1027105-20 - NULL),	0	Inactive			USD	11-MAY-04		MISC.MISC.MISC,	GTIN-SOLAR-CENTAUR40,						
Each		KOL	20-70-10-521-A	CASTER,SWIVEL,6" WHEEL <P/F SOLAR CENTAUR TURBO GENERATOR <MODE:GS-40 DUAL FUEL 	0			0	0	0	0		0	0		( SOLAR TURBINE - 1027105-21 - Active),	0	Inactive		186	USD	11-MAY-04		MISC.MISC.MISC,MESC,	GTIN-SOLAR-CENTAUR40,	QPC Merge Items	CASTER,SWIVEL,6" WHEEL P/N 1027105-21				
Each		KOL	20-70-10-522-A	CASTER,RIDIG,6",WHEEL <P/F SOLAR CENTAUR TURBO GENERATOR <MODE:GS-40 DUAL FUEL 	0			0	0	0	0		0	0		( SOLAR TURBINE - 1027105-22 - Active),	0	Inactive		137	USD	11-MAY-04		MISC.MISC.MISC,MESC,	GTIN-SOLAR-CENTAUR40,	QPC Merge Items	CASTER,RIGID,6" WHEEL P/N 1027105-22				
Each		KOL	20-70-10-523-A	HOSE,ASSY TRANSFER,CHEMICAL,1/2" <P/F SOLAR CENTAUR TURBO GENERATOR <MODE:GS-40 DUAL FUEL & MODEL: TURBINE MODEL MARS 100          2 YEARS SPARE PARTS FOR QASR COMPRESSION STATION 	0			0	0	0	0		0	0		( SOLAR TURBINE - 1027105-23 - Active),	0	Inactive		239	USD	11-MAY-04		MISC.MISC.MISC,MESC,	GTIN-SOLAR-CENTAUR40,	QPC Merge Items	HOSE,TRANSFER,CHEMICAL,1/2" X P/N 1027105-23				
Each		KOL	20-70-10-525-A	PROCESSOR TYPE: CONTROLLOGIX 5563 CONTROL PROCESSOR MEMORY: 5 M PLC CONTROLLOGIX 5563 CONTROL PROCESSOR 	1	0	1	0	0	0	0		0	0	W2D-55-0B-01	( ALLEN-BRADLEY - 1756-L63 A - Active),( SOLAR TURBINE - 1046415-25 - Active),	6010.90797	Active		5667	USD	10-MAY-04	*	MT00.TURE.0000,MESC,	GTIN-SOLAR-CENTAUR40,	TURBINES_SOLAR_MODEL CENTAUR40		Insurance			
Each		KOL	20-70-10-526-A	COUPLING,QUICK DISC. 3/4" MALE HNV-SS316-12-12N-NPT-V <P/F SOLAR CENTAUR TURBO GENERATOR <MODE:GS-40 DUAL FUEL & MODEL: TURBINE MODEL MARS 100          2 YEARS SPARE PARTS FOR QASR COMPRESSION STATION 	0			0	0	0	0		0	0		( SOLAR TURBINE - 1027105-26 - Active),	0	Inactive		255	USD	11-MAY-04		MISC.MISC.MISC,MESC,	GTIN-SOLAR-CENTAUR40,	QPC Merge Items	COUPLING QUICK DIS, 3/4"MALE P/N 1027105-26				
Each		KOL	20-70-10-529-A	TIMER,MULTIFUNCTION TIME DELAY AC 24-240 VAC, DC 24-48  VDC P/F:GAS TURBINE&MODEL: TURBINE MODEL MARS 100 FOR QASR COMPRESSION STATION	6	3	6	0	0	0	0		-1	1	W2D-55-0B-02	( ALLEN-BRADLEY - 700-FSM3UU23-EX - Active),( SOLAR TURBINE - 1014529-3 - In-Active),( SOLAR TURBINE - 1071411-1 - In-Active),	99.819654162656661428571428571428571429	Active		105	USD	03-JUN-04	*	MT00.TURE.0000,MESC,	GTIN-SOLAR-CENTAUR40,	QPC Merge Items	RELAY,TIMER,MULTIFUNCTION , Part Number :1071411-1	Finished good			
Each		KOL	20-70-10-531-A	VALVE,HAND BALL 2" WOG:1000 <P/F SOLAR CENTAUR TURBO GENERATOR <MODE:GS-40 DUAL FUEL & MODEL: TURBINE MODEL MARS 100          2 YEARS SPARE PARTS FOR QASR COMPRESSION STATION 	0			0	0	0	0		0	0		( SOLAR TURBINE - 1027105-31 - Active),	0	Inactive			USD	11-MAY-04		MISC.MISC.MISC,MESC,	GTIN-SOLAR-CENTAUR40,						
Each		KOL	20-70-10-535-A	VALVE,PRESSURE RELIEF,SIZE 1/2" 130PSI 8.96 BAR <P/F SOLAR CENTAUR TURBO GENERATOR <MODE:GS-40 DUAL FUEL & MODEL: TURBINE MODEL MARS 100          2 YEARS SPARE PARTS FOR QASR COMPRESSION STATION 	0			0	0	0	0		0	0		( SOLAR TURBINE - 1027105-35 - NULL),( ROCHEM - TC-537SS-CE - Active),	0	Inactive		1742	USD	11-MAY-04		MISC.MISC.MISC,MESC,	GTIN-SOLAR-CENTAUR40,	QPC Merge Items	VALVE,PRESS.RELIEF, CE STAMP P/N 1027105-35				
Each		KOL	20-70-10-542-A	MODULE,BATTERY ASSY,LOGIX,EXTERNAL PF:SOLAR TURBO GEN.MODEL:GS-40 DUAL FUEL 	4	1	2	0	0	0	0		-1	0	W2D-55-0B-02	( ALLEN-BRADLEY - 1756-BATM - Active),( SOLAR TURBINE - 1046415-42 - Active),	216.90767072564043796875	Active		219	USD	10-MAY-04		MT00.TURE.0000,MESC,	GTIN-SOLAR-TAURUS60,GTIN-SOLAR-CENTAUR40,						
Each		KOL	20-70-10-549-A	MODULE,VELOCITY,BN 1701 PF:SOLAR TURBO GEN.MODEL:GS-40 DUAL FUEL 	2	1	2	0	0	0	0		0	0	W2D-55-0B-03	( SOLAR TURBINE - 1034549-71 - Active),	397.4713864587041	Active		390	USD	10-MAY-04		MT00.TURE.0000,MESC,	GTIN-SOLAR-CENTAUR40,						
Each		KOL	20-70-10-551-A	MODULE,CONTROL,GEN,COMBINATION <P/N:1046415-51 <P/F SOLAR CENTAUR TURBO GENERATOR <MODE:GS-40 DUAL FUEL <MFG:SOLAR	0			0	0	0	0		0	0		( SOLAR TURBINE - 1046415-51 - NULL),	0	Inactive		5770	USD	10-MAY-04		MISC.MISC.MISC,	GTIN-SOLAR-TAURUS60,GTIN-SOLAR-CENTAUR40,						
Each		KOL	20-70-10-554-A	FAN 2.36 COOLING 18CFM PF: QASR TAURUS 60 TURBINES SPARES  	2	3	6	4	0	0	0		2	0	W2D-55-0B-03	( SOLAR TURBINE - 154554-12 - Active),	52.796	Active		45	USD	31-AUG-09		MT00.TURE.0000,MESC,	GTIN-SOLAR-CENTAUR40,	QPC Merge Items	FAN cooling controller logix chasis assymbly(CH2010)P/N154554-12				
Each		KOL	20-70-10-555-A	POWER SUPPLY, 24 VDC, LOGIX, CONT. <SOLAR P/N: 1046415-57 <P/F: PM & CM OF THREE "TAURUS 60 MPU" GAS TURBINES	1	1	2	1	0	1	0		1	0	W2D-55-0B-04	( ALLEN-BRADLEY - 1756-PB75/B - Active),( SOLAR TURBINE - 1046415-57 - In-Active),	1553.882766149201875	Active		1318	USD	20-MAY-08	*	MT00.TURE.0000,MESC,	GTIN-SOLAR-CENTAUR40,GTIN-SOLAR-TAURUS60,	QPC Merge Items	POWER SUPPLY 24 VDC LOGIX CNTL P/N 1046415-57				
Each		KOL	20-70-10-555-B	POWER SUPPLY, 24 VDC, LOGIX, CONT. <P/F: PM & CM OF THREE "TAURUS 60 MPU" GAS TURBINES	0			0	0	0	0		0	1	W2D-55-0B-04	( SOLAR TURBINE - 1046415-57 - Active),	730.8358840837097	Active		1	USD	13-JUN-19	*	MT00.TURE.0000,MESC,							
Each		KOL	20-70-10-556-A	CONTROLLER PROGRAMMABLE LOGIC MEMORY: 2MB MODEL: CENTAUR40, MARS100,TAURUS60	0	1	2	0	0	0	0		0	0	W2D-55-0B-05	( SOLAR TURBINE - 1046415-56 - Active),( ALLEN-BRADLEY - 1756-L61 - Active),	5294.47606597914	Active		89975	EGP	20-MAY-08	*	MT00.TURE.0000,MESC,	GTIN-SOLAR-CENTAUR40,GTIN-SOLAR-TAURUS60,	QPC Merge Items	CONTROLLER LOGIX 5561 MEMORY 2 P/N 1046415-56	Critical			
Each		KOL	20-70-10-556-A	CONTROLLER PROGRAMMABLE LOGIC MEMORY: 2MB MODEL: CENTAUR40, MARS100,TAURUS60	0	1	2	0	0	0	0		0	0	W2D-55-0B-05	( SOLAR TURBINE - 1046415-56 - Active),( ALLEN-BRADLEY - 1756-L61 - Active),	5294.47606597914	Active		89975	EGP	20-MAY-08	*	MT00.TURE.0000,MESC,	GTIN-SOLAR-CENTAUR40,GTIN-SOLAR-TAURUS60,	TURBINES_SOLAR_MODEL CENTAUR40		Critical			
Each		KOL	20-70-10-556-B	CONTROLLER PROGRAMMABLE LOGIC MEMORY: 2MB MODEL: CENTAUR40, MARS100,TAURUS60	2			0	0	0	0		0	0	W2D-55-0B-05	( SOLAR TURBINE - 1046415-56 - Active),( ALLEN-BRADLEY - 1756-L61 - Active),	3982.943999633327675	Active		1	USD	03-DEC-14	*	MT00.TURE.0000,MESC,	GTIN-SOLAR-CENTAUR40,						
Each		KOL	20-70-10-556-C	CONTROLLER PROGRAMMABLE LOGIC MEMORY: 2MB MODEL: CENTAUR40, MARS100,TAURUS60	0			0	0	0	0		0	0		( SOLAR TURBINE - 1046415-56 - Active),( ALLEN-BRADLEY - 1756-L61 - Active),	2275.7258366666665	Active		1	USD	06-APR-11	*	MT00.TURE.0000,	GTIN-SOLAR-CENTAUR40,						
Each		KOL	20-70-10-558-A	MODULE, INTERFACE, COMMUNICATION <P/F: PM & CM OF THREE "TAURUS 60 MPU" GAS TURBINES	1	0	1	0	0	0	0		0	0	W2D-55-0B-05	( SOLAR TURBINE - 1046415-58 - Active),	1242.29	Active		1	USD	20-MAY-08		MT00.TURE.0000,MESC,	GTIN-SOLAR-TAURUS60,GTIN-SOLAR-CENTAUR40,						
Each		KOL	20-70-10-559-A	BULB 15 WATT, INCANDESCENT 	5	0	0	0	0	0	0		0	0	W2D-00-DR-02	( SOLAR TURBINE - 1015594 - Active),	.94	Active		1	USD	18-JUN-03		MT00.TURE.0000,MESC,	GTIN-SOLAR-CENTAUR40,			Finished good			
Each		KOL	20-70-10-562-A	CONTROLLER,EQ PREMIER PF:SOLAR TURBO GEN. MODEL:GS-40 DUAL FUEL  	2	1	2	0	0	0	0		0	0	W2D-55-0C-01	( SOLAR TURBINE - 1056244-21 - Active),( DET-TRONICS - EQ3005PCNW - NULL),( SOLAR TURBINE - 1056244-1 - NULL),( SOLAR TURBINE - 1056244-11 - NULL),( DET-TRONICS - 007390-002 - Active),	6365.76	Active		6366	USD	16-MAY-04	*	MT00.TURE.0000,MESC,	GTIN-SOLAR-CENTAUR40,						
Each		KOL	20-70-10-563-A	MODULE, GENERATOR CONTROL P/F: TAURUS 60 TURBINES SPARES WITH AN ADAPTER PLATE  SOLAR P/N 2769310-4  	1	0	1	0	0	0	1	20-70-10-566-A  - Related  ,	0	0	W2K-09-0D-06	( SOLAR TURBINE - 1046415-35 - In-Active),( SOLAR TURBINE - 1046415-54 - In-Active),( SOLAR TURBINE - 1046415-75 - In-Active),( SOLAR TURBINE - 1046415-77 - In-Active),( SOLAR TURBINE - 2769310-2 - Active),( SOLAR TURBINE - 1046415-79 - In-Active),( SOLAR TURBINE - 1046415-63 - In-Active),( SOLAR TURBINE - 1046415-66 - In-Active),( SOLAR TURBINE - 1046415-73  - NULL),( SOLAR TURBINE - 1046415-74 - In-Active),	15807.1474559824487	Active		12382	USD	31-AUG-09	*	MT00.TURE.0000,MESC,	GTIN-SOLAR-TAURUS60,GTIN-SOLAR-CENTAUR40,GTIN-SOLAR-TAURUS60,	QPC Merge Items	MODULE,CONTROLLER Part No.: 1046415-74				
Each		KOL	20-70-10-566-A	MODULE, CONTROLLER, GEN, COMBINATION P/F: OIL PLANT TURBINES A,B & C >See MESC 20-70-10-563-A 	0	0	0	0	0	0	0	20-70-10-563-A  - Merge  ,	0	0	W1H-08-0B-04	( SOLAR TURBINE - 1046415-56 - Active),( SOLAR TURBINE - 1046415-75 - Active),	10877.55715	Active		10835	USD	25-OCT-09	*	MT00.TURE.0000,MESC,	GTIN-SOLAR-CENTAUR40,						
Each		KOL	20-70-10-573-A	ELEMENT PF:SOLAR TURBO GEN.MODEL:GS-40 DUAL FUEL 	9	10	20	10	0	10	7		6	4	W2D-55-0C-01	( SOLAR TURBINE - 1087491-3 - Active),( SOLAR TURBINE - 1048257-3 - In-Active),	53.36397358466097676776705076300218000622	Active		58	USD	10-MAY-04		MT00.TURE.0000,MESC,	GTIN-SOLAR-TAURUS60,GTIN-SOLAR-CENTAUR40,	QPC Merge Items	ELEMENT,REPLMT P/N :- 1087491-3				
Each		KOL	20-70-10-589-A	TORCH ASSY DF SNOX BAM PF: QASR TAURUS 60 TURBINES SPARES 	1	0	1	0	0	0	0		0	0	W1H-08-0B-05	( SOLAR TURBINE - 300589-302 - Active),	5719.03545	Active		5497	USD	31-AUG-09		MT00.TURE.0000,MESC,	GTIN-SOLAR-CENTAUR40,						
Each		KOL	20-70-10-597-A	VALVE,CONTROL,ASSY PF:SOLAR TURBO GEN.MODEL:GS-40 DUAL FUEL 	3	1	3	0	0	0	0		0	0	W2D-55-0C-01	( SOLAR TURBINE - 1041597-1 - Active),	505.817811247660653333333333333333333333	Active		527	USD	10-MAY-04		MT00.TURE.0000,MESC,	GTIN-SOLAR-TAURUS60,GTIN-SOLAR-TAURUS60,GTIN-SOLAR-CENTAUR40,	QPC Merge Items	VALVE CNTL ASSY P/N 1041597-1				
Each		KOL	20-70-10-600-A	GAUGE, DIFFERENTIAL PRESSURE SCALE 0-10 IN WC & 0-250 MMWC MAGNEHLIC,MAX PRESS 15 PSIG, MAX TEMP 140 F,<DWYER > 	1	0	1	0	0	0	0		0	0	W2D-55-0C-02	( Donaldson - 2500600 - Active),( Donaldson - 8PP-25006-00 - In-Active),	193.7337578270918417	Active		192	USD	07-APR-08		MT00.TURE.0000,MESC,	GTIN-SOLAR-CENTAUR40,GTIN-SOLAR-TAURUS60,						
Each		KOL	20-70-10-601-A	CLAMP,V-BAND 	3	2	4	0	0	0	0		0	0	W2D-55-0C-02	( SOLAR TURBINE - 1053860-1 - Active),	86.75333333333333333333333333333333333333	Active		64	USD	12-MAY-04		MT00.TURE.0000,MESC,	GTIN-SOLAR-CENTAUR40,GTIN-SOLAR-TAURUS60,	QPC Merge Items	CLAMP V-BAND P/N:-1053860-1 (OLD P/N.992460C1)				
Each		KOL	20-70-10-605-A	COOLER,AIR\OIL, 415 V PF:SOLAR TURBINE CENTUAR MODEL GS-40 	0			0	0	0	0		0	0	Y1S-03-0B-01	( SOLAR TURBINE - 1041605-8 - Active),	33318.74178	Active		33930	USD	15-MAY-04		MT00.TURE.0000,MESC,	GTIN-SOLAR-CENTAUR40,						
Each		KOL	20-70-10-610-A	TRANSMITTER,PRESSURE 0-300 PSI MGF:ROSEMOUNT, MOD. 2088G3S22A1K6 OUTPUT 4-20MA,MAX W.P 800 (SMART) 	0	0	0	0	0	0	0		0	0	W2D-55-0C-03	( SOLAR TURBINE - 1013115-14 - In-Active),( SOLAR TURBINE - 1029610-14 - In-Active),( SOLAR TURBINE - 1029610-41 - Active),	1059.7704585598302544	Active		1049	USD	18-SEP-17	*	MT00.TURE.0000,MESC,	IPTS-ROSEMOUNT-2088G,IPPS-ROSEMOUNT-2088G,			Finished good			
Each		KOL	20-70-10-615-A	STROBE,LIGHT RED,24 VDC PF:SOLAR TURBINE MODEL GS-40 CENTUAR 	1	0	1	0	0	0	0		0	0	W2D-55-0C-03	( SOLAR TURBINE - 1060151 - Active),	1047.2226	Active		1037	USD	16-MAY-04		MT00.TURE.0000,MESC,	GTIN-SOLAR-TAURUS60,GTIN-SOLAR-CENTAUR40,GTIN-SOLAR-TAURUS60,	QPC Merge Items	LIGHT,STROBE,RED,24VDC P/N 1060151				
Each		KOL	20-70-10-620-A	PUMP PF: TAURUS 60 TURBINES SPARES  	1	0	1	0	0	0	0		0	0	Y1H-03-0G-02	( SOLAR TURBINE - 1064202-100 - Active),	15352.99510796861745	Active		15037	USD	31-AUG-09		MT00.TURE.0000,MESC,	GTIN-SOLAR-CENTAUR40,GTIN-SOLAR-TAURUS60,	QPC Merge Items	PUMP/GEAR,LUBE OIL  Part No.: 1064202-100  				
Each		KOL	20-70-10-624-A	TRANSMITTER TYPE : ACCELERATION VIBRATION P/F:KAHRMAN TURBINE MODEL TAURUS-60 NPCS TAURUS 60 	2	1	2	0	0	0	0		0	0	W2D-55-0C-04	( CEC - 1-808-AC100-44A-AAS   REV.A - Active),( SOLAR TURBINE - 1062412-12 - Active),( SOLAR TURBINE - 1062412-2 - In-Active),	886.6565127969429167	Active		959	USD	19-MAR-07	*	MT00.TURE.0000,MESC,	GTIN-SOLAR-CENTAUR40,GTIN-SOLAR-TAURUS60,						
Each		KOL	20-70-10-630-A	CABLE ASSY SHLD TWISTED PAIR PF: QASR TAURUS 60 TURBINES SPARES  	2	1	2	0	0	0	0		0	0	W2D-55-0C-04	( SOLAR TURBINE - 1063106-30 - Active),	226.61934	Active		207	USD	30-AUG-09		MT00.TURE.0000,MESC,	GTIN-SOLAR-TAURUS60,GTIN-SOLAR-CENTAUR40,						
Each		KOL	20-70-10-632-A	WASHER 5/8 PF: QASR TAURUS 60 TURBINES SPARES 	25	1	2	0	0	0	0		0	0	W2D-55-0C-05	( SOLAR TURBINE - 816630214 - Active),	.2	Active		0	USD	31-AUG-09		MT00.TURE.0000,MESC,	GTIN-SOLAR-TAURUS60,GTIN-SOLAR-CENTAUR40,						
Each		KOL	20-70-10-633-A	TRANSMITTER TYPE : VELOCITY VIBRATION P/F: KAHRMAN TURBINE MODEL TAURUS-60 NPCS TAURUS 60 	2	1	2	0	0	0	0		0	0	W2D-55-0C-05	( CEC - 1-808-VC100-451-23S REV.A - In-Active),( SOLAR TURBINE - 1062413-13 - Active),( SOLAR TURBINE - 1062413-3 - In-Active),	889.5467286567082004	Active		955	USD	18-MAR-07	*	MT00.TURE.0000,MESC,	GTIN-SOLAR-TAURUS60,GTIN-SOLAR-CENTAUR40,						
Each		KOL	20-70-10-639-A	VALVE SOLENOID PF: QASR TAURUS 60 TURBINES SPARES 	4	3	6	0	0	0	0		0	1	W2D-55-0C-05	( SOLAR TURBINE - 1016391-21 - Active),	1267.609334285714285714285714285714285714	Active		1221	USD	31-AUG-09		MT00.TURE.0000,MESC,	GTIN-SOLAR-CENTAUR40,GTIN-SOLAR-TAURUS60,GTIN-SOLAR-TAURUS60,	QPC Merge Items	VALVE,SOLENOID SST BODY P/N 1016391-21				
Each		KOL	20-70-10-640-A	BATTERY,LITHUIM,3V,<PANASONIC> TYPE BR-A,MODEL 1770-XYC 	0	0	0	0	0	0	0		0	0	W2K-09-0D-04	( ALLEN-BRADLEY - 1770-XYC - NULL),( SOLAR TURBINE - 1006400 - Active),	52.65898472356485775	Active		50	USD	18-JUN-03		MT00.TURE.0000,MESC,	GTIN-SOLAR-CENTAUR40,	QPC Merge Items	BATTERY, LITHIUM, BACK UP P/N:- 1006400	Finished good			
Each		KOL	20-70-10-641-A	MODULE, ITFC, COMMUNICATION SER B  SOLAR TURBO GENERATORS &  MODEL: TURBINE MODEL MARS 100         1.0A@5.1VDC 2MA@24VDC CAT NO:1756-CN2RXT	1	0	1	0	0	0	0		0	0	W2D-55-0D-01	( SOLAR TURBINE - 1089241-41 - Active),( SOLAR TURBINE - 1046415-61 - NULL),( SOLAR TURBINE - 1089241-4 - NULL),( ALLEN-BRADLEY - 1756-CN2RXT - Active),	2798.7366361811273	Active		45232	EGP	03-MAR-19		MT00.TURE.QASR,MESC,	GTIN-SOLAR-TAURUS60,	QPC Merge Items	MDL ITFC COMM FW5.50.10 P/N 1046415-61				
Each		KOL	20-70-10-644-A	SENSOR TYPE  : ACCELEROMETER,SEISMIC P/F: KAHRMAN TURBINE MODEL TAURUS-60N PCS TAURUS 60" IN ACTIVE SEE CODE: 20-70-10-430-A	0	0	0	0	0	0	0		0	0		( CEC - 4-160-5002 - Active),( SOLAR TURBINE - 1064400-1 - In-Active),	0	Inactive		1	USD	15-FEB-09	*	MISC.MISC.MISC,MESC,	GTIN-SOLAR-TAURUS60,GTIN-SOLAR-CENTAUR40,						
Each		KOL	20-70-10-649-A	HOSE METAL FLEX 1.5" O-RING P/N: 1046498 P/F: OIL PLANT TURBINES A,B & C MFG: SOLAR TURBINES	0	0	0	0	0	0	0		0	0		( SOLAR TURBINE - 1046498 - NULL),	0	Inactive			USD	26-OCT-09		MISC.MISC.MISC,MESC,	GTIN-SOLAR-CENTAUR40,						
Each		KOL	20-70-10-650-A	HOLDER, FUSE, DP, CLASS CC , W/O LI P/F: OIL PLANT TURBINES A,B & C 	1	0	1	0	0	0	0		0	0	W2D-55-0D-01	( SOLAR TURBINE - 1043265-10 - Active),	20.83	Active		21	USD	25-OCT-09		MT00.TURE.0000,MESC,	GTIN-SOLAR-CENTAUR40,						
Each		KOL	20-70-10-651-A	HOLDER,FUSE,CLASS CC,NON ILLUM 	5	3	6	0	0	1	3		1	0	W2D-55-0D-01	( SOLAR TURBINE - 1043265-1 - Active),	10.83764436073654376305555555555555555554	Active		13	USD	05-MAY-04		MT00.TURE.0000,MESC,	GTIN-SOLAR-TAURUS60,GTIN-SOLAR-TAURUS60,GTIN-SOLAR-CENTAUR40,	QPC Merge Items	HOLDER,FUSE,CLASS CC,NON ILLUM P/N :- 1043265-1				
Each		KOL	20-70-10-653-A	FUSE,2 AMP,CLASS CC 	10	8	12	0	0	0	0		0	0	W2D-55-0D-02	( SOLAR TURBINE - 1043265-3 - Active),	12.878195500716609625	Active		13	USD	05-MAY-04		MT00.TURE.0000,MESC,	GTIN-SOLAR-CENTAUR40,GTIN-SOLAR-TAURUS60,GTIN-SOLAR-TAURUS60,	QPC Merge Items	FUSE 2 AMP P/N:- 1043265-3				
Each		KOL	20-70-10-654-A	FUSE,5 AMP,CLASS CC 	12	8	12	0	0	0	5		2	0	W2D-55-0D-02	( SOLAR TURBINE - 1043265-4 - Active),	13.23610663413417232317386831275720164608	Active		13	USD	05-MAY-04		MT00.TURE.0000,MESC,	GTIN-SOLAR-TAURUS60,GTIN-SOLAR-CENTAUR40,GTIN-SOLAR-TAURUS60,	QPC Merge Items	FUSE,5A P/N 1043265-4				
Each		KOL	20-70-10-655-A	FUSE,10 AMP, CLASS CC 	6	3	6	0	0	0	2		0	3	W2D-55-0D-02	( SOLAR TURBINE - 1043265-5 - Active),	13.3112966946790589375	Active		13	USD	05-MAY-04		MT00.TURE.0000,MESC,	GTIN-SOLAR-CENTAUR40,GTIN-SOLAR-TAURUS60,GTIN-SOLAR-TAURUS60,	QPC Merge Items	FUSE 10AMP P/N :- 1043265-5				
Each		KOL	20-70-10-656-A	FUSE,15 AMP,CLASS CC 	6	3	6	0	0	0	0		0	0	W2D-55-0D-02	( SOLAR TURBINE - 1043265-6 - Active),	12.17754016457491443333333333333333333333	Active		13	USD	05-MAY-04		MT00.TURE.0000,MESC,	GTIN-SOLAR-TAURUS60,GTIN-SOLAR-CENTAUR40,GTIN-SOLAR-TAURUS60,	QPC Merge Items	FUSE 15AMP P/N :- 1043265-6				
Each		KOL	20-70-10-657-A	FUSE,20 AMP,CLASS CC 	8	4	8	0	0	0	0		0	0	W2D-55-0D-03	( SOLAR TURBINE - 1043265-7 - Active),	14.00942699873232380833333333333333333338	Active		13	USD	05-MAY-04		MT00.TURE.0000,MESC,	GTIN-SOLAR-TAURUS60,GTIN-SOLAR-TAURUS60,GTIN-SOLAR-CENTAUR40,	QPC Merge Items	FUSE 20AMP P/N :- 1043265-7				
Each		KOL	20-70-10-658-A	FUSE, 25 AMP, CLASS CC P/F: OIL PLANT TURBINES A,B & C 	2	1	2	0	0	0	0		0	0	W2D-55-0D-03	( SOLAR TURBINE - 1043265-8 - Active),	13.67	Active		14	USD	25-OCT-09		MT00.TURE.0000,MESC,	GTIN-SOLAR-CENTAUR40,	QPC Merge Items	FUSE,25 A,600 V  SOLAR P/N : 1043265-8				
Each		KOL	20-70-10-659-A	FUSE,30 AMP,CLASS CC 	4	3	6	0	0	0	0		0	0	W2D-55-0D-03	( SOLAR TURBINE - 1043265-9 - Active),	11.348333333	Active		11	USD	05-MAY-04		MT00.TURE.0000,MESC,	GTIN-SOLAR-CENTAUR40,GTIN-SOLAR-TAURUS60,	QPC Merge Items	FUSE 30AMP P/N:- 1043265-9				
Each		KOL	20-70-10-660-A	FUSE  	0			0	0	0	0		0	0		( SOLAR TURBINE - 997805C1 - Active),	0	Inactive			USD	30-NOV-09		MISC.MISC.MISC,MESC,	GTIN-SOLAR-CENTAUR40,						
Each		KOL	20-70-10-671-A	DUCT BLEED HOS PF: QASR TAURUS 60 TURBINES SPARES 	1	0	1	0	0	0	0		0	0	W1H-08-0B-05	( SOLAR TURBINE - 241671-12 - NULL),	927.88135	Active		848	USD	31-AUG-09		MT00.TURE.0000,MESC,	GTIN-SOLAR-CENTAUR40,GTIN-SOLAR-TAURUS60,						
Each		KOL	20-70-10-680-A	CLAMP V-BAND PF: QASR TAURUS 60 TURBINES SPARES P/F: SOLAR TURBINE CENTAUR 40 T4500 	2	1	2	0	0	0	0		0	1	W2D-55-0D-04	( SOLAR TURBINE - 1016380 - Active),	82.2382002132890564	Active		66	USD	31-AUG-09		MT00.TURE.0000,MESC,	GTIN-SOLAR-CENTAUR40,	QPC Merge Items	BLEED VALVE CLAMP				
Each		KOL	20-70-10-681-A	SWITCH BUSHBUTTON,RED,MUSHROOM PF: QASR TAURUS 60 TURBINES SPARES& MODEL: TURBINE MODEL MARS 100 FOR QASR COMPRESSION STATION 	1	0	1	0	0	0	0		0	0	W2D-55-0D-04	( SOLAR TURBINE - 1064815-5 - NULL),( SOLAR TURBINE - 1064851-5 - Active),( STAHL - 8003/122 - Active),	215.07	Active		215	USD	30-AUG-09	*	MT00.TURE.0000,MESC,	GTIN-SOLAR-CENTAUR40,GTIN-SOLAR-TAURUS60,	QPC Merge Items	SWITCH PUSHBUTTON P/N 1064851-5				
Each		KOL	20-70-10-682-A	TRANSMITTER,0-150 PSID PF:SOLAR TURBO GEN.MODEL:GS-40 DUAL FUEL 	1	0	1	0	0	0	0		0	0	W2D-55-0D-04	( SOLAR TURBINE - 1052168-2 - Active),	1818.516266054085333333333333333333333333	Active		1765	USD	11-MAY-04		MT00.TURE.0000,MESC,	IPPS-SOLAR-GS40DUALFUEL,GTIN-SOLAR-TAURUS60,GTIN-SOLAR-CENTAUR40,	QPC Merge Items	TRANSMITTER,0-150 PSIG P/N 1052168-2				
Each		KOL	20-70-10-683-A	TRANSMITTER,PRESSURE GAGE 0-700 PSI MAX W.P.800PSI/55.2BAP. SUPPLY:10.5-55VDC, PF:SOLAR TURBINE GEN.& MODEL: TURBINE MODEL MARS 100          2 YEARS SPARE PARTS FOR QASR COMPRESSION STATION MFG:ROSEMOUNT  MODEL:3051TG3A2B21AKDM5	1	0	1	0	0	0	0		0	0	W2D-55-0D-05	( SOLAR TURBINE - 3456789-3 - Active),( SOLAR TURBINE - 1052168-3 - In-Active),( ROSEMOUNT - / - NULL),	1549.06464264573116	Active		1467	USD	11-MAY-04	*	MT00.TURE.0000,MESC,	GTIN-SOLAR-TAURUS60,GTIN-SOLAR-CENTAUR40,IPPS-SOLAR-10521683,	QPC Merge Items	TRANSMITTR,0-700 PSIG P/N 1052168-3				
Each		KOL	20-70-10-684-A	TRANSMITTER,PRESSURE GAGE 0-1500 PSIG MAX W.P:4000 PSI/21.6MPA PF:SOLAR TURBINE CENTUAR MODEL GS-40 &MODEL: TURBINE MODEL MARS 100          2 YEARS SPARE PARTS FOR QASR COMPRESSION STATION MFG:ROSEMOUNT  MODEL:3051TG4A2B21AKDM5	0	0	1	1	0	1	1		1	0	W2D-55-0D-05	( SOLAR TURBINE - 3456789-4 - Active),( SOLAR TURBINE - 1052168-4 - In-Active),( ROSEMOUNT - / - NULL),	1889.13777777778	Active		1570	USD	11-MAY-04	*	MT00.TURE.0000,MESC,	GTIN-SOLAR-CENTAUR40,GTIN-SOLAR-TAURUS60,	QPC Merge Items	TRANSMITTER,0-1500 PSIG P/N 1052168-4				
Each		KOL	20-70-10-685-A	SWITCH SELECTOR PF: QASR TAURUS 60 TURBINES SPARES 	1	0	1	0	0	0	0		0	0	W2D-55-0E-01	( SOLAR TURBINE - 1064851-2 - Active),( SOLAR TURBINE - 106815-2 - NULL),	243.62209	Active		223	USD	30-AUG-09		MT00.TURE.0000,MESC,	GTIN-SOLAR-CENTAUR40,GTIN-SOLAR-TAURUS60,	QPC Merge Items	SWITCH,SELECTOR P/N 1064851-2				
Each		KOL	20-70-10-687-A	SWITCH KEY PF: QASR TAURUS 60 TURBINES SPARES 	1	0	1	0	0	0	0		0	0	W2D-55-0E-01	( SOLAR TURBINE - 1064815-7 - NULL),( SOLAR TURBINE - 1064851-7 - Active),	376.12965	Active		344	USD	30-AUG-09		MT00.TURE.0000,MESC,	GTIN-SOLAR-TAURUS60,GTIN-SOLAR-CENTAUR40,						
Each		KOL	20-70-10-688-A	SWITCH BUSHBUTTON PF: QASR TAURUS 60 TURBINES SPARES 	1	0	1	0	0	0	0		0	0	W2D-55-0E-01	( SOLAR TURBINE - 1064851-8 - Active),( SOLAR TURBINE - 1064815-8 - NULL),	319.74578	Active		292	USD	30-AUG-09		MT00.TURE.0000,MESC,	GTIN-SOLAR-CENTAUR40,GTIN-SOLAR-TAURUS60,						
Each		KOL	20-70-10-694-A	CURRENT / VOLTAGE ANALOG INPUT 4 CHANNEL P/F: GAS COMPRESSOR & SLUG CATCHER  PROGRAMMABLE LOGIC CONTROLLER 	2	1	2	0	0	0	1		0	0	W2K-09-0D-06	( ALLEN-BRADLEY - 1769-IF4 - Active),	342.828692887640782	Active		314	USD	25-MAR-07		MT00.INST.0000,MESC,	GTIN-SOLAR-TAURUS60,VESC-SMGSRIROVIGO-10.24,ELCP-NA,GTIN-SOLAR-CENTAUR40,						
Each		KOL	20-70-10-694-B	CURRENT / VOLTAGE ANALOG INPUT 4 CHANNEL P/F: GAS COMPRESSOR & SLUG CATCHER  PROGRAMMABLE LOGIC CONTROLLER 	0			0	0	0	0		0	1	W2K-09-0D-06	( ALLEN-BRADLEY - 1769-IF4 - Active),	263.3199191955628	Active		1	USD	04-DEC-19		MT00.TURE.0000,MESC,							
Each		KOL	20-70-10-701-A	VALVE,CHECK,2.0",SS <P/F SOLAR CENTAUR TURBO GENERATOR <MODE:GS-40 DUAL FUEL 	1	0	1	1	0	0	0		0	0	W2D-55-0E-02	( SOLAR TURBINE - 1059701-7 - Active),	1926.62	Active		1927	USD	12-MAY-04		MT00.TURE.0000,MESC,	GTIN-SOLAR-CENTAUR40,						
Each		KOL	20-70-10-703-A	VALVE CHECK 3" PF: QASR TAURUS 60 TURBINES SPARES  	1	0	1	0	0	0	0		0	0	W2D-55-0E-02	( SOLAR TURBINE - 1059701-3 - Active),	1690.94663	Active		1544	USD	31-AUG-09		MT00.TURE.0000,MESC,	GTIN-SOLAR-TAURUS60,GTIN-SOLAR-CENTAUR40,	QPC Merge Items	VALVE,CHECK,3 IN  Part No.: 1059701-3  				
Each		KOL	20-70-10-704-A	VALVE G/F ASSY-P.E.C.C MODEL: TAURUS 60 S/N: TG05526, TG05527, TG05852 P/F: CRITICAL 	0	0	0	0	0	0	0		0	0		( SOLAR TURBINE - 1042017-104 - NULL),( SOLAR TURBINE - 1088209-900 - Active),	0	Inactive			USD	12-FEB-09		MISC.MISC.MISC,MESC,	GTIN-SOLAR-TAURUS60,GTIN-SOLAR-CENTAUR40,						
Each		KOL	20-70-10-710-A	STRAINER,Y TYPE,3/4" NPT CF8M600 <P/F SOLAR CENTAUR TURBO GENERATOR        <MODE:GS-40 DUAL FUEL & MODEL: TURBINE MODEL MARS 100          2 YEARS SPARE PARTS FOR QASR COMPRESSION STATION 	0			0	0	0	0		0	0		( SOLAR TURBINE - 1027105-12 - Active),	0	Inactive		254	USD	16-MAY-04		MISC.MISC.MISC,MESC,	GTIN-SOLAR-TAURUS60,GTIN-SOLAR-CENTAUR40,	QPC Merge Items	STRAINER, WYE, 3/4", THREADED, BOX-BOX, P/N 1027105-12				
Each		KOL	20-70-10-711-A	VALVE,CHECK 1.5" PF:SOLAR TURBINE MODEL GS-40,CENTUAR 	1	0	0	0	0	0	0		0	0	W2D-55-0E-02	( SOLAR TURBINE - 1059701-10 - Active),	1321.2822	Active		1308	USD	11-MAY-04		MT00.TURE.0000,MESC,	GTIN-SOLAR-CENTAUR40,GTIN-SOLAR-TAURUS60,	QPC Merge Items	VALVE,CK,1.5" 1059701-10				
Each		KOL	20-70-10-717-A	METER FLOW GAS <P/F: PM & CM OF THREE "TAURUS 60 MPU" GAS TURBINES	0	0	1	1	0	1	0		0	1	Y1S-01-0C-02	( SOLAR TURBINE - 1065717-100 - Active),	15378.71971762823141	Active		15118	USD	20-MAY-08		MT00.TURE.0000,MESC,	GTIN-SOLAR-TAURUS60,GTIN-SOLAR-TAURUS60,GTIN-SOLAR-CENTAUR40,	QPC Merge Items	FLWMTR G/F PERF MAP NEC P/N 1065717-100				
Each		KOL	20-70-10-720-A	BLANKET,INSULATION 	1	0	1	0	0	0	0		0	0	Y1S-03-0J-03	( SOLAR TURBINE - 1001877-200 - Active),	2460	Active		2460	USD	09-SEP-03		MT00.TURE.0000,MESC,	GTIN-SOLAR-CENTAUR40,						
Each		KOL	20-70-10-731-A	LIQUID FUEL FILTER LOW PRESSURE FILTER P/F: KAH TURBINES POWER STATION  	5	3	6	0	0	2	1		2	3	W2D-55-0E-03	( SOLAR TURBINE - 1069873-1 - Active),	384.539919960814477666666666666666666667	Active		293	USD	27-AUG-09		MT00.TURE.0000,MESC,	GTIN-SOLAR-CENTAUR40,GTIN-SOLAR-TAURUS60,GTIN-SOLAR-TAURUS60,	QPC Merge Items	FILTER, LIQUID FUEL ELEMENT KIT OF LOW PRESSURE P/N: 1069873-1				
Each		KOL	20-70-10-733-A	FAN,ASSY,VANE AXIAL,NEC PF:SOLAR TURBINE CENTUAR,MODEL GS-40 	1	0	1	0	0	0	0		0	0	Y1H-03-0F-03	( SOLAR TURBINE - 1056573-300 - Active),	14076.116	Active		1	USD	15-MAY-04		MT00.TURE.0000,MESC,	GTIN-SOLAR-TAURUS60,GTIN-SOLAR-CENTAUR40,						
Each		KOL	20-70-10-741-A	RELAY,SYCHRONIZINC,Z264 <BASLER-ELECTRIC>MOD.BE3-25-1A1N5 120VAC,50/60HZ 	0			0	0	0	0		0	0		( SOLAR TURBINE - 1031741-4 - Active),( SOLAR TURBINE - 1031741-1 - In-Active),	0	Inactive		403	USD	03-JUN-04		MISC.MISC.MISC,MESC,	GTIN-SOLAR-CENTAUR40,	QPC Merge Items	RELAY,SYNCH CHECK,DEAD BUS P/N 1031741-1	Finished good			
Each		KOL	20-70-10-743-A	SEALANT THREAD TYPE: ANAEROBIC PIPE THREAD SEALANT WITH PTFE TRADE NAME: SWAK PACKAGE SIZE: 50 CM3 PACKAGE TYPE: TUBE 	9	2	4	0	0	0	3		3	1	W2D-55-0E-03	( Swagelok - MS-PTS-50 - Active),( SOLAR TURBINE - 1007743 - In-Active),	11.32751362620754595555555555555555555556	Active		11	USD	05-MAY-04	*	MT00.TURE.0000,MESC,	GTIN-SOLAR-CENTAUR40,	QPC Merge Items	ANAEROBIC PIPE SEALANT 50CC P/N 1007743				
Each		KOL	20-70-10-743-A	SEALANT THREAD TYPE: ANAEROBIC PIPE THREAD SEALANT WITH PTFE TRADE NAME: SWAK PACKAGE SIZE: 50 CM3 PACKAGE TYPE: TUBE 	9	2	4	0	0	0	3		3	1	W2D-55-0E-03	( Swagelok - MS-PTS-50 - Active),( SOLAR TURBINE - 1007743 - In-Active),	11.32751362620754595555555555555555555556	Active		11	USD	05-MAY-04	*	MT00.TURE.0000,MESC,	GTIN-SOLAR-CENTAUR40,	TURBINES_SOLAR_MODEL TAURUS60					
Each		KOL	20-70-10-745-A	X-MITTER PRESS. 0-100 PSIG <P/F: PM & CM OF THREE "TAURUS 60 MPU" GAS TURBINES	2	0	2	0	0	0	0		0	0	W2D-55-0E-04	( SOLAR TURBINE - 1041174-5 - NULL),( SOLAR TURBINE - 1070670-501 - Active),	440.4189	Active		401	USD	19-MAY-08		MT00.TURE.0000,MESC,	GTIN-SOLAR-TAURUS60,GTIN-SOLAR-CENTAUR40,						
Each		KOL	20-70-10-746-A	X-MITTER PRESS. 0-600 PSIG <P/F: PM & CM OF THREE "TAURUS 60 MPU" GAS TURBINES 	2	1	2	0	0	0	0		0	0	W2D-55-0E-04	( SOLAR TURBINE - 1041174-6 - Active),( SOLAR TURBINE - 1089769-26 - Active),	396.54284830788557075	Active		390	USD	19-MAY-08		MT00.TURE.0000,MESC,	GTIN-SOLAR-TAURUS60,GTIN-SOLAR-CENTAUR40,						
Each		KOL	20-70-10-747-A	TRANSMIITER PRESSURE PF: QASR TAURUS 60 TURBINES SPARES  	2	1	2	0	0	0	0		0	0	W2D-55-0E-05	( SOLAR TURBINE - 1041174-7 - NULL),( SOLAR TURBINE - 1089769-21 - Active),	396.6567037727987648	Active		388	USD	31-AUG-09		MT00.TURE.0000,MESC,	GTIN-SOLAR-CENTAUR40,GTIN-SOLAR-TAURUS60,						
Each		KOL	20-70-10-747-B	TRANSMIITER PRESSURE PF: QASR TAURUS 60 TURBINES SPARES  	0			0	0	0	0		0	0	W2D-55-0E-05	( SOLAR TURBINE - 1041174-7 - NULL),( SOLAR TURBINE - 1089769-21 - Active),	308.3775	Active		1	USD	05-JUL-12		MT00.TURE.0000,MESC,	GTIN-SOLAR-CENTAUR40,						
Each		KOL	20-70-10-748-A	X-MITTER PRESS. 0-300 PSIG <P/F: PM & CM OF THREE "TAURUS 60 MPU" GAS TURBINES	2	1	2	0	0	0	0		0	0	W2D-55-0E-05	( SOLAR TURBINE - 1041174-8 - NULL),( SOLAR TURBINE - 1089769-22 - Active),	405.4178921938355352	Active		393	USD	19-MAY-08		MT00.TURE.0000,MESC,	GTIN-SOLAR-TAURUS60,GTIN-SOLAR-TAURUS60,GTIN-SOLAR-CENTAUR40,						
Each		KOL	20-70-10-749-A	HOSE METAL FLEX PF: QASR TAURUS 60 TURBINES SPARES 	1	0	1	0	0	0	0		0	0	W1H-08-0B-05	( SOLAR TURBINE - 1065749 - Active),	830.02523	Active		758	USD	31-AUG-09		MT00.TURE.0000,MESC,	GTIN-SOLAR-CENTAUR40,						
Each		KOL	20-70-10-751-A	O-RING PF: QASR TAURUS 60 TURBINES SPARES 	8	3	6	0	0	0	0		0	0	W2D-56-0E-01	( SOLAR TURBINE - 903752C1 - Active),	.66	Active		1	USD	31-AUG-09		MT00.TURE.0000,MESC,	GTIN-SOLAR-CENTAUR40,GTIN-SOLAR-TAURUS60,GTIN-SOLAR-TAURUS60,	QPC Merge Items	O-RING PARTS FOR NEW SOLAR TURBINES P/N:- 903752C1				
Each		KOL	20-70-10-752-A	X-MITTER. DELTA P, 0-10" WATER <P/F: PM & CM OF THREE "TAURUS 60 MPU" GAS TURBINES	2	1	2	0	0	0	0		0	0	W2D-56-0E-01	( SOLAR TURBINE - 1041175-2 - Active),	1272	Active		1272	USD	20-MAY-08		MT00.TURE.0000,MESC,	GTIN-SOLAR-TAURUS60,GTIN-SOLAR-CENTAUR40,GTIN-SOLAR-TAURUS60,						
Each		KOL	20-70-10-753-A	JOINT, PIPE, FLEX <P/F: PM & CM OF THREE "TAURUS 60 MPU" GAS TURBINES	1	0	2	0	0	0	0		0	0	W2D-56-0E-01	( SOLAR TURBINE - 1028753 - Active),	758.13	Active		1	USD	20-MAY-08		MT00.TURE.0000,MESC,	GTIN-SOLAR-CENTAUR40,GTIN-SOLAR-TAURUS60,						
Each		KOL	20-70-10-767-A	RELAY,DPDT,24-125 VDC,10 AMP PF:SOLAR TURBO.MODEL:GS-40 DUAL FUEL 	2	1	2	0	0	0	0		0	2	W2D-56-0E-02	( MAGNECRAFT - 750-XBXH-24D - NULL),( MAGNECRAFT - KR-11DGE-24 - Active),( SOLAR TURBINE - 1016767 - Active),	170.15141955	Active		114	USD	10-MAY-04		MT00.TURE.0000,MESC,	GTIN-SOLAR-CENTAUR40,	QPC Merge Items	RELAY,DPDT,24-125VDC,10A, P/N 1016767				
Each		KOL	20-70-10-771-A	PUMP.MAIN LUBE OIL ASSY PF:SOLAR CENTAUR TURBO GENERATOR MODEL:GS-40 DUAL FUEL 	1	0	1	0	0	0	1		0	0	W1H-08-0B-01	( SOLAR TURBINE - 1020777-100 - NULL),( SOLAR TURBINE - 1064476-100 - Active),	4213.78159	Active		4196	USD	10-MAY-04		MT00.TURE.0000,MESC,	GTIN-SOLAR-CENTAUR40,GTIN-SOLAR-TAURUS60,	QPC Merge Items	MAIN L/O PUMP ASSY CENT P/N 1064476-100				
Each		KOL	20-70-10-773-A	O-RING PF: QASR TAURUS 60 TURBINES SPARES 	12	4	8	0	0	0	0		0	0	W2D-56-0E-02	( SOLAR TURBINE - 956773C1 - Active),	.41	Active		0	USD	31-AUG-09		MT00.TURE.0000,MESC,	GTIN-SOLAR-TAURUS60,GTIN-SOLAR-CENTAUR40,	QPC Merge Items	O-RING P/N :- 956773Cl				
Each		KOL	20-70-10-775-A	UNION,  PF: PM & CM OF THREE "TAURUS 60 MPU" GAS TURBINE	3	2	4	0	0	0	0		0	0	W2D-56-0E-02	( SOLAR TURBINE - 1027753 - Active),	22.2375	Active		22	USD	18-MAR-08		MT00.TURE.0000,MESC,	GTIN-SOLAR-TAURUS60,GTIN-SOLAR-TAURUS60,GTIN-SOLAR-CENTAUR40,	QPC Merge Items	UNION P/N 1027753				
Each		KOL	20-70-10-781-A	SWITCH PRESSURE 4 PIN CONNECTION <P/F: PM & CM OF THREE "TAURUS 60 MPU" GAS TURBINES	2	1	2	0	0	0	0		0	0	W2D-56-0E-03	( SOLAR TURBINE - 1058378-1 - Active),	824.35575937347375625	Active		851	USD	20-MAY-08		MT00.TURE.QASR,MESC,	GTIN-SOLAR-TAURUS60,GTIN-SOLAR-TAURUS60,GTIN-SOLAR-CENTAUR40,						
Each		KOL	20-70-10-783-A	SWITCH PRESSURE 4 PIN CONNECTION <P/F: PM & CM OF THREE "TAURUS 60 MPU" GAS TURBINES	2	1	2	0	0	0	0		0	0	W2D-56-0E-03	( SOLAR TURBINE - 1058378-3 - Active),	469.44	Active		469	USD	20-MAY-08		MT00.TURE.0000,MESC,	GTIN-SOLAR-CENTAUR40,GTIN-SOLAR-TAURUS60,GTIN-SOLAR-TAURUS60,						
Each		KOL	20-70-10-789-A	METER FLOW LIQUID <P/F:  "TAURUS 60 MPU" GAS TURBINES	1	0	2	0	0	0	0		0	1	W2D-56-0E-04	( SOLAR TURBINE - 1053789-100 - Active),	6616.003115444007135	Active		6575	USD	20-MAY-08		MT00.TURE.0000,MESC,	GTIN-SOLAR-TAURUS60,GTIN-SOLAR-CENTAUR40,						
Each		KOL	20-70-10-791-A	RELAY TYPE: RT940005  VOLTAGE: 24 VDC  CURRENT: 6A  CONSTRUCTION: WITH BASE  RELAY, PLC, DC, 6A, C1D2, ATEX  MODEL: GS-40	3	5	10	5	0	5	2		2	2	W2D-56-0E-05	( SOLAR TURBINE - 1061979-1 - Active),	27.10962999999999999999999999999999999998	Active		22	USD	11-MAY-04	*	MT00.TURE.0000,MESC,	GTIN-SOLAR-CENTAUR40,GTIN-SOLAR-TAURUS60,GTIN-SOLAR-TAURUS60,	TURBINES_SOLAR_MODEL TAURUS60					
Each		KOL	20-70-10-800-A	FILTER, AIR ASSIST PF: QASR TAURUS 60 TURBINES SPARES 	1	1	2	1	0	0	1		1	2	W2D-56-0E-05	( WILKERSON CORP - F26-04-M00 - Active),( SOLAR TURBINE - 44800-3 - Active),	90.63	Active		103	USD	31-AUG-09		MT00.TURE.0000,MESC,	GTIN-SOLAR-CENTAUR40,	QPC Merge Items	FILTER METAL BOWL ( AIR ASSIST) P/N.44800-3				
Each		KOL	20-70-10-811-A	VALVE, SOLENOID, 3 WAYS, CV=4 <P/F: PM & CM OF THREE "TAURUS 60 MPU" GAS TURBINES	1	1	2	0	0	0	0		0	0	W2D-56-0D-01	( SOLAR TURBINE - 1042081-1 - Active),	454.7120786439892275	Active		450	USD	20-MAY-08		MT00.TURE.0000,MESC,	GTIN-SOLAR-TAURUS60,GTIN-SOLAR-CENTAUR40,GTIN-SOLAR-TAURUS60,	QPC Merge Items	VALVE,SOLENOID,3WAY,175 PSI  Part No.: 1042081-1  				
Each		KOL	20-70-10-811-B	VALVE, SOLENOID, 3 WAYS, CV=4 <P/F: PM & CM OF THREE "TAURUS 60 MPU" GAS TURBINES	1			0	0	0	0		0	0	W2D-56-0D-01	( SOLAR TURBINE - 1042081-1 - Active),	337.636875	Active		1	USD	06-APR-21		MT00.TURE.0000,MESC,							
Each		KOL	20-70-10-812-A	X-MITTER, GAUGE PRESSURE <PF: PM & CM OF THREE "TAURUS 60 MPU" GAS TURBINES	2	0	2	0	0	0	0		0	0	W2D-56-0D-01	( SOLAR TURBINE - 1044681-2 - Active),	978.12	Active		978	USD	20-MAY-08		MT00.TURE.0000,MESC,	GTIN-SOLAR-CENTAUR40,GTIN-SOLAR-TAURUS60,GTIN-SOLAR-TAURUS60,						
Each		KOL	20-70-10-813-A	HORN VIBRATION 24VDC,3.5VA,UL PF: QASR TAURUS 60 TURBINES SPARES 	2	1	2	0	0	0	0		2	0	W2D-56-0D-02	( SOLAR TURBINE - 1054813 - NULL),( SOLAR TURBINE - 1054813-2 - Active),( EDWARDS SIGNALING - 879EX-G1 - Active),	1079.616664309181499375	Active		858	USD	31-AUG-09		MT00.TURE.0000,MESC,	GTIN-SOLAR-CENTAUR40,GTIN-SOLAR-TAURUS60,	QPC Merge Items	HORN P/N 1054813				
Each		KOL	20-70-10-814-A	PROBE,PROXIMITY,VIBRATION P/N: 1046778-14 MODEL: TAURUS 60 S/N: TG05526, TG05527, TG05852 P/F: CRITICAL MFG: SOLAR TURBINES INC	0	0	0	0	0	0	0		0	0		( SOLAR TURBINE - 104778-14 - NULL),	0	Inactive			USD	12-FEB-09		MISC.MISC.MISC,	GTIN-SOLAR-TAURUS60,GTIN-SOLAR-CENTAUR40,						
Each		KOL	20-70-10-817-A	GAS FUEL FILTER, ELEMENT PF:  TAURUS 60 TURBINES SPARES 	3	4	8	4	0	6	1		0	1	Y1S-01-0C-03	( SOLAR TURBINE - 1060817-10 - Active),	174.527284845646549108316666666666666667	Active		172	USD	27-AUG-09		MT00.TURE.QASR,MESC,	GTIN-SOLAR-CENTAUR40,	GAS_TURBINE_GENERATOR_SET_TAURUS 60	QASR_TAG NO: KAH-TG-01,02,03,04_AND_NPCS_TAG NO:GTG-B				
Each		KOL	20-70-10-823-A	TRANSMITTER, VIBRATION TYPE: PROXIMITY PROBE TARGET MATERIAL: 4140 STEEL SYSTEM INPUT: 5M, 3300 TYPE PROPE CURRENT OUTPUT: 4-20MA = 0-10 MILS GAP OUTPUT: 0 TO -16V, 15MA MAX SCALE: -200 MV / MIL TAG NO: QA-G-8001A/B/C, EX-A-8001A P/F: QASR SOLAR MPUS TAURUS 60 NPCS SOLAR MPU TAURUS 60 KAHRMAN SOLAR MPUS TAURUS 60 	2	1	2	0	0	0	1		1	0	W2D-56-0D-03	( SOLAR TURBINE - 1077688-10 - In-Active),( CEC - 1-828-B05-10-14S REV D - Active),( SOLAR TURBINE - 1077688-2 - In-Active),( SOLAR TURBINE - 1077688-18 - Active),	1163.446064574974169	Active		1133	USD	30-AUG-09	*	MT00.TURE.0000,MESC,	GTIN-SOLAR-CENTAUR40,			Insurance			
Each		KOL	20-70-10-827-A	SELANT,WHITE,10.3 OZ PF:SOLAR TURBO MODEL:GS-40 DUAL FUEL 	0	0	0	0	0	0	0		0	0	W1A-12-0C-03	( SOLAR TURBINE - 1057827 - NULL),( SOLAR TURBINE - 998367C1 - Active),	12.29091048342976583333333333333333333333	Active		12	USD	05-MAY-04		MT00.TURE.0000,MESC,	GTIN-SOLAR-CENTAUR40,GTIN-SOLAR-TAURUS60,GTIN-SOLAR-TAURUS60,						
Each		KOL	20-70-10-830-A	X-MITTER 4-20 MA OUTPUT DISPLAY P/N: 102830-18 MODEL: TAURUS 60 S/N: TG05526, TG05527, TG05852 P/F: SOLAR TAURUS 60 TURBINES MFG: SOLAR TURBINES INC	0	0	0	0	0	0	0		0	0		( SOLAR TURBINE - 102830-18 - NULL),	0	Inactive			USD	12-FEB-09		MISC.MISC.MISC,MESC,	GTIN-SOLAR-CENTAUR40,						
Each		KOL	20-70-10-831-A	SOCKET,RELAY PF:SOLAR TURBO GEN.MODEL:GS-40 DUAL FUEL 	4	1	2	0	0	0	0		1	0	W2D-56-0D-03	( SOLAR TURBINE - 1028312 - Active),	5.8996369703542092	Active		5	USD	16-MAY-04		MT00.TURE.0000,MESC,	GTIN-SOLAR-TAURUS60,GTIN-SOLAR-CENTAUR40,	QPC Merge Items	SOCKET,RELAY,24VDC,DIN RAIL P/N 1028312				
Each		KOL	20-70-10-832-A	X-MITTER 4-20 MA OUTPUT DISPLAY P/N: 102830-20 MODEL: TAURUS 60 S/N: TG05526, TG05527, TG05852 P/F: SOLAR TAURUS 60 TURBINES MFG: SOLAR TURBINES INC	0	0	0	0	0	0	0		0	0		( SOLAR TURBINE - 102830-20 - NULL),	0	Inactive			USD	12-FEB-09		MISC.MISC.MISC,MESC,	GTIN-SOLAR-CENTAUR40,						
Each		KOL	20-70-10-842-A	VALVE,DELTA P P/N: 1090584-2 MODEL: TAURUS 60 S/N: TG05526, TG05527, TG05852 P/F: REPAIR KITS / COMPONENTS - 2 YRS MFG: SOLAR TURBINES INC	0	0	0	0	0	0	0		0	0		( SOLAR TURBINE - 1090584-2 - NULL),	0	Inactive			USD	12-FEB-09		MISC.MISC.MISC,	GTIN-SOLAR-CENTAUR40,						
Each		KOL	20-70-10-844-A	MOTOR,AC,NEMA P/N: 104844-14 MODEL: TAURUS 60 S/N: TG05526, TG05527, TG05852 P/F: INSURANCE SPARES MFG: SOLAR TURBINES INC	0	0	0	0	0	0	0		0	0		( SOLAR TURBINE - 104844-14 - NULL),	0	Inactive			USD	12-FEB-09		MISC.MISC.MISC,	GTIN-SOLAR-CENTAUR40,						
Each		KOL	20-70-10-871-A	COUPLING,(FLEXIBLE JAW TYPE) PF:SOLAR TURBINE CENTUAR MODEL GS-40 DUAL FILTER 	1	0	1	0	0	0	0		0	0	W2D-56-0D-03	( SOLAR TURBINE - 1043968-71 - Active),( SOLAR TURBINE - 1060045-71 - Active),	103.37	Active		103	USD	11-MAY-04		MT00.TURE.0000,MESC,	GTIN-SOLAR-CENTAUR40,GTIN-SOLAR-TAURUS60,	QPC Merge Items	COUPLING,FLEX,ATEX P/N 1060045-71				
Each		KOL	20-70-10-874-A	GAS FUEL FILTER, ELEMENT PF: QASR TAURUS 60 TURBINES SPARES 	10	6	12	0	0	4	0		3	4	Y1S-01-0C-04	( SOLAR TURBINE - 1060817-40 - Active),	137.321818181818181818181818181818181818	Active		139	USD	31-AUG-09		MT00.TURE.0000,MESC,	GTIN-SOLAR-TAURUS60,GTIN-SOLAR-TAURUS60,GTIN-SOLAR-TAURUS60,GTIN-SOLAR-CENTAUR40,	QPC Merge Items	FILTER, ELEMENT, 2", SPARE KIT P/N:- 1060817-40				
Each		KOL	20-70-10-876-A	GASKET 2", # 300 <P/F: PM & CM OF THREE "TAURUS 60 MPU" GAS TURBINES	7	4	8	0	0	0	0		0	0	W2D-56-0D-03	( SOLAR TURBINE - 1017876 - Active),	9.87328273765952220952380952380952380953	Active		6	USD	19-MAY-08		MT00.TURE.QASR,MESC,	GTIN-SOLAR-TAURUS60,GTIN-SOLAR-CENTAUR40,	QPC Merge Items	GASKET, SPIRAL WOUND, FOR RF FLANGE 2" CLASS 300, P/N 1017876				
Each		KOL	20-70-10-880-A	BOLT 3/8-16X200, PF: PM & CM OF THREE "TAURUS 60 MPU" GAS TURBINE	12	4	8	0	0	0	0		0	0	W2D-56-0D-04	( SOLAR TURBINE - 1031880 - Active),	25.860003224335417025	Active		24	USD	18-MAR-08		MT00.TURE.0000,MESC,	GTIN-SOLAR-TAURUS60,GTIN-SOLAR-TAURUS60,GTIN-SOLAR-CENTAUR40,	QPC Merge Items	BOLT, 3/8-16X2, P/N. 1031880				
Each		KOL	20-70-10-886-A	RELAY ASSEMBLY 24 VDC SEE MESC (20-70-95-833) 	1	0	1	0	0	0	0		0	0	W2D-56-0D-04	( Donaldson - P12-5886 - Active),( YYCO ELECTRONICS - KUP-14D15-24 +27E893 - Active),	122.03626	Active		85	EUR	07-APR-08		MT00.TURE.0000,MESC,	GTIN-SOLAR-CENTAUR40,GTIN-SOLAR-TAURUS60,						
Each		KOL	20-70-10-887-A	MOTOR STARTER, HITORQUE <P/F: PM & CM OF THREE "TAURUS 60 MPU" GAS TURBINES	1	0	1	0	0	0	0		0	0	Y1H-03-0G-01	( SOLAR TURBINE - 1018488-7 - Active),	16025.79	Active		1	USD	20-MAY-08		MT00.TURE.0000,MESC,	GTIN-SOLAR-TAURUS60,GTIN-SOLAR-CENTAUR40,GTIN-SOLAR-TAURUS60,						
Each		KOL	20-70-10-891-A	CLAMP,  PF: PM & CM OF THREE "TAURUS 60 MPU" GAS TURBINE	4	2	4	0	0	0	0		0	0	W2D-56-0D-04	( SOLAR TURBINE - 108911-2 - Active),	5.7475	Active		1	USD	18-MAR-08		MT00.TURE.0000,MESC,	GTIN-SOLAR-TAURUS60,GTIN-SOLAR-TAURUS60,GTIN-SOLAR-CENTAUR40,						
Each		KOL	20-70-10-893-A	GASKET, SPIRAL WOUND METALLIC     (PK/2 EACH)        PF:SOLAR TURBO MODEL:GS-40 DUAL FUEL P/F IN AG FIELD: SOLAR MARS ENGINE AND CONTROL SYSTEM (LUBE OIL SYSTEM ) ''TRNS.GULF NEW PROJECT'' 	2	1	2	0	0	0	0		0	0	W2D-56-0D-05	( SOLAR TURBINE - 1017893 - Active),	7.1217261286402021625	Active		6	USD	11-MAY-04		MT00.TURE.0000,MESC,	GTIN-SOLAR-TAURUS60,GTIN-SOLAR-CENTAUR40,	QPC Merge Items	GASKET, SPIRAL WOUND, METALLIC, 2", 150, P/N. 1017893	Finished good			
Each		KOL	20-70-10-897-A	GASKET,SPIRAL 4"-150# PF:SOLAR TURBO MODEL:GS-40 DUAL FUEL 	2	1	2	0	0	0	0		0	2	W2D-56-0D-05	( SOLAR TURBINE - 1017897 - Active),	8.77060935029608308	Active		9	USD	11-MAY-04		MT00.TURE.0000,MESC,	GTIN-SOLAR-TAURUS60,GTIN-SOLAR-TAURUS60,GTIN-SOLAR-CENTAUR40,	QPC Merge Items	GASKET, SPIRAL WOUND, FOR RF FLANGE 4" CLASS 150, P/N 1017897	Finished good			
Each		KOL	20-70-10-905-A	GASKET PF:SOLAR TURBO MODEL:GS-40 DUAL FUEL 	8	5	10	0	0	0	0		0	2	W2D-56-0D-05	( SOLAR TURBINE - 1017905 - Active),	9.086687732646761535	Active		9	USD	11-MAY-04		MT00.TURE.0000,MESC,	GTIN-SOLAR-TAURUS60,GTIN-SOLAR-CENTAUR40,GTIN-SOLAR-TAURUS60,			Finished good			
Each		KOL	20-70-10-909-A	ACTUATOR PF: QASR TAURUS 60 TURBINES SPARES 	1	0	1	0	0	0	0		0	0	W1H-08-0B-06	( SOLAR TURBINE - 1030909-1 - NULL),( SOLAR TURBINE - 1066610-101 - Active),	1842.09	Active		1842	USD	31-AUG-09		MT00.TURE.0000,MESC,	GTIN-SOLAR-CENTAUR40,	QPC Merge Items	VALVE ACTUATOR BLEED P/N. 1030909-1				
Each		KOL	20-70-10-910-A	POWER SUPPLY,BN1701,ISOLATING 24VDC FUSE TYPE:3A 250VDC PF:SOLAR TURBO GEN.MODEL:GS-40 DUAL FUEL & MODEL: TURBINE MODEL MARS 100          2 YEARS SPARE PARTS FOR QASR COMPRESSION STATION 	2	0	1	0	0	0	0		0	0	W2D-56-0C-01	( SOLAR TURBINE - 1034549-11 - Active),( SOLAR TURBINE - 1034549-10 - In-Active),( Bently Nevada - 1701/10 - Active),	959.08958204654017	Active		975	USD	10-MAY-04	*	MT00.TURE.0000,MESC,	GTIN-SOLAR-CENTAUR40,	QPC Merge Items	SUPPLY PWR BN 1701 ISLG P/N 1034549-10				
Each		KOL	20-70-10-911-A	CLAMP,  PF: PM & CM OF THREE "TAURUS 60 MPU" GAS TURBINE	12	3	6	0	0	0	0		0	0	W2D-56-0C-01	( SOLAR TURBINE - 108911-1 - Active),	13.6375	Active		1	USD	18-MAR-08		MT00.TURE.0000,MESC,	GTIN-SOLAR-CENTAUR40,GTIN-SOLAR-TAURUS60,GTIN-SOLAR-TAURUS60,						
Each		KOL	20-70-10-912-A	VALVE SOLENOID PF:SOLAR TURBO GEN.MODEL:GS-40 DUAL FUEL 	0	0	0	0	0	0	0		1	1	W2D-57-0B-03	( SOLAR TURBINE -  1016391-2 - Active),	1310.09	Active		1310	USD	10-MAY-04		MT00.TURE.0000,MESC,	GTIN-SOLAR-TAURUS60,GTIN-SOLAR-CENTAUR40,GTIN-SOLAR-TAURUS60,						
Each		KOL	20-70-10-913-A	DRIVE VARAIBLE SPEED STARTER MOTOR <P/F: PM & CM OF THREE "TAURUS 60 MPU" GAS TURBINES	1	0	1	0	0	0	0		0	0	Y1H-03-0B-02	( SOLAR TURBINE - 1112342-11201 - Active),( SOLAR TURBINE - 1052291-3 - In-Active),	32979.2	Active		32979	USD	20-MAY-08	*	MT00.TURE.0000,MESC,	GTIN-SOLAR-TAURUS60,GTIN-SOLAR-CENTAUR40,						
Each		KOL	20-70-10-918-A	VALVE ASSY PF: QASR TAURUS 60 TURBINES SPARES MFG: SOLAR TURBINES CO 	0	0	0	0	0	0	0		0	0	W1H-09-0B-02	( SOLAR TURBINE - 1061918-301 - Active),( SOLAR TURBINE - 1061918-300-2 - In-Active),( SOLAR TURBINE - 1061918-300 - In-Active),	8754.50174098407481	Active		8282	USD	31-AUG-09	*	MT00.TURE.0000,MESC,	GTIN-SOLAR-TAURUS60,GTIN-SOLAR-CENTAUR40,	QPC Merge Items	VALVE ASSY, 3 IN,3-WAY,PRESS  Part No.: 1061918-300  				
Each		KOL	20-70-10-918-B	VALVE ASSY PF: QASR TAURUS 60 TURBINES SPARES  	0			0	0	0	0		0	0	W1H-09-0A-03	( SOLAR TURBINE - 1061918-300 - Active),	6112.08	Active		1	USD	25-AUG-15		MT00.TURE.0000,MESC,							
Each		KOL	20-70-10-921-A	MONITOR,SEISMIC,BN1701,INPUT <P/N:103459-21 <P/F SOLAR CENTAUR TURBO GENERATOR <MODE:GS-40 DUAL FUEL <MFG:SOLAR	0			0	0	0	0		0	0		( SOLAR TURBINE - 106459-21 - NULL),	0	Inactive			USD	10-MAY-04		MISC.MISC.MISC,	GTIN-SOLAR-CENTAUR40,						
Each		KOL	20-70-10-926-A	REGULATOR,PILOT,PRESSURE 30-300 PSIG 	1	0	0	0	0	0	0		0	0	W2D-56-0C-01	( SOLAR TURBINE - 1008942- 6 - Active),	176.27	Active		176	USD	29-APR-06		MT00.TURE.0000,MESC,	GTIN-SOLAR-CENTAUR40,						
Each		KOL	20-70-10-933-A	COOLER AIR TO OIL T60 CED <P/F: PM & CM OF THREE "KAHRAMAN TAURUS 60 MPU" GAS TURBINES 	0	0	0	0	0	0	0		0	0	Y1P-03-0C-01	( SOLAR TURBINE - 1063993-3 - Active),( SOLAR TURBINE - 1052528-1 - In-Active),( SOLAR TURBINE - 1063993-1 - NULL),	22539	Active		22539	USD	20-MAY-08	*	MT00.TURE.0000,MESC,	GTIN-SOLAR-CENTAUR40,GTIN-SOLAR-TAURUS60,						
Each		KOL	20-70-10-933-B	COOLER AIR TO OIL T60 CED <P/F: PM & CM OF THREE "KAHRAMAN TAURUS 60 MPU" GAS TURBINES  	0			0	0	0	0		0	0	Y1S-03-0C-01	( SOLAR TURBINE - 1063993-1 - Active),	16904.25	Active		1	USD	12-APR-17		MT00.TURE.0000,MESC,							
Each		KOL	20-70-10-934-A	MOTOR ELECTRIC TYPE: INDUCTION MOTOR ROTATIONAL SPEED: 2920 RPM FRAME: L 213TC VOLTAGE: 380 V CURRENT TYPE: AC CURRENT: 10.5 A PHASE: 3 POLE: AS PER MANUFACTURER FREQUENCY: 50 HZ MOUNT: HORIZONTAL ENCLOSURE: TEFC INSULATION CLASS: F SERVICE FACTOR: 1.15 ABB/ BALDOR/ RELIANCE ELECTRIC DUTY MASTER XT (EXTRA TOUGH) MOTOR.	1	0	1	0	0	0	0		0	0	W1H-09-0A-01	( SOLAR TURBINE - 190114-9 - Active),	1623.10749777881084	Active		1617	USD	27-NOV-22	*	MT00.TURE.0000,MESC,		TURBINES_SOLAR_MODEL CENTAUR40		Critical			
Each		KOL	20-70-10-934-A	MOTOR ELECTRIC TYPE: INDUCTION MOTOR ROTATIONAL SPEED: 2920 RPM FRAME: L 213TC VOLTAGE: 380 V CURRENT TYPE: AC CURRENT: 10.5 A PHASE: 3 POLE: AS PER MANUFACTURER FREQUENCY: 50 HZ MOUNT: HORIZONTAL ENCLOSURE: TEFC INSULATION CLASS: F SERVICE FACTOR: 1.15 ABB/ BALDOR/ RELIANCE ELECTRIC DUTY MASTER XT (EXTRA TOUGH) MOTOR.	1	0	1	0	0	0	0		0	0	W1H-09-0A-01	( SOLAR TURBINE - 190114-9 - Active),	1623.10749777881084	Active		1617	USD	27-NOV-22	*	MT00.TURE.0000,MESC,		QPC Merge Items	MOTOR, 7.5HP, 380/50/3, TYP3, SH,F P/N: 190114-9  	Critical			
Each		KOL	20-70-10-936-A	REPAIR KIT TYPE: REPAIR SEAL KIT	1	1	2	0	0	0	0		0	0	W2D-56-0C-02	( SOLAR TURBINE - 964343C1 - Active),	248.8615109748207	Active		180	USD	27-NOV-22	*	MT00.TURE.0000,MESC,		TURBINES_SOLAR_MODEL CENTAUR40		Insurance			
Each		KOL	20-70-10-943-A	LAMP.LED,AMBER,CLASS 1,DIV 1 	3	2	4	0	0	0	0		0	0	W2D-56-0C-02	( SOLAR TURBINE - 1020943 - Active),	91.44209	Active		91	USD	05-MAY-04		MT00.TURE.0000,MESC,	GTIN-SOLAR-TAURUS60,GTIN-SOLAR-CENTAUR40,						
Each		KOL	20-70-10-944-A	LAMP.LED, RED,CLASS 1,DIV2 	4	2	4	0	0	0	0		0	0	W2D-56-0C-02	( SOLAR TURBINE - 1020944 - Active),	91.44209	Active		91	USD	05-MAY-04		MT00.TURE.0000,MESC,	GTIN-SOLAR-TAURUS60,GTIN-SOLAR-CENTAUR40,						
Each		KOL	20-70-10-948-A	THERMO COUPLE INPUT 8 CHANEL <P/F: GAS COMPRESSOR & SLUG CATCHER PROGRAMMABLE LOGIC CONTROLLER 	2	1	2	0	0	0	0		0	0	W2K-09-0D-07	( ALLEN-BRADLEY - 1794-IT8 - Active),	812.084	Active		598	EUR	25-MAR-07		MT00.TURE.0000,MESC,	GTIN-SOLAR-CENTAUR40,						
Each		KOL	20-70-10-951-A	VALVE,SOLENOID PF:SOLAR TURBINE CENTUAR MODEL GS-40 DUAL FUEL 	2	1	2	0	0	0	0		0	0	W2D-56-0C-03	( SOLAR TURBINE - 1045095-100 - Active),	1956.30188	Active		1890	USD	11-MAY-04		MT00.TURE.0000,MESC,	GTIN-SOLAR-TAURUS60,GTIN-SOLAR-CENTAUR40,	QPC Merge Items	VALVE,SOLENOID,3 WAY,NC P/N 1045095-100				
Each		KOL	20-70-10-970-A	PROXIMITOR,ACCELEROMETER,BN1701 PF:SOLAR TURBO GEN.MODEL:GS-40 DUAL FUEL 	3	1	2	0	0	0	0		0	0	W2D-56-0C-03	( SOLAR TURBINE - 1034549-70 - Active),	473.861000875393143020833333333333333333	Active		575	USD	10-MAY-04		MT00.TURE.0000,MESC,	GTIN-SOLAR-CENTAUR40,	QPC Merge Items	PROXIMITOR ACCLRM BN 1701 P/N 1034549-70				
Each		KOL	20-70-10-981-A	SWITCH,PUSH BUTTON PF:SOLAR TURBO GEN.MODEL:GS-40 DUAL FUEL 	3	2	4	0	0	0	0		0	2	W2D-56-0C-03	( SOLAR TURBINE - 1032981 - Active),	195.106913027932622	Active		185	USD	11-MAY-04		MT00.TURE.0000,MESC,	GTIN-SOLAR-CENTAUR40,GTIN-SOLAR-TAURUS60,						
Each		KOL	20-70-10-982-A	SWITCH,PUSH BUTTON PF:SOLAR TURBO GEN.MODEL:GS-40 DUAL FUEL 	3	2	4	0	0	0	0		0	2	W2D-56-0C-04	( SOLAR TURBINE - 1032982 - Active),	196.127893027932622	Active		185	USD	11-MAY-04		MT00.TURE.0000,MESC,	GTIN-SOLAR-CENTAUR40,GTIN-SOLAR-TAURUS60,						
Each		KOL	20-70-10-992-A	TRANSMITTER, ACCELERATION VIB PF: QASR TAURUS 60 TURBINES SPARES  	2	1	2	0	0	0	0		0	0	W1H-08-0B-06	( SOLAR TURBINE - 1021099-23 - NULL),( SOLAR TURBINE - 1086391-200 - Active),	2396.0515	Active		2189	USD	30-AUG-09		MT00.TURE.0000,MESC,	GTIN-SOLAR-CENTAUR40,						
Each		KOL	20-70-10-994-A	SIGHT GAUGE GLASS,1.50 PF:SOLAR TURBO GEN.MODEL:GS-40 DUAL FUEL & MODEL: TURBINE MODEL MARS 100          2 YEARS SPARE PARTS FOR QASR COMPRESSION STATION 	4	0	1	0	0	0	0		0	0	W2D-56-0C-04	( SOLAR TURBINE - 1039199-4 - Active),	103.0165182961140475	Active		102	USD	11-MAY-04		MT00.TURE.0000,MESC,	GTIN-SOLAR-TAURUS60,GTIN-SOLAR-CENTAUR40,	QPC Merge Items	GAGE SIGHT 17/8-12UN-2A P/N 1039199-4				
Each		KOL	20-70-10-995-A	LUBE OIL SEPARATOR ELEMENT PF: KAH TURBINES POWER STATION  	18	2	4	0	0	0	0		0	0	Y1S-03-0L.0M-01.02	( SOLAR TURBINE - 998970C1 - Active),	3520.32	Active		3520	USD	31-AUG-09		MT00.TURE.0000,MESC,	GTIN-SOLAR-TAURUS60,GTIN-SOLAR-CENTAUR40,GTIN-SOLAR-TAURUS60,	QPC Merge Items	ELEMENT, OIL SEPARATOR ,P/N :- 998970C1				
Each		KOL	20-70-11-051-A	MONITOR,ENGINE SPEED <BENDIX> P/N:80900008,MOD. SC1-12580-4PT2 	0	0	0	0	0	0	0		0	0	W1A-12-0B-01	( SOLAR TURBINE - 110051-6 - Active),	2817.75	Active		2818	USD	18-JUN-03		MT00.TURE.0000,MESC,	GTIN-SOLAR-CENTAUR40,			Finished good			
Each		KOL	20-70-11-065-A	PULSATION DAMPENER,TYPE NO.1/2"-1106S	4	0	0	0	0	0	0		0	0	W2D-00-DR-02		77.64	Active		78	USD	18-JUN-03		MT00.TURE.0000,MESC,	GTIN-SOLAR-CENTAUR40,			Finished good			
Each		KOL	20-70-11-111-A	LAMP P/F: OIL PLANT TURBINES A,B & C 	2	1	2	0	0	0	0		0	0	W2D-56-0C-04	( SOLAR TURBINE -  996011C1 - Active),	9.58	Active		10	USD	25-OCT-09		MT00.TURE.0000,MESC,	GTIN-SOLAR-CENTAUR40,						
Each		KOL	20-70-11-122-A	GAUGE PRESS. 0-60 PSI, DIAL 4", BACK CONN.1/4" NPT, SS, GLYC. FILLED 	1	0	1	0	0	0	0		1	0	W2D-56-0C-05	( SOLAR TURBINE - 111220-2 - In-Active),( SOLAR TURBINE - 1094631-2 - Active),	113.26355320428707336	Active		97	USD	18-JUN-03	*	MT00.TURE.0000,MESC,	GTIN-SOLAR-CENTAUR40,			Finished good			
Each		KOL	20-70-11-124-A	GAUGE PRESS. 0-160 PSI, DIAL 4", BACK CONN.1/4" NPT, SS, GLYC. FILLED 	1	0	1	0	0	0	0		0	0	W2D-56-0C-05	( SOLAR TURBINE - 1094631-4 - Active),( SOLAR TURBINE - 111220-4 - NULL),	207.09935748692242288	Active		95	USD	18-JUN-03		MT00.TURE.0000,MESC,	GTIN-SOLAR-CENTAUR40,			Finished good			
Each		KOL	20-70-11-126-A	GAUGE PRESSURE. 0-300 PSI, DIAL 4", BACK CONNECTION.1/4" NPT, SS, GLYCERINE. FILLED 	0	0	1	1	0	0	0		1	0	W2D-56-0C-05	( ASHCROFT - 10-1008-SL-02B-300 - Active),( SOLAR TURBINE - 111220-6 - In-Active),	89.7434472943842257	Active		67	EUR	18-JUN-03		MT00.TURE.0000,MESC,	GTIN-SOLAR-CENTAUR40,			Finished good			
Each		KOL	20-70-11-130-A	TUBE TYPE: TORCH IGNITOR TUBE 	1	0	1	0	0	0	0		0	0	W2D-56-0B-01	( SOLAR TURBINE - 117857-300 - Active),	1029.609594370683204	Active		1021	USD	29-JUL-19	*	MT00.TURE.0000,MESC,		TURBINES_SOLAR_MODEL CENTAUR40		Insurance			
Each		KOL	20-70-11-132-A	PIN TYPE: TORCH IGNITOR PIN 	10	0	1	0	0	0	0		0	0	W2D-56-0B-01	( SOLAR TURBINE - 952416C1 - Active),	.29	Active		0	USD	29-JUL-19	*	MT00.TURE.0000,MESC,		TURBINES_SOLAR_MODEL CENTAUR40		Insurance			
Each		KOL	20-70-11-134-A	BOLT TYPE: TORCH IGNITOR BOLT 	8	4	8	0	0	0	0		0	0	W2D-56-0B-01	( SOLAR TURBINE - 908739C1 - Active),	1.05	Active		1	USD	29-JUL-19	*	MT00.TURE.0000,MESC,		TURBINES_SOLAR_MODEL CENTAUR40		Insurance			
Each		KOL	20-70-11-141-A	BASE RELAY (FOR 3 AMP RELAY) P/F: OIL PLANT TURBINES A,B & C 	10	0	1	0	0	0	0		0	0	W2D-56-0B-02	( SOLAR TURBINE -  959714C1 - Active),	10.79	Active		11	USD	26-OCT-09		MT00.TURE.0000,MESC,	GTIN-SOLAR-CENTAUR40,						
Each		KOL	20-70-11-167-A	BASE, TERM, SPRING, 3WIRE, ROHS P/N: 1051931-67 P/F: OIL PLANT TURBINES A,B & C MFG: SOLAR TURBINES	0	0	0	0	0	0	0		0	0	W1A-12-0B-03	( SOLAR TURBINE - 1051931-67 - NULL),	159.56	Inactive		160	USD	25-OCT-09		MISC.MISC.MISC,	GTIN-SOLAR-TAURUS60,GTIN-SOLAR-CENTAUR40,						
Each		KOL	20-70-11-169-A	BASE, TERM, SPRING, FLEX, ROHS SER A 125VDC P/F: OIL PLANT TURBINES A,B & C & MODEL: TURBINE MODEL MARS 100          2 YEARS SPARE PARTS FOR QASR COMPRESSION STATION 	1	0	1	0	0	0	0		0	0	W2D-56-0B-02	( SOLAR TURBINE - 1051931-69 - Active),( ALLEN-BRADLEY - 1794-TB3T5Q28 - Active),	163.76	Active		164	USD	25-OCT-09		MT00.TURE.0000,MESC,	GTIN-SOLAR-TAURUS60,GTIN-SOLAR-CENTAUR40,	QPC Merge Items	BASE,TEMP,SPRING, FLEX,ROHS P/N 1051931-69				
Each		KOL	20-70-11-171-A	BASE, GENERIC, SPRING, FLEX, ROHS,-20-+70C P/F: OIL PLANT TURBINES A,B & C & MODEL: TURBINE MODEL MARS 100          2 YEARS SPARE PARTS FOR QASR COMPRESSION STATION SEE M.E.C-20-70-10-320-A SEE MESC : 20-70-10-212-A	0	0	0	0	0	0	0		0	0	W1A-12-0B-04	( SOLAR TURBINE - 1051931-71 - Active),( ALLEN-BRADLEY - 1794-TB3G5Q28 - Active),	163.76	Active		164	USD	25-OCT-09		MT00.TURE.0000,MESC,	GTIN-SOLAR-CENTAUR40,GTIN-SOLAR-TAURUS60,						
Each		KOL	20-70-11-172-A	VALVE RELIEF VALVE SIZE: PSV 3/4 INCH X 1 INCH PRESSURE RATING: 550PSI PSV 3/4 inch, SAFETY RELIEF VALVE ( LASER ) 3/4" ANSI-300# RF X 1" ANSI-150#	1	0	1	0	0	0	0		0	0	W2D-56-0B-02	( LESER - 4374.3142 - Active),( INDUFIL - 89356425 - Active),	842.954068809408	Active		581	EUR	19-MAR-19	*	MT00.TURE.0000,MESC,		QPC Merge Items	Compact Performance Safety Relief Valve	Critical			
Each		KOL	20-70-11-172-A	VALVE RELIEF VALVE SIZE: PSV 3/4 INCH X 1 INCH PRESSURE RATING: 550PSI PSV 3/4 inch, SAFETY RELIEF VALVE ( LASER ) 3/4" ANSI-300# RF X 1" ANSI-150#	1	0	1	0	0	0	0		0	0	W2D-56-0B-02	( LESER - 4374.3142 - Active),( INDUFIL - 89356425 - Active),	842.954068809408	Active		581	EUR	19-MAR-19	*	MT00.TURE.0000,MESC,		TURBINES_SOLAR_MODEL CENTAUR40		Critical			
Each		KOL	20-70-11-174-A	VALVE RELIEF VALVE SIZE: PSV 11/2 INCH X 2 INCH PRESSURE RATING: 350PSI PSV 11/2 inch, SAFETY RELIEF VALVE ( LASER ) 11/2" ANSI-300# RF X 2" ANSI-150# 	1	0	1	0	0	0	0		0	0	W1H-08-0C-02	( LESER - 5264.0412 - Active),( INDUFIL - 89376478 - Active),	2729.1966139926333	Active		1732	EUR	19-MAR-19	*	MT00.TURE.0000,MESC,		TURBINES_SOLAR_MODEL CENTAUR40		Critical			
Each		KOL	20-70-11-176-A	VALVE CHECK VALVE SIZE: 02 IN CHECK VALVE FOR AUTOMATIC DRAIN,  CHECK VALVE 1"ANSI-300# RF L=22  	1	0	1	0	0	0	0		0	0	W2D-56-0B-03	( INDUFIL - 89267000 - Active),	473.34	Active		483	USD	19-MAR-19	*	MT00.TURE.0000,MESC,		TURBINES_SOLAR_MODEL CENTAUR40		Critical			
Each		KOL	20-70-11-178-A	FILTER ELEMENT GAS FILTER ELEMENT (INR-S-00760-D-UPGF)	4	0	4	0	0	0	0		0	0	W1H-08-0C-03	( INDUFIL - 87488351 - Active),	.01	Active		1	USD	19-MAR-19	*	MT00.TURE.0000,MESC,		TURBINES_SOLAR_MODEL CENTAUR40		Critical			
Each		KOL	20-70-11-180-A	O-RING KIT TYPE: SEAL O-RING, (O-RING 94.5 MM FLUOROSILICONE) 	4	0	4	0	0	0	0		0	0	W2K-09-0D-07	( INDUFIL - 87461028 - Active),	784.5517063856778225	Active		784	USD	19-MAR-19	*	MT00.TURE.0000,MESC,		TURBINES_SOLAR_MODEL CENTAUR40		Critical			
Each		KOL	20-70-11-182-A	SWITCH LEVEL VOLTAGE: 24 GAS FILTER LEVEL SWITCH, MS41 MAGNETIC LEVEL GAUGE SWITCH 	1	0	1	0	0	0	0		0	0	W2D-56-0B-03	( ABB - MS41.S.F7.E1 - Active),( INDUFIL - / - Active),( ABB - MS41/S/F7/CEX - Active),	1124.07871119196359	Active		1123	USD	20-MAR-19	*	MT00.TURE.0000,MESC,		TURBINES_SOLAR_MODEL CENTAUR40		Insurance			
Each		KOL	20-70-11-184-A	TRANSMITTER PRESSURE TYPE: PRESSURE TRANSMITTER INPUT: 0-2.1 BARG PRESSURE RANGE: 3626 PSI PRESSURE TRANSMITTER ROSEMOUNT 3051 CAPLANAR, ORDER NUMBER 3051CD3A02A1AS5KDM5Q8 WITH INTEGRAL MANIFOLD 0305RC32B11B4L4 	1	0	1	0	0	0	0		0	0	W2D-56-0B-03	( Emirson - 3051CD3A02A1AS5KDM5Q8 - Active),( INDUFIL - / - Active),( ROSEMOUNT - 3051CD3A02A1AS5KDM508 - In-Active),	3066	Active		2816	USD	20-MAR-19	*	MT00.TURE.0000,MESC,		TURBINES_SOLAR_MODEL CENTAUR40		Insurance			
Each		KOL	20-70-11-186-A	TRANSMITTER PRESSURE INPUT: 0-600PSI PRESSURE RANGE: MAX.W.P 800 PSI OUTLET GAS PRESSURE TRANSMITTER ,  ROSEMOUNT 3051 PRESSURE TRANSMITTERS SMART FAMILY HART, O/P=4-----20 MA CALIBRATION 0-----600 PSI MAX.W.P 800 PSI SUPPLY 10.5-----42.4 VDC 	0	0	0	0	0	0	0	20-70-10-683-A  - Merge  ,	0	0		( ROSEMOUNT - 3051TG3A2B21AKDM5Q4QB - Active),( INDUFIL - / - Active),	0	Active		1	USD	20-MAR-19	*	MT00.TURE.0000,MESC,		TURBINES_SOLAR_MODEL CENTAUR40		Critical			
Each		KOL	20-70-11-188-A	INDICATOR TEMPERATURE TYPE: GAUGE TEMPERATURE RATING: 0---200 F TEMPRATURE GAUGE, TEMPRATURE GAUGE,  1/2'' NPT, RANGE 0---200 F GROUP:IT01 	1	0	1	0	0	0	0		0	0	W2D-56-0B-04	( WIKA - 73275713 - Active),( WIKA - R52-100 - NULL),( INDUFIL - 89226234 - NULL),	103.703700903647	Active		2100	EGP	20-MAR-19	*	MT00.TURE.0000,MESC,		TURBINES_SOLAR_MODEL CENTAUR40		Insurance			
Each		KOL	20-70-11-190-A	DETECTOR TEMPERATURE VOLTAGE: 24 VDC GAS INLET AND OUTPUT TEMP RTD, RTD(PT100)-PROBE TR 293(EX) 	1	0	1	0	0	0	0		0	0	W2D-56-0B-04	( GHM MESSTECHNIK GMBH (MARTENS) - TR293-EX/00-2-9/3-250-KV1/2B-BSZ-600-00 - Active),( INDUFIL - 89268756 - Active),	659.295	Active		673	USD	20-MAR-19	*	MT00.TURE.0000,MESC,		TURBINES_SOLAR_MODEL CENTAUR40		Critical			
Each		KOL	20-70-11-192-A	DETECTOR TEMPERATURE TYPE: RTD PT100 SIMPLEX VOLTAGE: 24 VDC ELEMENT H AND HH TEMP DETECTOR, RTD PT100 SIMPLEX 	0	0	1	1	0	0	0		0	0		( H&B SENSORS LTD - HBS/1/6167 - Active),( INDUFIL - 90940768 - Active),	0	Active		1	USD	20-MAR-19	*	MT00.TURE.0000,		TURBINES_SOLAR_MODEL CENTAUR40		Critical			
Each		KOL	20-70-11-194-A	SWITCH LIMIT VOLTAGE: 24VDC SOV POSITION SWITCH, DISCRETE POSITION SENSOR 	0	0	1	1	0	0	0		0	0		( TOPWORX - TXP-K2CGNMM - Active),( INDUFIL - / - Active),	0	Active		1	USD	20-MAR-19	*	MT00.TURE.0000,		TURBINES_SOLAR_MODEL CENTAUR40		Critical			
Each		KOL	20-70-11-196-A	VALVE SOLENOID PIPE SIZE: 6MM VOLTAGE: 24VDC PRESSURE RATING: 0-12BAR SOV SOLENOID VALVE, DIRECT ACTING SOLENOID VALVE MAXSEAL (ICO3S) 	0	0	0	0	0	0	0	60-98-58-086-A  - Merge  ,	0	0		( THOMPSON - Y013ANAH1BS - Active),( INDUFIL - / - Active),	0	Active		1	USD	20-MAR-19	*	MT00.TURE.0000,MESC,		TURBINES_SOLAR_MODEL CENTAUR40		Critical			
Each		KOL	20-70-11-198-A	ACTUATOR PNEUMATIC TYPE: SINGLE ACTING PRESSURE RATING: 3-10 BAR MAX SOV ACTUATOR, SHUTOFF VALVE ACTUATOR,  SINGLE ACTING, ANTICLOCKWISE PST.MAX = 10 BAR 	0	0	1	1	0	0	0		0	0		( MRC TRANSMARK - GTWB.190x90.08.NP36A.F14.100 - Active),( INDUFIL - 90930118 - Active),	0	Active		1	USD	20-MAR-19	*	MT00.TURE.0000,MESC,		TURBINES_SOLAR_MODEL CENTAUR40		Critical			
Each		KOL	20-70-11-200-A	ACTUATOR PNEUMATIC TYPE: SINGLE ACTING PRESSURE RATING: 3-10 BAR MAX ADV ACTUATOR, SHUTOFF VALVE ACTUATOR,  SINGLE ACTING, ANTICLOCKWISE PST.MAX = 10 BAR 	0	0	1	1	0	0	0		0	0		( INDUFIL - 90930121 - Active),( MRC TRANSMARK - GTWB.83x90.08.NP17A.F05/F07.100 - Active),	0	Active		1	USD	20-MAR-19	*	MT00.TURE.0000,MESC,		TURBINES_SOLAR_MODEL CENTAUR40		Critical			
Each		KOL	20-70-11-202-A	ACTUATOR PNEUMATIC PRESSURE RATING: 3-10 BAR MAX AVV ACTUATOR, SHUTOFF VALVE ACTUATOR,  SINGLE ACTING, COUNTER CLOCKWISE PST.MAX = 10 BAR 	0	0	1	1	0	0	0		0	0		( MRC TRANSMARK - GTWB.118x90.GTWB.118x90.08.NP22A.F077F10.013 - Active),( INDUFIL - / - Active),	0	Active		1	USD	20-MAR-19	*	MT00.TURE.0000,MESC,		TURBINES_SOLAR_MODEL CENTAUR40		Critical			
Each		KOL	20-70-11-204-A	GEARBOX TYPE: WHEEL MECHANISM SOV GEAR BOX WHEEL MECHANISM,	0	0	1	1	0	0	0		0	0		( PRO-GEAR - MO-D700 - Active),( INDUFIL - / - Active),	0	Active		1	USD	20-MAR-19	*	MT00.TURE.0000,MESC,		TURBINES_SOLAR_MODEL CENTAUR40		Insurance			
Each		KOL	20-70-11-206-A	GEAR BOX TYPE: WHEEL MECHANISM AVV GEAR BOX WHEEL MECHANISM,  	0	0	1	1	0	0	0		0	0		( PRO-GEAR - MO-D350 - Active),( INDUFIL - / - Active),	0	Active		1	USD	20-MAR-19	*	MT00.TURE.0000,MESC,		TURBINES_SOLAR_MODEL CENTAUR40		Insurance			
Each		KOL	20-70-11-208-A	GEARBOX TYPE: WHEEL  4 INCH ISOLATING VALVES GEAR BOX WHEEL MECHANISM 	0	0	1	1	0	0	0		0	0		( PRO-GEAR - Q-400S - Active),( INDUFIL - / - Active),	0	Active		1	USD	20-MAR-19	*	MT00.TURE.0000,MESC,		TURBINES_SOLAR_MODEL CENTAUR40		Insurance			
Each		KOL	20-70-11-210-A	REGULATOR PRESSURE PRESSURE RANGE: 0-125 PSI, MAX=250 PSI PCV AIR REGULATOR, FISHER AIR REGULATOR,  MAX SUPPLY PRESSURE = 250 PSI OUTPUT PRESSURE RANGE 0---125 PSI 	0	0	0	0	0	0	0	59-23-55-005-A  - Merge  ,	0	0		( Emerson \ Fisher Control - FS-67CFR-226 - Active),( INDUFIL - / - Active),	0	Active		188	USD	20-MAR-19	*	MT00.TURE.0000,MESC,	VASC-BoppReuther-SI8301G,	QPC Merge Items	PRESSURE REGULATOR, TYPE 67CFR-226, 250 PSI, 0-125 PSI	Critical			
Each		KOL	20-70-11-210-A	REGULATOR PRESSURE PRESSURE RANGE: 0-125 PSI, MAX=250 PSI PCV AIR REGULATOR, FISHER AIR REGULATOR,  MAX SUPPLY PRESSURE = 250 PSI OUTPUT PRESSURE RANGE 0---125 PSI 	0	0	0	0	0	0	0	59-23-55-005-A  - Merge  ,	0	0		( Emerson \ Fisher Control - FS-67CFR-226 - Active),( INDUFIL - / - Active),	0	Active		188	USD	20-MAR-19	*	MT00.TURE.0000,MESC,	VASC-BoppReuther-SI8301G,	TURBINES_SOLAR_MODEL CENTAUR40		Critical			
KIT		KOL	20-70-11-211-A	MOTOR KIT TYPE: AC MOTOR 380V 50HZ CONSISTS OF 1: INDUCTION MOTOR CONSISTS OF 2: GEAR COUPLING ASSY KIT MOTOR&COUPLING ASSY P/F: OIL PLANT TURBINES A,B , C & D	1	0	1	0	0	0	0		0	0	Y1S-02-0D-01	( SOLAR TURBINE - 1110429-3200 - Active),( SOLAR TURBINE - 1017918-211 - In-Active),	10319.55	Active		10320	USD	26-OCT-09	*	MT00.TURE.0000,MESC,	GTIN-SOLAR-CENTAUR40,	TURBINES_SOLAR_MODEL CENTAUR40					
Each		KOL	20-70-11-222-A	GAUGE PRESS. 0-60 PSI, DIAL 4", LOWER CONN.1/4" NPT, SS, GLYC.FILLED 	0	0	1	1	0	0	0		1	0	W2D-56-0B-04	( ASHCROFT - 100=T5500=S=L=02=L=60#=X=GR=EN - Active),( ASHCROFT - 111221-2 - NULL),( ASHCROFT - 1097223-2 - Active),	47.4793653091999890998	Active		31	EUR	18-JUN-03		MT00.INST.0000,MESC,	GTIN-SOLAR-CENTAUR40,			Finished good			
Each		KOL	20-70-11-241-A	SWITCH,PUSH BUTTON (EP) 	1	0	1	0	0	0	0		0	0	W2D-56-0B-04	( SOLAR TURBINE - 112471-1 - Active),	141.65219431986986271	Active		139	USD	18-JUN-03		MT00.TURE.0000,MESC,	GTIN-SOLAR-CENTAUR40,			Finished good			
Each		KOL	20-70-11-247-A	SWITCH,SELECTOR (EP) 	0	0	0	0	0	0	0		0	0		( SOLAR TURBINE - 112472-1 - Active),	0	Inactive		126	USD	18-JUN-03		MISC.MISC.MISC,MESC,	GTIN-SOLAR-CENTAUR40,			Finished good			
Each		KOL	20-70-11-249-A	SWITCH,SELECTOR 3 POS.MAINTAIN CAM 2 NEP 	1	0	0	0	0	0	0		0	0	W2D-00-DR-02	( SOLAR TURBINE - 112496-1 - Active),	207.75	Active		208	USD	18-JUN-03		MT00.TURE.0000,MESC,	GTIN-SOLAR-CENTAUR40,			Finished good			
Each		KOL	20-70-11-271-A	RESISTOR, CARB, 3.3K 1/4W 5% P/F: OIL PLANT TURBINES A,B & C 	10	5	10	0	0	0	0		0	0	W2D-56-0B-05	( SOLAR TURBINE - 908727C1 - Active),	1.21	Active		1	USD	26-OCT-09		MT00.TURE.0000,MESC,	GTIN-SOLAR-CENTAUR40,						
Each		KOL	20-70-11-278-A	ACTUATOR SUPPORT ASSY. 	1	0	1	0	0	0	0		0	0	W1H-08-0B-06	( SOLAR TURBINE - 112787-100 - Active),	2457.42	Active		2457	USD	18-JUN-03		MT00.TURE.0000,MESC,	GTIN-SOLAR-CENTAUR40,			Finished good			
Each		KOL	20-70-11-302-A	IGNITER ASSY TORCH-CS-E P/F: GAS COMPRESSOR INLET& ASSOCIATED TAG NO: 1851,52,53,54,61/62	1	0	1	0	0	0	0		0	0	W2D-56-0B-05	( SOLAR TURBINE - 113020-102 - Active),( SOLAR TURBINE - 113020-101 - In-Active),	1653.569233724912864	Active		1603	USD	18-JUN-03	*	MT00.TURE.0000,MESC,	GTIN-SOLAR-CENTAUR40,			Routine			
Each		KOL	20-70-11-312-A	METER, AC V,0-4125 P/F: OIL PLANT TURBINES A,B & C 	1	0	1	0	0	0	0		0	0	W1H-08-0B-06	( SOLAR TURBINE - 186533-12 - Active),	231.04	Active		231	USD	26-OCT-09		MT00.TURE.0000,MESC,	GTIN-SOLAR-CENTAUR40,						
Each		KOL	20-70-11-321-A	VALVE,SOLENOID 3-WAY,24 VDC,1/4" PORT, XP.,OP. PRESS. 40-175 PSI, MOD. VSG-3321-H-XX 243 SXX <VERSA>	0			0	0	0	0		0	0	W1A-12-0B-06		159.55	Active		160	USD	18-JUN-03		MT00.TURE.0000,MESC,	GTIN-SOLAR-CENTAUR40,			Finished good			
Each		KOL	20-70-11-332-A	REGULATOR, PRESSURE P/F: OIL PLANT TURBINES A,B & C 	1	0	1	0	0	0	0		0	0	W2D-56-0B-05	( SOLAR TURBINE - 186273-32 - Active),	592.55	Active		593	USD	26-OCT-09		MT00.TURE.0000,MESC,	GTIN-SOLAR-CENTAUR40,						
Each		KOL	20-70-11-338-A	METER, AC V,0-4500 P/F: OIL PLANT TURBINES A,B & C 	10	0	1	0	0	0	0		0	0	W2D-56-0A-1-2	( SOLAR TURBINE - 186533-8 - Active),	411.61	Active		412	USD	26-OCT-09		MT00.TURE.0000,MESC,	GTIN-SOLAR-CENTAUR40,	QPC Merge Items	METER AC V 0-4500 P/N 186533-8				
KIT		KOL	20-70-11-421-A	KIT, REGULATOR REPAIR, PRESSURE P/F: OIL PLANT TURBINES A,B & C 	3	1	2	0	0	0	0		0	0	W2D-56-0A-03	( SOLAR TURBINE -  997942C1 - Active),	366.18699	Active		383	USD	26-OCT-09		MT00.TURE.0000,MESC,	GTIN-SOLAR-CENTAUR40,						
Each		KOL	20-70-11-430-A	COUPLING FLEXIBLE PART NO. : 116430-73	1	0	1	0	0	0	0		0	0	W2D-56-0A-03	( SOLAR TURBINE - 116430-73 - NULL),	155.84	Active		156	USD	18-JUN-03		MT00.TURE.0000,MESC,	GTIN-SOLAR-CENTAUR40,	QPC Merge Items	COUPLING, FLEXIBLE P/N 116430-73	Finished good			
Each		KOL	20-70-11-444-A	CONTRLOLLER, EGAL QUANTUM,MODULE,FIRE SYSTEM ELEET RATING:24VDC 18-30VDC 12W MAX P/F: OIL PLANT TURBINES A,B & C &MODEL: TURBINE MODEL MARS 100          2 YEARS SPARE PARTS FOR QASR COMPRESSION STATION 	1	0	1	0	0	0	0		0	0	W2D-56-0A-04	( SOLAR TURBINE - 1056244-24  - NULL),( SOLAR TURBINE - 1056244-4 - NULL),( DET-TRONICS - EQ3005PCNT - Active),	7191.24527322687993	Active		6031	USD	25-OCT-09		MT00.TURE.0000,MESC,	GTIN-SOLAR-TAURUS60,GTIN-SOLAR-CENTAUR40,	QPC Merge Items	MODULE,FIRE,SYSTEM,CONTROLLER  Part No.: 1056244-24  				
Each		KOL	20-70-11-457-A	FUEL NOZZLES, DUAL FUEL 	6	2	5	0	0	0	0		0	0	W1H-08-0B-06	( SOLAR TURBINE - 114570-105 - Active),	1702.3	Active		1702	USD	18-JUN-03		MT00.TURE.0000,MESC,	GTIN-SOLAR-CENTAUR40,			Finished good			
Each		KOL	20-70-11-461-A	DETECTOR, THERMAL P/F: OIL PLANT TURBINES A,B & C 	2	1	2	0	0	0	0		0	0	W2D-56-0A-04	( SOLAR TURBINE - 1052461 - Active),	633.556666666666666666666666666666666667	Active		641	USD	25-OCT-09		MT00.TURE.0000,MESC,	GTIN-SOLAR-CENTAUR40,	QPC Merge Items	DETECTOR,THERMAL P/N 1052461				
Each		KOL	20-70-11-471-A	SYNCHROSCOPE 50 HZ P/F: OIL PLANT TURBINES A,B & C 	1	0	1	0	0	0	0		0	0	W2D-56-0A-05	( SOLAR TURBINE - 127147-1 - Active),	1401.21	Active		1401	USD	26-OCT-09		MT00.TURE.0000,MESC,	GTIN-SOLAR-CENTAUR40,	QPC Merge Items	SYNCHROSCOPE 50 HZ P/N 127147-1				
Each		KOL	20-70-11-502-A	VFD P/F: OIL PLANT TURBINES A,B & C 	1	0	1	0	0	0	0		0	0	W1H-09-0A-01	( SOLAR TURBINE - 1069178-3502 - Active),	9582.95	Active		9583	USD	26-OCT-09		MT00.TURE.0000,MESC,	GTIN-SOLAR-CENTAUR40,						
Each		KOL	20-70-11-609-A	GAUGE OIL LEVEL 	2	1	2	0	0	0	0		0	0	W2D-56-0A-05	( SOLAR TURBINE - 116091-6 - Active),	46.25	Active		46	USD	18-JUN-03		MT00.TURE.0000,MESC,	GTIN-SOLAR-CENTAUR40,			Finished good			
Each		KOL	20-70-11-643-A	SWITCH,PRESSURE <CCS>MOD.642DHE783 CCS P/N:116434-3,PROF 250PSIG 	1	0	1	0	0	0	0		0	0	W2D-56-0A-05	( SOLAR TURBINE - 116434-3 - Active),	146.12	Active		146	USD	18-JUN-03		MT00.TURE.0000,MESC,	GTIN-SOLAR-CENTAUR40,			Finished good			
Each		KOL	20-70-11-644-A	SWITCH,PRESSURE <CCS>MOD.642DHE706 CCS P/N:116434-4,PROF 15 PSIG 	2	0	0	0	0	0	0		0	0	W2D-00-DR-02	( SOLAR TURBINE - 116434-4 - Active),	430.44829	Active		462	USD	18-JUN-03		MT00.TURE.0000,MESC,	GTIN-SOLAR-CENTAUR40,			Finished good			
Each		KOL	20-70-11-645-A	LIGHT ASSY GREEN, CSA P/F: OIL PLANT TURBINES A,B & C 	1	0	1	0	0	0	0		0	0	W2D-57-0A-01	( SOLAR TURBINE - 1008645 - Active),	103.15	Active		103	USD	26-OCT-09		MT00.TURE.0000,MESC,	GTIN-SOLAR-CENTAUR40,						
Each		KOL	20-70-11-646-A	LIGHT ASSY RED, CSA P/F: OIL PLANT TURBINES A,B & C 	1	0	1	0	0	0	0		0	0	W2D-57-0A-01	( SOLAR TURBINE - 1008646 - Active),	107.04	Active		107	USD	26-OCT-09		MT00.TURE.0000,MESC,	GTIN-SOLAR-CENTAUR40,						
Each		KOL	20-70-11-647-A	LIGHT ASSY AMBER, CSA P/F: OIL PLANT TURBINES A,B & C 	1	0	1	0	0	0	0		0	0	W2D-57-0A-01	( SOLAR TURBINE - 1008647 - Active),	107.04	Active		107	USD	26-OCT-09		MT00.TURE.0000,MESC,	GTIN-SOLAR-CENTAUR40,						
Each		KOL	20-70-11-674-A	VALVE,CHECK 1",<STRATAFLO> BRASS 	2	1	2	0	0	0	0		0	0	W2D-00-DR-02	( SOLAR TURBINE - 116705-4 - Active),	89.92583680139325057375	Active		71	USD	18-JUN-03		MT00.TURE.0000,MESC,	GTIN-SOLAR-CENTAUR40,			Finished good			
Each		KOL	20-70-11-675-A	VALVE,CHECK 1.1/4" <STRATAFLO>BRASS 	2	0	0	0	0	0	0		0	0	W2D-00-DR-02	( SOLAR TURBINE - 116705-5 - Active),	2.17	Active		2	USD	18-JUN-03		MT00.TURE.0000,MESC,	GTIN-SOLAR-CENTAUR40,			Finished good			
Each		KOL	20-70-11-680-A	VALVE,THROTTLE GAS ASSY. 	0	0	0	0	0	0	0		0	0	W1A-12-0A-03	( SOLAR TURBINE - 116748-1000 - Active),	1826.88	Active		1827	USD	18-JUN-03		MT00.TURE.0000,MESC,	GTIN-SOLAR-CENTAUR40,			Finished good			
Each		KOL	20-70-11-681-A	HOSE METAL FLEX 	3	1	2	0	0	0	0		0	0	W1H-08-0B-07	( SOLAR TURBINE - 116752 -11 - Active),	328.492287554841133333333333333333333333	Active		424	USD	18-JUN-03		MT00.TURE.0000,MESC,	GTIN-SOLAR-CENTAUR40,			Finished good			
Each		KOL	20-70-11-685-A	VALVE,RELIEF<CIRCLE SEAL> 	2	0	0	0	0	0	0		0	0	W2D-00-DR-02	( SOLAR TURBINE - 116799 -1 - Active),( SOLAR TURBINE - 5139T-4TT-200 - Active),	412.25	Active		412	USD	18-JUN-03		MT00.TURE.0000,MESC,	GTIN-SOLAR-CENTAUR40,			Finished good			
Each		KOL	20-70-11-687-A	VALVE,RELIEF <FLURA CONTROL> 	2	1	2	0	0	0	0		0	0	W2D-00-DR-02	( SOLAR TURBINE - 116878 -1 - Active),( SOLAR TURBINE - AXP2406-002 - Active),	90.94	Active		91	USD	18-JUN-03		MT00.TURE.0000,MESC,	GTIN-SOLAR-CENTAUR40,			Finished good			
Each		KOL	20-70-11-701-A	FILTER,AIR (HOUSING & ELEMENT) <PTI TECHNOLOGIES INC> MODEL FT-12-13- 05,5000 PSI ,FLUID FUEL ELEMENT PN:7511232,FILTER PN:7584857 PF:SOLAR TURBINE MODEL CENTUAR 40       (UNITS A,B,C)  	1	0	0	0	0	0	0		0	0	W2D-57-0A-02	( SOLAR TURBINE - 116701-2 - Active),	6815.0382686591719	Active		5810	USD	29-MAY-06		MT00.TURE.0000,MESC,	GTIN-SOLAR-CENTAUR40,						
Each		KOL	20-70-11-706-A	CYLINDER HYD FTMR 5X1SP VITON 	2	0	0	0	0	0	0		0	0	W2D-00-DR-02	( SOLAR TURBINE - 117066 -3 - Active),	249.3	Active		249	USD	18-JUN-03		MT00.TURE.0000,MESC,	GTIN-SOLAR-CENTAUR40,			Finished good			
Each		KOL	20-70-11-710-A	ELECTRIC STARTER MOTOR 	0	0	0	0	0	0	0		0	0	PY1-W02	( SOLAR TURBINE - 117710-3 - Active),	2764.31	Active		2764	USD	18-JUN-03		MT00.TURE.0000,MESC,	GTIN-SOLAR-CENTAUR40,			Finished good			
KIT		KOL	20-70-11-740-A	SHIM MATERIAL: STAINLESS STEEL SHIM KIT IS USED IN SOLAR TURBINES  UNITS (A, B, C,& D)   	0	0	1	1	0	0	1		0	0	W1H-09-0A-02	( SOLAR TURBINE - 1177402-200 - NULL),( SOLAR TURBINE - 117402-200 - NULL),( SOLAR TURBINE - 1171628-100 - Active),	2789.214695	Active		2148	USD	18-JUN-03	*	MT00.TURE.0000,MESC,	GTIN-SOLAR-CENTAUR40,	TURBINES_SOLAR_MODEL CENTAUR40		Finished good			
Each		KOL	20-70-11-784-A	GASKET 	1	0	0	0	0	0	0		0	0	W2D-00-DR-02	( SOLAR TURBINE - 117842-5 - Active),	5.4	Active		5	USD	18-JUN-03		MT00.TURE.0000,MESC,	GTIN-SOLAR-CENTAUR40,			Finished good			
Each		KOL	20-70-11-785-A	INGITER TUBE TORCH 	2	0	1	0	0	0	0		0	0	W2D-57-0A-02	( SOLAR TURBINE - 117857-200 - Active),	561.8	Active		562	USD	18-JUN-03		MT00.TURE.0000,MESC,	GTIN-SOLAR-CENTAUR40,			Finished good			
Each		KOL	20-70-11-792-A	SOLENOID ADAPTER 	1	0	1	0	0	0	0		0	0	W2D-00-DR-02	( SOLAR TURBINE - 117942-4 - Active),	10.39	Active		10	USD	18-JUN-03		MT00.TURE.0000,MESC,	GTIN-SOLAR-CENTAUR40,GTIN-SOLAR-TAURUS60,			Finished good			
Each		KOL	20-70-11-794-A	VALVE 4-WAY  VERSA 	2	1	2	0	0	0	0		-1	0	W2D-57-0A-03	( SOLAR TURBINE - 1016391-1 - Active),( SOLAR TURBINE - 117942-1 - NULL),	534.688386588206144333333333333333333333	Active		488	USD	18-JUN-03		MT00.TURE.0000,MESC,	GTIN-SOLAR-CENTAUR40,	QPC Merge Items	VALVE, SOLENOID P/N 1016391-1	Finished good			
Each		KOL	20-70-11-795-A	O-RING 	1	0	1	0	0	0	0		0	0	W2D-00-DR-02	( SOLAR TURBINE - 117942-7 - Active),	9.27421	Active		8	USD	18-JUN-03		MT00.TURE.0000,MESC,	GTIN-SOLAR-CENTAUR40,			Finished good			
Each		KOL	20-70-11-828-A	BOARD PART NO. : 118284-5	0	0	0	0	0	0	0		0	0	W2K-09-0D-05	( SOLAR TURBINE - 118284-5 - NULL),	81.79	Active		82	USD	18-JUN-03		MT00.TURE.0000,	GTIN-SOLAR-CENTAUR40,			Finished good			
Each		KOL	20-70-11-828-B	BOARD 	0			0	0	0	0		0	0	W2K-09-0D-05	( SOLAR TURBINE - 118284-5 - Active),	61.34	Active		1	USD	18-JUN-03		MT00.TURE.0000,MESC,	GTIN-SOLAR-CENTAUR40,			Finished good			
Each		KOL	20-70-11-882-A	SPOOL EXHAUST  KIT PN/116882-9100 CONSIST OF A:CLAMP V-BAND B:CUT EXTENSION C:GASKET SEE MESC : 20-70-11-910-A	0	0	0	0	0	0	0		0	0		( SOLAR TURBINE - 116882-9100  - NULL),	0	Inactive			USD	19-OCT-03		MISC.MISC.MISC,	GTIN-SOLAR-CENTAUR40,						
Each		KOL	20-70-11-905-A	REGULATOR FLOW   	2	1	2	0	0	0	0		0	0	W2D-57-0A-03	( SOLAR TURBINE - 1069003-400 - Active),( SOLAR TURBINE - 119052-4 - NULL),	242.39122996343906399	Active		202	USD	18-JUN-03	*	MT00.TURE.0000,MESC,	GTIN-SOLAR-CENTAUR40,			Finished good			
Each		KOL	20-70-11-906-A	REGULATOR FLOW TYPE: REGULATOR CONNECTION SIZE: 5/8-18 CONNECTION TYPE: UNF REGULATOR FOR GAS CALIBRATION CYLINDER, MANUFACTURER CAL GAZ, MODEL 715 , FLOW 0.5LPM 	0	2	4	0	0	0	0		0	0		( CALGAZ - 715 - Active),	0	Active		500	USD	19-AUG-23	*	MT00.TURE.0000,MESC,		TURBINES_SOLAR_MODEL CENTAUR40		Insurance			
KIT		KOL	20-70-11-910-A	EXHAUST SPOOL KIT CONSIST OF:1 EA CLAMP V-BAND PN.112419-1 1 EA DUCT EXTENSION PN.116997-0 28 EA NUT HEX.PN.23827R1. 24 EA BOLT HEX HEAD PN.24828R1. 28 EA WASHER FLAT PN.24829R1. 4 EA BOLT HEX HEAD PN.27405R1. 1 EA GASKET 30 INCH EXHAUST PN.945896C2. PF:CENTAUR 40 GAS TURBINED MOD.T4701. 	0	0	0	0	0	0	0		0	0	Y1H-03-0H-02	( SOLAR TURBINE - 116882-9100 - Active),	4174.17	Active		4197	USD	03-DEC-03		MT00.TURE.0000,MESC,	GTIN-SOLAR-CENTAUR40,						
Each		KOL	20-70-11-911-A	GASKET,EXHAUST 30" PF:CENTAUR 40 GAS TURBINES MOD.T4701 	1	0	1	0	0	0	0		0	0	W1H-08-0B-07	( SOLAR TURBINE - 945896C2 - Active),	81.95237333333333333333333333333333333333	Active		83	USD	27-JAN-04		MT00.TURE.0000,MESC,	GTIN-SOLAR-CENTAUR40,						
Each		KOL	20-70-11-921-A	DIODE 1N4007 P/F: OIL PLANT TURBINES A,B & C & MODEL: TURBINE MODEL MARS 100          2 YEARS SPARE PARTS FOR QASR COMPRESSION STATION 	10	2	4	0	0	0	0		0	0	W2D-57-0A-04	( SOLAR TURBINE - 960592C1 - Active),	.14	Active		0	USD	26-OCT-09		MT00.TURE.0000,MESC,	GTIN-SOLAR-CENTAUR40,	QPC Merge Items	DIODE 1N4007 P/N 960592C1				
Each		KOL	20-70-11-922-A	CLAMP TYPE: V-BAND V-BAND CLAMP EQUIPMENT NAME: CENTAUR 40 GAS TURBINE EQUIPMENT MODEL: CENTAUR 40 	1	0	1	0	0	0	0		0	0	Y1S-03-0G-04	( SOLAR TURBINE - 1556729 - Active),	1877.44081692977612	Active		1543	USD	07-APR-21	*	MT00.TURE.0000,MESC,				Insurance			
Each		KOL	20-70-11-924-A	DUCT TYPE: EXTENSION STRAIGHT EXHAUST DUCT EXTENSION EQUIPMENT NAME:CENTAUR 40 GAS TURBINE EQUIPMENT MODEL:CENTAUR 40	1	0	1	0	0	0	0		0	0	Y1S-03-0G-04	( SOLAR TURBINE - 116997-0 - Active),	5463.96	Active		5464	USD	01-APR-21	*	MT00.TURE.0000,MESC,		TURBINES_SOLAR_MODEL CENTAUR40		Insurance			
Each		KOL	20-70-11-926-A	BOLT TYPE: HEX HEAD HEAD: HEX BOLT HEX HEAD EQUIPMENT NAME:CENTAUR 40 GAS TURBINE EQUIPMENT MODEL:CENTAUR 40	4	2	4	0	0	0	0		0	0	W2D-57-0A-04	( SOLAR TURBINE - 27405R1 - Active),	18.12	Active		18	USD	01-APR-21	*	MT00.TURE.0000,MESC,		TURBINES_SOLAR_MODEL CENTAUR40		Insurance			
Each		KOL	20-70-11-928-A	BOLT TYPE: HEXA HEAD HEAD: HEX BOLT HEX HEAD EQUIPMENT NAME:CENTAUR 40 GAS TURBINE EQUIPMENT MODEL:CENTAUR 40	24	12	24	0	0	0	0		0	0	W2D-57-0A-05	( SOLAR TURBINE - 24828R1 - Active),	19.12	Active		19	USD	01-APR-21	*	MT00.TURE.0000,MESC,		TURBINES_SOLAR_MODEL CENTAUR40		Insurance			
Each		KOL	20-70-11-930-A	NUT TYPE: JAM JAM NUT EQUIPMENT NAME:CENTAUR 40 GAS TURBINE EQUIPMENT MODEL:CENTAUR 40	28	14	28	0	0	0	0		0	0	W2D-57-0A-05	( SOLAR TURBINE - 23827R1 - Active),	7.68	Active		8	USD	01-APR-21	*	MT00.TURE.0000,MESC,		TURBINES_SOLAR_MODEL CENTAUR40		Insurance			
Each		KOL	20-70-11-932-A	WASHER FLAT TYPE: FLAT WASHER FLAT EQUIPMENT NAME:CENTAUR 40 GAS TURBINE EQUIPMENT MODEL:CENTAUR 40	28	14	28	0	0	0	0		0	0	W2D-57-0B-01	( SOLAR TURBINE - 24829R1 - Active),	5.75	Active		1	USD	01-APR-21	*	MT00.TURE.0000,MESC,		TURBINES_SOLAR_MODEL CENTAUR40		Insurance			
Each		KOL	20-70-11-957-A	DETECTOR  TYPE: FLAME, MULTISPECTRUM IR, LON  VOLTAGE: 24 VDC NOMINAL (18-30 VDC)  MODEL: X3301A4N14T1  MATERIALS: ALUMINUM  FEATURES: EAGLE QUANTUM PREMIER LON OUTPUT  CONDUIT CONNECTION: FOUR PORTS, 3/4" NPT  CERTIFICATIONS: SIL 2/FM/CSA/ATEX/CE/IECEX  CLASSIFICATION: DIVISION/ZONE EX D E  	0	0	1	0	0	0	2		0	1	W2D-57-0B-01	( SOLAR TURBINE - 1078695-47 - In-Active),( SOLAR TURBINE - 1078695-67 - Active),( SOLAR TURBINE - 1078695-27 - In-Active),( DET-TRONICS - / - Active),( SOLAR TURBINE - 1078695-7 - In-Active),	5424.736666666665	Active		3975	USD	26-OCT-09	*	MT00.TURE.0000,MESC,	GTIN-SOLAR-CENTAUR40,GTIN-SOLAR-TAURUS60,	QPC Merge Items	DETECTOR,FLAME,MIR,ALUM,SIL2 P/N 3958.42	Insurance			
Each		KOL	20-70-11-957-A	DETECTOR  TYPE: FLAME, MULTISPECTRUM IR, LON  VOLTAGE: 24 VDC NOMINAL (18-30 VDC)  MODEL: X3301A4N14T1  MATERIALS: ALUMINUM  FEATURES: EAGLE QUANTUM PREMIER LON OUTPUT  CONDUIT CONNECTION: FOUR PORTS, 3/4" NPT  CERTIFICATIONS: SIL 2/FM/CSA/ATEX/CE/IECEX  CLASSIFICATION: DIVISION/ZONE EX D E  	0	0	1	0	0	0	2		0	1	W2D-57-0B-01	( SOLAR TURBINE - 1078695-47 - In-Active),( SOLAR TURBINE - 1078695-67 - Active),( SOLAR TURBINE - 1078695-27 - In-Active),( DET-TRONICS - / - Active),( SOLAR TURBINE - 1078695-7 - In-Active),	5424.736666666665	Active		3975	USD	26-OCT-09	*	MT00.TURE.0000,MESC,	GTIN-SOLAR-CENTAUR40,GTIN-SOLAR-TAURUS60,	COMPRESSOR SET GAS TURBINE_SOLAR TURBINES_DRIVER: MARS 100 16000SA CS/MD, DRIVEN: C3356HEH-2529	QASR COMPRESSION STATION _START OF LINE(SOL)_QA-GTK-8001A/B/C/D	Insurance			
Each		KOL	20-70-11-957-B	DETECTOR, FLAM, MIR, ALUM, SIL2 P/F: OIL PLANT TURBINES A,B & C 	1			0	0	0	0		0	0	W2D-57-0B-01		3011.3175	Active		1	USD	28-MAR-25		MISC.MISC.MISC,MESC,							
KIT		KOL	20-70-12-004-A	KIT ELEMENT AND O-RING PF; CENTAUR GAS TURBINE SOLAR T.G 4500        GEN. 3PH 50HZ 6- LEAD 3300 VOLT 	0	0	0	0	0	0	0		0	0	W1A-12-0A-06	( SOLAR TURBINE - 1024134-1 - Active),	89.1562534527928809047619047619047619048	Active		94	USD	18-JUN-03		MT00.TURE.0000,MESC,	GTIN-SOLAR-CENTAUR40,	QPC Merge Items	FILTER, ELEMENT KIT, 20 GPM, 2000 PSIG SYNTETIC P/N: 1024134-1	Finished good			
Each		KOL	20-70-12-013-A	HOSE RUBBER HIGH PRESSURE. 5ID 	2	0	0	0	0	0	0		0	0	W2D-57-0B-01	( SOLAR TURBINE - 1200013-110 - Active),	20.54	Active		21	USD	18-JUN-03		MT00.TURE.0000,MESC,	GTIN-SOLAR-CENTAUR40,			Finished good			
Each		KOL	20-70-12-029-A	VALVE,CHECK,<PARKER-HYDRAULIC> 	2	1	2	0	0	0	0		0	2	W2D-00-DR-02	( Parker - 493-6SS-2 - Active),( SOLAR TURBINE - 120029-1 - NULL),( SOLAR TURBINE - 1030794-1 - NULL),	428.945	Active		361	USD	18-JUN-03		MT00.TURE.0000,MESC,	GTIN-SOLAR-TAURUS60,GTIN-SOLAR-CENTAUR40,	QPC Merge Items	VALVE,CK P/N 1030794-1	Finished good			
Each		KOL	20-70-12-070-A	POTENTIOMETER MOTORIZED 	0	0	0	0	0	0	0		0	0	W2D-57-0B-02	( SOLAR TURBINE - 120708-4 - Active),	723.31	Active		727	USD	18-JUN-03		MT00.TURE.0000,MESC,	GTIN-SOLAR-CENTAUR40,			Finished good			
Each		KOL	20-70-12-082-A	RELAY,TIMER 30SEC.,<AGASTAT> P/N:9238120CAS, ON PICKUP 	6	0	0	0	0	0	0		0	0	W2K-00-DR-18	( AGASTAT - 9238120CAS - NULL),( SOLAR TURBINE - 120083-2 - Active),	140.778333333333333333333333333333333333	Active		184	USD	18-JUN-03		MT00.TURE.0000,MESC,	GTIN-SOLAR-CENTAUR40,			Finished good			
KIT		KOL	20-70-12-083-A	RELAY,TIMER 120SEC,<AGASTAT> CONS.OF: 20 FT WIRE P.N.1015162-4 4 EA WASHER,FLAT P.N.1016069. 1 EA DRAWING,INST.P.N.1046881-0 1 EA RELAY,TIMER P.N.1049557-1.<1049557-2> 1 EA RELAY,TIMER BRACKET P.N.1049557-10. 4 EA WASHER,LOCK P.N.22690R1. 4 EA 6-32X.500 SELFTAPPING SCR PN22786R1 1 EA DIODE 1N5061 P.N.903916C1.	1	0	0	0	0	0	0		0	0	W2K-00-DR-18	( SOLAR TURBINE - 1052873-102 - Active),( SOLAR TURBINE - 1052873-101 - Active),	172.263335	Active		194	USD	09-FEB-06		MT00.TURE.0000,MESC,	GTIN-SOLAR-CENTAUR40,			Finished good			
Each		KOL	20-70-12-083-U-A	RELAY-TIMER 120SEC-<AGASTAT> P/N:9238120EAS-ON PICKUP PART NO. : 120083-5	0	0	0	0	0	0	0		0	0		( SOLAR TURBINE - 120083-5 - NULL),	0	Inactive			USD	18-JUN-03		MISC.MISC.MISC,	GTIN-SOLAR-CENTAUR40,			Finished good			
Each		KOL	20-70-12-084-A	RELAY,TIMER 30SEC.,  ON DROPOUT 	2	0	0	0	0	0	0		0	0	W2K-00-DR-18	( AGASTAT - 9238220CAS - NULL),( SOLAR TURBINE - 10084-2 - Active),	179.08	Active		179	USD	18-JUN-03		MT00.TURE.0000,MESC,	GTIN-SOLAR-CENTAUR40,			Finished good			
Each		KOL	20-70-12-086-A	RELAY,TIMER,15 MIN. ON DROPOUT 	0	0	0	0	0	0	0		0	0	W2K-00-DR-18	( AGASTAT - 9238220MAS - Active),( SOLAR TURBINE - 120084-4 - Active),	144.24	Active		144	USD	18-JUN-03		MT00.TURE.0000,MESC,	GTIN-SOLAR-CENTAUR40,			Finished good			
KIT		KOL	20-70-12-088-A	RELAY,TIMER,60 MIN.<AGASTAT> P/N:9238220IAS,ON DROPOUT NEW P.N.1052873-101 CONSIST OF: 1 EA RELAY,TIMER P.N.1049557-2. 40 FT WIRE-1C,20AWG WHITE P.N.1015162-4 4 EA SELFTAPPING SCREW-C P.N.22786R1. 4 EA WASHER P.N.22690R1. 1 EA RELAY,TIMER BRACKET P.N.1049557-10. 4 EA WASHER,FLAT P.N.1016069 PART NO. : 120084-6	0	0	0	0	0	0	0		0	0	W2K-00-DR-18		0	Inactive		1	USD	09-FEB-06		MISC.MISC.MISC,MESC,	GTIN-SOLAR-CENTAUR40,			Finished good			
Each		KOL	20-70-12-088-U-A	RELAY-TIMER-60 MIN.<AGASTAT> P/N:9238220IAS-ON DROPOUT PART NO. : 120084-6	0	0	0	0	0	0	0		0	0		( SOLAR TURBINE - 120084-6 - NULL),	0	Inactive		189	USD	18-JUN-03		MISC.MISC.MISC,	GTIN-SOLAR-CENTAUR40,			Finished good			
Each		KOL	20-70-12-090-A	RELAY,TIMER 120SEC. ON DROPOUT 	2	0	0	0	0	0	0		0	0	W2K-00-DR-18	( AGASTAT - 9238220EAS - NULL),( SOLAR TURBINE - 120084-7 - Active),	6.69	Active		7	USD	18-JUN-03		MT00.TURE.0000,MESC,	GTIN-SOLAR-CENTAUR40,			Finished good			
Each		KOL	20-70-12-094-A	SWITCH,PRESSURE<CCS> MOD.675GE1269 CCS P/N:120385-2,PROF 15 PSIG 	2	0	1	0	0	0	0		0	0	W2D-57-0B-02	( SOLAR TURBINE - 120385-2 - Active),	13.24	Active		13	USD	18-JUN-03		MT00.TURE.0000,MESC,	GTIN-SOLAR-CENTAUR40,			Finished good			
Each		KOL	20-70-12-095-A	SWITCH, PRESSURE P/F: OIL PLANT TURBINES A,B & C 	1	0	1	0	0	0	0		0	0	W2D-57-0B-02	( SOLAR TURBINE - 1053923-148 - Active),( SOLAR TURBINE - 1114470-17 - Active),	636.2986353280237012	Active		577	USD	26-OCT-09		MT00.TURE.0000,MESC,	GTIN-SOLAR-CENTAUR40,						
Each		KOL	20-70-12-096-A	SWITCH, PRESSURE P/F: OIL PLANT TURBINES A,B & C 	1	0	1	0	0	0	0		0	0	W2D-57-0B-03	( SOLAR TURBINE - 1053923-186 - NULL),	584.29	Active		584	USD	26-OCT-09		MT00.TURE.0000,MESC,	GTIN-SOLAR-CENTAUR40,						
Each		KOL	20-70-12-097-A	VALVE, RELIEF P/F: OIL PLANT TURBINES A,B & C 	1	0	1	0	0	0	0		1	0	W2D-57-0B-03	( SOLAR TURBINE - 1063401-2 - Active),	645.376218994005025	Active		620	USD	26-OCT-09		MT00.TURE.0000,MESC,	GTIN-SOLAR-CENTAUR40,						
Each		KOL	20-70-12-098-A	VALVE, SOLENOID, 3W/2P TEMP:-20C TO 90C P/F: OIL PLANT TURBINES A,B & C&MODEL: TURBINE MODEL MARS 100 FOR QASR COMPRESSION STATION 	1	0	1	0	0	0	0		0	0	W2D-57-0B-03	( SOLAR TURBINE - 1067311-1 - Active),( BIFOLD FLUIDPOWER - FP10P-87DUS - Active),	692.66	Active		693	USD	26-OCT-09		MT00.TURE.0000,MESC,	GTIN-SOLAR-TAURUS60,GTIN-SOLAR-CENTAUR40,	QPC Merge Items	VALVE, SOLENOID, P/N. 1067311-1				
Each		KOL	20-70-12-099-A	VALVE, SOLENOID, 2W/2P P/F: OIL PLANT TURBINES A,B & C 	2	1	2	0	0	0	0		0	0	W2D-57-0B-04	( SOLAR TURBINE - 1752326-11 - Active),( SOLAR TURBINE - 1067312-1 - In-Active),	760.2722600055022428	Active		641	USD	26-OCT-09	*	MT00.TURE.0000,MESC,	GTIN-SOLAR-TAURUS60,GTIN-SOLAR-CENTAUR40,	QPC Merge Items	VALVE SOLENOID P/N:-1067312-1				
Each		KOL	20-70-12-100-A	VALVE, SEQUENCE P/F: OIL PLANT TURBINES A,B & C 	0	0	1	0	0	0	0		1	0	W2D-57-0B-04	( SOLAR TURBINE - 1066290-2 - Active),	494.36688234897734	Active		437	USD	26-OCT-09		MT00.TURE.0000,MESC,	GTIN-SOLAR-CENTAUR40,	QPC Merge Items	VLV,SEQUENCE P/N 1066290-2				
Each		KOL	20-70-12-100-B	VALVE, SEQUENCE P/F: OIL PLANT TURBINES A,B & C 	1			0	0	0	0		-1	0	W2D-57-0B-04	( SOLAR TURBINE - 1066290-2 - Active),	192.9675	Active		1	USD	30-MAY-24	*	MT00.TURE.0000,MESC,							
Each		KOL	20-70-12-101-A	VALVE, BALL, PNEUM OPER P/F: OIL PLANT TURBINES A,B & C 	1	0	1	0	0	0	0		0	0	W2D-57-0B-05	( SOLAR TURBINE - 186648-500 - Active),	1081.36	Active		1081	USD	26-OCT-09		MT00.TURE.0000,MESC,	GTIN-SOLAR-CENTAUR40,	QPC Merge Items	LIQUID FUEL RETURN SHUTOFF   AUTOMATIC VALVE   VALVE,ASSY,BALL,PNEU,0.51 IN.  P/N : 186648-500.				
Each		KOL	20-70-12-111-A	GAUGE SIGHT 	1	0	1	0	0	0	0		0	0	W2D-00-DR-02	( SOLAR TURBINE - 120111-5 - Active),	51.93	Active		52	USD	18-JUN-03		MT00.TURE.0000,MESC,	GTIN-SOLAR-CENTAUR40,	QPC Merge Items	GAGE SIGHT SOLAR P/N. 120111-5.	Finished good			
Each		KOL	20-70-12-122-A	VALVE,CHECK 100 PSI SP,SST 	1	0	1	0	0	0	0		0	0	W2D-57-0B-05	( SOLAR TURBINE - 120029-122 - Active),	178.11	Active		178	USD	11-MAY-04		MT00.TURE.0000,MESC,	GTIN-SOLAR-TAURUS60,GTIN-SOLAR-TAURUS60,GTIN-SOLAR-CENTAUR40,	QPC Merge Items	VALVE,CHECK,100PSI CP,SST P/N 120029-122				
Each		KOL	20-70-12-123-A	CARD, GENERATOR BEARING AND WINDING RTD 	4	0	0	0	0	0	0		0	0	W2K-09-0D-07	( SOLAR TURBINE - 120591-23 - Active),	1260.735	Active		972	USD	18-JUN-03		MT00.TURE.0000,MESC,	GTIN-SOLAR-CENTAUR40,			Finished good			
Each		KOL	20-70-12-135-A	ROD LINKAGE,  	2	0	0	0	0	0	0		0	0	W2D-57-0C-01	( SOLAR TURBINE - 122813-5 - Active),	31.60839	Active		32	USD	14-APR-08		MT00.TURE.0000,MESC,	GTIN-SOLAR-CENTAUR40,						
Each		KOL	20-70-12-154-A	VALVE, SOLENOID, QUICK EXHAUST P/F: OIL PLANT TURBINES A,B & C 	1	0	1	0	0	0	0		0	1	W2D-57-0C-01	( SOLAR TURBINE - 1986366-5000 - Active),( SOLAR TURBINE - 1067310-100 - In-Active),	1433.684173607181804	Active		1414	USD	26-OCT-09	*	MT00.TURE.0000,MESC,	GTIN-SOLAR-CENTAUR40,GTIN-SOLAR-TAURUS60,						
Each		KOL	20-70-12-155-A	VALVE, G/F, ASSY P/F: OIL PLANT TURBINES A,B & C 	1	1	2	0	0	0	1		0	0	W1H-08-0C-04	( SOLAR TURBINE - 1079655-401 - Active),( SOLAR TURBINE - 1079655-400 - In-Active),( SOLAR TURBINE - 1079655-401  - NULL),	25966.453967486239055	Active		22085	USD	26-OCT-09		MT00.TURE.0000,MESC,	GTIN-SOLAR-CENTAUR40,						
Each		KOL	20-70-12-155-B	VALVE, G/F, ASSY P/F: OIL PLANT TURBINES A,B & C 	1			0	0	0	-1		0	0	W1H-08-0C-04	( SOLAR TURBINE - 1079655-401 - Active),	15964.858171875	Active		1	USD	27-FEB-22	*	MT00.TURE.0000,MESC,							
Each		KOL	20-70-12-155-C	VALVE, G/F, ASSY P/F: OIL PLANT TURBINES A,B & C 	0			0	0	0	0		0	0		( SOLAR TURBINE - 1079655-401 - Active),	0	Active		1	USD	27-FEB-22	*	MT00.TURE.0000,MESC,							
Each		KOL	20-70-12-157-A	BLEED VALVE ASSY 	2	0	1	0	0	0	0		0	0	W2D-57-0C-02	( SOLAR TURBINE - 125157-101 - Active),	2826	Active		2826	USD	18-JUN-03		MT00.TURE.0000,MESC,	GTIN-SOLAR-CENTAUR40,			Finished good			
Each		KOL	20-70-12-159-A	COMPENSATOR,T5 	3	0	0	0	0	0	0		0	0	W2D-00-DR-02	( SOLAR TURBINE - 120-159-25 - Active),	113.33	Active		113	USD	18-JUN-03		MT00.TURE.0000,MESC,	GTIN-SOLAR-CENTAUR40,			Finished good			
Each		KOL	20-70-12-188-A	VALVE CHECK <P/F: PM & CM OF THREE "TAURUS 60 MPU" GAS TURBINES	1	0	2	0	0	0	0		0	0	W2D-57-0C-02	( SOLAR TURBINE - 120418-8 - Active),	1213.07	Active		1	USD	20-MAY-08		MT00.TURE.0000,MESC,	GTIN-SOLAR-CENTAUR40,GTIN-SOLAR-TAURUS60,						
Each		KOL	20-70-12-194-A	VALVE, CK, 3/8SWAGE, X P/F: OIL PLANT TURBINES A,B & C 	1	0	1	0	0	0	0		0	0	W2D-57-0C-02	( SOLAR TURBINE - 1053194 - Active),	157.61	Active		158	USD	26-OCT-09		MT00.TURE.0000,MESC,	GTIN-SOLAR-CENTAUR40,						
KIT		KOL	20-70-12-200-A	IGNITOR,TORCH ASSY., CONSIST OF * IGNITER ASSY.TORCH , PN:113020-102 * CS-E TORCH IGN TUBE, PN:117857-300 * EB-GASKET          , PN:173428-3 * LOCK NUT HEX 3/8"  , PN:903113C1 * BOLT 3/8"          , PN:908739C1 * GASKET SPARK PLUG  , PN:903315C1 * PIN DOWEL          , PN:952416C1 * SEAL METALLIC      , PN:912740C1 * SPARK PLUG         , PN:903316C1 * ORIFICE            , PN:908601C1 PF:SOLAR TURBINE CENTURAL 40 	0	0	0	0	0	0	0		0	0	W1A-13-0A-04	( SOLAR TURBINE - 19506-200 - Active),	3768.2245238550618	Active		3508	USD	16-JUN-05		MT00.TURE.0000,MESC,	GTIN-SOLAR-CENTAUR40,GTIN-SOLAR-TAURUS60,						
Each		KOL	20-70-12-220-A	VELOCITY CARD 	0	0	0	0	0	0	0		0	0	W2K-09-0D-07	( SOLAR TURBINE - 12092020 - Active),	2035.89	Active		2036	USD	18-JUN-03		MT00.TURE.0000,MESC,	GTIN-SOLAR-CENTAUR40,			Finished good			
Each		KOL	20-70-12-226-A	BOLT HEX HEAD 3/8"-16X10 PF: PM & CM OF THREE "TAURUS 60 MPU" GAS TURBINES	66	5	10	0	0	0	0		0	0	W2D-57-0C-03	( SOLAR TURBINE - 120022-6 - Active),	1.65457142857142857142857142857142857142	Active		16	USD	18-MAR-08		MT00.TURE.0000,MESC,	GTIN-SOLAR-TAURUS60,GTIN-SOLAR-CENTAUR40,GTIN-SOLAR-TAURUS60,	QPC Merge Items	BOLT, HEX HD (PK = 10 EA( P/N: 120022-6				
Each		KOL	20-70-12-291-A	VALVE,CHECK 2 PSIG,14 KPAG SEE 20-70-12-029-A	0	0	0	0	0	0	0		0	0	W1A-13-0A-05	( SOLAR TURBINE - 120029-1 - Active),	496.62	Inactive		497	USD	11-MAY-04		MISC.MISC.MISC,MESC,	GTIN-SOLAR-CENTAUR40,GTIN-SOLAR-TAURUS60,GTIN-SOLAR-TAURUS60,						
Each		KOL	20-70-12-294-A	VALVE,CHECK 	1	0	1	0	0	0	0		1	0	W2D-57-0C-03	( SOLAR TURBINE - 120029-4 - Active),	388.715	Active		530	USD	11-MAY-04		MT00.TURE.0000,MESC,	GTIN-SOLAR-TAURUS60,GTIN-SOLAR-CENTAUR40,						
Each		KOL	20-70-12-345-A	HARNESS,THERMOCOUPLE 	4	0	1	0	0	0	0		0	0	W1H-08-0B-07	( SOLAR TURBINE - 120739-200 - Active),( WAHLCO - 30258-03-4 - Active),	288	Active		1	USD	28-MAY-06		MT00.TURE.0000,MESC,	GTIN-SOLAR-CENTAUR40,						
KIT		KOL	20-70-12-345-A-U	HARNESS,THERMOCOUPLE <WAHLCO > PN: 30258-03-4 	0	0	0	0	0	0	0		0	0		( SOLAR TURBINE - 120739-200 - NULL),	0	Inactive		1440	USD	18-JUN-03		MISC.MISC.MISC,	GTIN-SOLAR-CENTAUR40,			Finished good			
Each		KOL	20-70-12-411-A	KIT FILTER ELEMENT OIL 	8	6	12	0	0	4	6		0	6	Y1S-01-0C-03	( SOLAR TURBINE - 120411-400 - Active),	212.231876366015408266666666666666666667	Active		149	USD	18-JUN-03		MT00.TURE.0000,MESC,	GTIN-SOLAR-CENTAUR40,			Finished good			
Each		KOL	20-70-12-439-A	RESISTOR,BURDEN WOWRD 8271-742 	2	0	0	0	0	0	0		0	0	W2K-09-0D-07	( SOLAR TURBINE - 120439-2 - Active),	112.68	Active		113	USD	18-JUN-03		MT00.TURE.0000,MESC,	GTIN-SOLAR-CENTAUR40,			Finished good			
Each		KOL	20-70-12-440-A	GOVERNOR ASSY 	4	0	0	0	0	0	0		0	0	W2K-09-0E-1,2	( SOLAR TURBINE - 1049346-100 - Active),( SOLAR TURBINE - 120439-3 - NULL),	3172.30216	Active		3627	USD	18-JUN-03		MT00.TURE.0000,MESC,	GTIN-SOLAR-CENTAUR40,			Finished good			
Each		KOL	20-70-12-440-B	GOVERNOR ASSY PART NO. : 120439-3(1049346-100)	0			0	0	0	0		0	0		( SOLAR TURBINE - 120439-3(1049346-100) - NULL),	0	Inactive			USD	18-JUN-03		MISC.MISC.MISC,	GTIN-SOLAR-CENTAUR40,			Finished good			
Each		KOL	20-70-12-451-A	VALVE,RELIEF, 1/2 NPT 800-1500 PSI 	0			0	0	0	0		0	0	W1A-13-0A-05	( SOLAR TURBINE -  120045-13 - Active),	543.33	Active		543	USD	13-MAY-04		MT00.TURE.0000,MESC,	GTIN-SOLAR-CENTAUR40,GTIN-SOLAR-TAURUS60,	QPC Merge Items	VALVE,RELIEF,1/2NPT.1500PS P/N 120045-13				
Each		KOL	20-70-12-457-A	VALVE RELIEF 800-1500 PENING <P/F: PM & CM OF THREE "TAURUS 60 MPU" GAS TURBINES	2	1	2	0	0	0	0		0	0	W2D-57-0C-03	( SOLAR TURBINE - 120045-7 - Active),	716.325	Active		721	USD	20-MAY-08		MT00.TURE.0000,MESC,	GTIN-SOLAR-CENTAUR40,GTIN-SOLAR-TAURUS60,						
Each		KOL	20-70-12-482-A	VALVE BALL 1/2" 2200 PSI 100F P/F: OIL PLANT TURBINES A,B & C & MODEL: TURBINE MODEL MARS 100          2 YEARS SPARE PARTS FOR QASR COMPRESSION STATION SEE MESC# 76-43-50-420-A	0			0	0	0	0	76-43-50-420-A  - Merge  ,	0	0	W1A-13-0A-06	( SOLAR TURBINE - 186648-2 - Active),( Swagelok - SS-63TF8 - Active),	448.46	Active		188	USD	26-OCT-09	*	MT00.TURE.0000,MESC,	GTIN-SOLAR-TAURUS60,GTIN-SOLAR-CENTAUR40,	QPC Merge Items	VALVE,BALL,050 IN,2200.0 PSI Part Number: 186648-2				
Each		KOL	20-70-12-483-A	ACTUATOR,ROTARY,PNEUMATIC 200 PSI MAX SPRING RETURN P/F: OIL PLANT TURBINES MODEL MARS 100         MOD:133SR	1	0	1	0	0	0	0		0	0	W2D-57-0C-04	( Swagelok - / - NULL),( SOLAR TURBINE - 186648-3 - Active),	491.13	Active		491	USD	26-OCT-09		MT00.TURE.0000,MESC,	GTIN-SOLAR-CENTAUR40,GTIN-SOLAR-TAURUS60,	QPC Merge Items	ACTUATOR, P/N:- 186648-3				
Each		KOL	20-70-12-484-A	STRAINER,3/4"NPT,40 MESH PF:SOLAR TURBO GEN.MODEL:GS-40 DUAL FUEL 	1	0	1	0	0	0	1		0	0	W2D-57-0C-04	( SOLAR TURBINE - 120848-4 - Active),	783.22053229547486	Active		614	USD	11-MAY-04		MT00.TURE.0000,MESC,	GTIN-SOLAR-TAURUS60,GTIN-SOLAR-CENTAUR40,						
Each		KOL	20-70-12-500-A	VALVE, LIQUID FUEL CONTROL P/F: OIL PLANT TURBINES A,B & C 	2	0	1	0	0	0	0		0	0	W2D-57-0D-01	( SOLAR TURBINE - 1019431-1500 - Active),	20026.603743115685	Active		20508	USD	25-OCT-09		MT00.TURE.0000,MESC,	GTIN-SOLAR-CENTAUR40,	QPC Merge Items	VALVE,LIQUID FUEL CONTROL P/N 1019431-1500				
Each		KOL	20-70-12-500-B	VALVE, LIQUID FUEL CONTROL P/F: OIL PLANT TURBINES A,B & C 	1			0	0	0	0		-1	0	W2D-57-0D-02	( SOLAR TURBINE - 1019431-1500 - Active),	15170.79006	Active		1	USD	11-AUG-24	*	MT00.TURE.0000,MESC,		QPC Merge Items	VALVE,LIQUID FUEL CONTROL P/N 1019431-1500				
KIT		KOL	20-70-12-501-A	IGNITER,TORCH ASSY PF:SOLAR TURBINES 	0	0	0	0	0	0	0		0	0	WH-AA3	( SOLAR TURBINE -  124892-501 - NULL),( SOLAR TURBINE - 124892-501 - Active),	0	Inactive		2934	USD	24-AUG-04		MT00.TURE.0000,MESC,	GTIN-SOLAR-CENTAUR40,			Finished good			
Each		KOL	20-70-12-502-A	ORIFICE,TORCH PF:SOLAR TURBINE CENTERAL 40 	2	1	2	0	0	0	1		1	2	W2D-57-0D-02	( SOLAR TURBINE - 908601C1 - Active),	927.7459247086615745	Active		1001	USD	23-AUG-04		MT00.TURE.0000,MESC,	GTIN-SOLAR-TAURUS60,GTIN-SOLAR-TAURUS60,GTIN-SOLAR-CENTAUR40,	QPC Merge Items	ORIFICE P/N 908601C1				
Each		KOL	20-70-12-504-A	TORCH IGNITOR ASSY. SOLAR <P/N:195060-200 <MFG:SOLAR TURBINE	0			0	0	0	0		0	0			0	Inactive			USD	23-AUG-04		MISC.MISC.MISC,	GTIN-SOLAR-CENTAUR40,						
Each		KOL	20-70-12-515-A	POWER SUPPLY MODULES FOR BENTLY NEVADA VIB/TEMP MONITOR 	0	0	0	0	0	0	0		0	0		( SOLAR TURBINE - 120551-51 - Active),	1560.99	Active		1561	USD	18-JUN-03		MT00.TURE.0000,MESC,	GTIN-SOLAR-CENTAUR40,			Finished good			
Each		KOL	20-70-12-516-A	ANALOG DISPLAY,METER SCALE AS FOLLOWS : VIBRATION : 0-10 INCH PER SECOND TEMPRATURE :0.0-250 D/C ACCELERATON:0.0-25 G'5 	1	0	0	0	0	0	0		0	0	W2K-09-0E-02	( SOLAR TURBINE - 120551-52 - Active),	.01	Active		0	USD	18-JUN-03		MT00.TURE.0000,MESC,	GTIN-SOLAR-CENTAUR40,			Finished good			
Each		KOL	20-70-12-590-A	CARD R.T.D. SOLAR 	2	0	0	0	0	0	0		0	0	W2K-09-0E-03	( SOLAR TURBINE - 120591-22 - Active),	1046.87	Active		1047	USD	18-JUN-03		MT00.TURE.0000,MESC,	GTIN-SOLAR-CENTAUR40,			Finished good			
Each		KOL	20-70-12-591-A	MONITOR TEMPRATURE,R.T.D PART NO. : 120591-23	0	0	0	0	0	0	0		0	0	W2K-09-0E-03	( SOLAR TURBINE - 120591-23 - NULL),	1549.23	Inactive		1549	USD	18-JUN-03		MISC.MISC.MISC,	GTIN-SOLAR-CENTAUR40,			Finished good			
Each		KOL	20-70-12-592-A	CARD R.T.D SOLAR 	1	0	0	0	0	0	0		0	0	W2K-09-0E-03	( SOLAR TURBINE - 120591-24 - Active),	1376.44	Active		1376	USD	18-JUN-03		MT00.TURE.0000,MESC,	GTIN-SOLAR-CENTAUR40,			Finished good			
Each		KOL	20-70-12-620-A	SWITCH,PRESSURE <ITT>MOD.115P1S1136 PROF. 250 PSIG NEW MODEL:132P5S547	2	1	2	0	0	0	0		0	0	W2D-00-DR-02	( SOLAR TURBINE - 1059283-1002 - Active),( SOLAR TURBINE - 120621-9 - NULL),	829.43643	Active		1488	USD	18-JUN-03		MT00.TURE.0000,MESC,	GTIN-SOLAR-CENTAUR40,			Finished good			
Each		KOL	20-70-12-622-A	SWITCH,PRESSURE <ITT>MOD.115P1S1139 PROF 250 PSIG 	2	0	0	0	0	0	0		0	0	W2D-00-DR-02	( SOLAR TURBINE - 120621-13 - Active),	10.9	Active		11	USD	18-JUN-03		MT00.TURE.0000,MESC,	GTIN-SOLAR-CENTAUR40,			Finished good			
Each		KOL	20-70-12-625-A	SWITCH,PRESSURE <ITT> MOD.115P1S1145 PROF 1000 PSIG PROOF PRESSURE:2000 PSIG RANGE:20 TO 80PSIG NEW MODEL:132P49CC6BGHN P/F:MODEL: TURBINE MODEL MARS 100          2 YEARS SPARE PARTS FOR QASR COMPRESSION STATION	0	0	0	0	0	0	0		0	0	W2D-00-DR-02	( SOLAR TURBINE - 1053923-115 - Active),( SOLAR TURBINE - 120623-5 - NULL),	255.03206	Active		492	USD	18-JUN-03	*	MT00.TURE.0000,MESC,	GTIN-SOLAR-CENTAUR40,	QPC Merge Items	SWITCH,PRESS P/N1053923-115	Finished good			
Each		KOL	20-70-12-626-A	SWITCH,PRESSURE <ITT> MOD.115P1S1146 PROF 1000 PSIG	2	0	0	0	0	0	0		0	0	W2D-00-DR-02	( SOLAR TURBINE - 120623-6 - Active),	185.65	Active		186	USD	18-JUN-03		MT00.TURE.0000,MESC,	GTIN-SOLAR-CENTAUR40,			Finished good			
Each		KOL	20-70-12-627-A	SWITCH,PRESSURE <ITT>MOD.115PP1S1147 PROF 1000 PSIG 	2	0	0	0	0	0	0		0	0	W2D-00-DR-02	( SOLAR TURBINE - 120623-7 - Active),	181.58	Active		182	USD	18-JUN-03		MT00.TURE.0000,MESC,	GTIN-SOLAR-CENTAUR40,			Finished good			
Each		KOL	20-70-12-632-A	SWITCH,PRESSURE <ITT> MOD.125PIC6-213 PROF 3000 PSIG 	0	0	0	0	0	0	0		0	0	W2D-00-DR-02	( SOLAR TURBINE - 120632-1 - Active),	214.64	Active		215	USD	18-JUN-03		MT00.TURE.0000,MESC,	GTIN-SOLAR-CENTAUR40,			Finished good			
Each		KOL	20-70-12-642-A	VIBRATION PICK UP PART NO. : 120649-2 NEW P/N: 120649-17	0	0	0	0	0	0	0		0	0	W1A-13-0A-08	( SOLAR TURBINE - 120649-17 - NULL),( SOLAR TURBINE - 120649-2 - NULL),	2168.89499	Inactive		1886	USD	18-JUN-03		MISC.MISC.MISC,	GTIN-SOLAR-CENTAUR40,			Finished good			
Each		KOL	20-70-12-649-A	VIBRATION PICK UP 	1	0	1	0	0	0	0		0	0	W2D-00-DR-02	( SOLAR TURBINE - 120649-1 - Active),	1671.3	Active		1671	USD	18-JUN-03		MT00.TURE.0000,MESC,	GTIN-SOLAR-CENTAUR40,			Finished good			
Each		KOL	20-70-12-651-A	FILTER ELEMENT KIT <P/F SOLAR CENTAUR TURBO GENERATOR <MODE:GS-40 DUAL FUEL 	0			0	0	0	0		0	0		( SOLAR TURBINE - 120765-1 - Active),	0	Inactive		62	USD	10-MAY-04		MISC.MISC.MISC,MESC,	GTIN-SOLAR-TAURUS60,GTIN-SOLAR-CENTAUR40,						
Each		KOL	20-70-12-659-A	TRANSDUCER VIBRATION 	1	0	1	0	0	0	0		0	0	W2D-57-0D-02	( SOLAR TURBINE - 120649-13 - NULL),( SOLAR TURBINE - 120649-18 - Active),	2063.4605294372055	Active		1640	USD	18-JUN-03		MT00.TURE.0000,MESC,	GTIN-SOLAR-CENTAUR40,	QPC Merge Items	VIBRATION TRANSDUCER P/N:- 120649-13	Finished good			
Each		KOL	20-70-12-660-A	TRANSDUCER VIBRATION P.F IN AG FIELD: GAS TURBINE MOD. A&B ENGINE T-4500 CENTAUR S/N.4312C&4313C ''HILAL GAS LIFT''COMPRESSORS FOR MOD. A 1ST MOD. G3345HTA-6U4 S/N. G1430003 2ST MOD. C1608GKA-174B0 S/N. G1050012 3ST MOD. C1608GKA-792BX S/N. 	1	0	0	0	0	0	0		0	0	W2D-57-0D-03	( SOLAR TURBINE - 120649-17 - Active),	2001.27395	Active		1886	USD	21-APR-06		MT00.TURE.0000,MESC,	GTIN-SOLAR-TAURUS60,GTIN-SOLAR-CENTAUR40,						
Each		KOL	20-70-12-661-A	ACCELEROMETER RANGE: 12500HZ ACCELEROMETER KIT THIS KIT IS FOR BOTH ACCELEROMETER  OLD P/N:120662-1  AND INTERFACE MODULE OLD P/N:120662-14 ACCELEROMETER SENSITIVITY:25 MV/G P/F: GEARBOX OF 1852,53,54	0	0	0	0	0	0	0	20-70-12-218-A  - Merge  ,	0	0	W2D-00-DR-02	( SOLAR TURBINE - 1077443-202 - In-Active),( SOLAR TURBINE - 1077443-102 - Active),( SOLAR TURBINE - 120662-1 - In-Active),	1101.8973	Active		741	USD	18-JUN-03	*	MT00.TURE.0000,MESC,	GTIN-SOLAR-CENTAUR40,	QPC Merge Items	ACCELEROMETER , P/N:- 120662-1	Finished good			
Each		KOL	20-70-12-662-A	INTERFACE MODULE ACCELEROMETER 	1	0	0	0	0	0	0		0	0	W2D-57-0D-03	( SOLAR TURBINE - 1077443-201 - Active),( SOLAR TURBINE - 120662-2 - NULL),	1134.227	Active		1552	USD	18-JUN-03		MT00.TURE.0000,MESC,	GTIN-SOLAR-CENTAUR40,			Finished good			
Each		KOL	20-70-12-663-A	CARD ACCELEROMETER SOLAR 	2	1	2	0	0	0	0		0	0	W2K-09-0E-03	( SOLAR TURBINE - 120663-22 - Active),	1552.61	Active		1553	USD	18-JUN-03		MT00.TURE.0000,MESC,	GTIN-SOLAR-CENTAUR40,			Finished good			
Each		KOL	20-70-12-668-A	MODULE INTERFACE 	0	0	0	0	0	0	0		0	0	W2K-09-0E-04	( SOLAR TURBINE - 1077443-101 - Active),( SOLAR TURBINE - 120662-18 - NULL),	1574.36627	Active		1527	USD	18-JUN-03		MT00.TURE.0000,MESC,	GTIN-SOLAR-CENTAUR40,			Finished good			
Each		KOL	20-70-12-679-A	SWITCH, DELTA ,45 IN-H2O,SPDT ELECTRICAL RATING:10A  120-240VAC P/F: SOLAR TAURUS 70 TURBINES AND C404 COMPRESSORS & MODEL: TURBINE MODEL MARS 100          2 YEARS SPARE PARTS FOR QASR COMPRESSION STATION 	0			0	0	0	0		0	0		( SOLAR TURBINE - 1036679-10 - Active),( Dwyer Instruments - 1950G-1-B-24-AT - Active),	0	Inactive		469	USD	26-OCT-09		MISC.MISC.MISC,MESC,	GTIN-SOLAR-CENTAUR40,	QPC Merge Items	SWITCH,DP Part Number: 1036679-10				
Each		KOL	20-70-12-708-A	MOTOR DRIVEN POT 	1	0	0	0	0	0	0		0	0	W2D-00-DR-02	( SOLAR TURBINE - 120708-1 - Active),	328.11	Active		328	USD	18-JUN-03		MT00.TURE.0000,MESC,	GTIN-SOLAR-CENTAUR40,			Finished good			
Each		KOL	20-70-12-710-A	CABLE IGNITION 	3	2	3	0	0	0	0		2	0	W2D-57-0D-04	( SOLAR TURBINE - 120710-1 - Active),	680.051747121901465077274805669867398262	Active		695	USD	18-JUN-03		MT00.TURE.0000,MESC,	GTIN-SOLAR-CENTAUR40,GTIN-SOLAR-TAURUS60,	QPC Merge Items	IGNITION CABLE P/N: 120710-1	Finished good			
Each		KOL	20-70-12-734-A	STATIC VOLTAGE REGULAT MOD. SR 8A280BIA INPUT SENSING 120 VAC,3 PH POWER 240 VAC SINGLE PH.OUTPUT 125 VDC,7 A. 	2	0	2	0	0	0	0		0	0	W2D-57-0D-05	( SOLAR TURBINE - 120734-1 - Active),	1801.68	Active		1802	USD	18-JUN-03		MT00.TURE.0000,MESC,	GTIN-SOLAR-CENTAUR40,			Finished good			
Each		KOL	20-70-12-739-A	THERMOCPLE T54500-EP-HARNESS PART NO. : 120739-101	6	1	2	0	0	0	0		0	0	W1H-08-0C-03	( SOLAR TURBINE - 120739-101 - NULL),	510.42	Active		510	USD	18-JUN-03		MT00.TURE.0000,MESC,	GTIN-SOLAR-CENTAUR40,			Finished good			
Each		KOL	20-70-12-739-B	THERMOCPLE T54500-EP-HARNESS 	2			0	0	0	0		0	0	W1H-08-0C-03	( SOLAR TURBINE - 120739-101 - Active),	372.58	Active		1	USD	18-JUN-03		MT00.TURE.0000,MESC,	GTIN-SOLAR-CENTAUR40,			Finished good			
Each		KOL	20-70-12-763-A	SOLENOID REPAIR KITS  	4	1	2	0	0	0	0		0	0	W2D-00-DR-02	( Donaldson - P12-5763 - Active),	33.26	Active		33	USD	18-JUN-03		MT00.TURE.0000,MESC,	GTIN-SOLAR-CENTAUR40,			Finished good			
KIT		KOL	20-70-12-765-A	FILTER ELEMENT,KIT PF: SOLAR TURBINE GEN 3PH  .50HZ  3300 VOLT 	9	6	12	0	0	3	10		6	5	W2D-57-0D-05	( SOLAR TURBINE - 2112736-1 - Active),( SOLAR TURBINE - 120765-1 - In-Active),	47.87780080793045559090909090909090909089	Active		42	USD	18-JUN-03	*	MT00.TURE.0000,MESC,	GTIN-SOLAR-CENTAUR40,	QPC Merge Items	FILTER, ELEMENT P/N :- 120765-1	Finished good			
Each		KOL	20-70-12-803-A	DETECTOR, UV  KIT CONSIST OF: * 1   EA_DETECTOR FLAME UV PULSE          _PN: 1067251-9 * 1   EA_BRACKET SWIVEL MOUNTING         _PN: 1052612  * 1   EA_REDUCER EURO 3/4"NPT,20MM        _PN: 1053052-27 * 1   EA_GLAND CABLE DELUGE ATEX          _PN: 1051125-4 * 1   EA_REDUCER EURO 3/4"NPT,25MM        _PN: 1053052-28 * 2   EA_SUPPORT ANGLE 25 THK,CRBN.STL_PN: 140721-2 * 1   EA_GLAND CABLE 3/4" NPT MALE         _PN: 1064813 * 1   EA_GLAND CABLE DELUGE ATEX          _PN: 1051125-3 * 3   EA_ TJ. UNISTRUT 10"                            _PN: 185950-10 * 4   EA_STUD WELD 3/8-16 X1.000 STL/NI     _PN: 1008770 * 10 EA_BOLT 3/8"-16 X 7/8                            _PN: 903409C1 * 12 EA_WASHER HARD 3/8"(N),17-7PH(FB1F)_PN: 1010500 * 1   EA_NUT SPRING 3/8-16 CRES 316           _PN: 1006952 * 8   EA_LOCK NUT 3/8-16,316SS                    _PN: 964675C1 * 5   EA_BOLT 3/8-16 X 1.25 LG,316SS           _PN: 962903C1 * 10 EA_LOCK WASHER SPLIT 0.375 NOM    _PN: 187077 	2	1	2	0	0	0	0		0	0	W2K-09-0E-4,5	( SOLAR TURBINE - 1065786-101 - Active),( SOLAR TURBINE - 120803-3 - NULL),	3953.339481671790075	Active		4555	USD	18-JUN-03		MT00.TURE.0000,MESC,	GTIN-SOLAR-CENTAUR40,GTIN-SOLAR-TAURUS60,			Finished good			
ST		KOL	20-70-12-809-A	CONTROLLER,FIRE DETECTION CONS. OF: 1 EA CAGE Q4004 D 2007,PN 005269-005 1 EA UV CONTROLLER R7404 B73003 P/N 002257-006 1 EA AUXILIARY RELAY OUTPUT R6007A 1002,P/N 003436-001 	0	0	0	0	0	0	0		0	0	W2K-09-0E-06	( SOLAR TURBINE - 120803-1 - Active),( SOLAR TURBINE - 120803-9 - Active),	8888.71	Active		8889	USD	18-JUN-03		MT00.TURE.0000,MESC,	GTIN-SOLAR-CENTAUR40,			Finished good			
Each		KOL	20-70-12-839-A	PUMP FUEL 	1	0	1	0	0	0	0		0	0	W2D-57-0E-01	( SOLAR TURBINE - 1085859-2 - Active),( SOLAR TURBINE - 120839-2 - Active),	465.41	Active		465	USD	18-JUN-03		MT00.TURE.0000,MESC,	GTIN-SOLAR-CENTAUR40,	QPC Merge Items	PUMP, FUEL P/N:- 120839-2	Finished good			
Each		KOL	20-70-12-865-A	PUMP LIQ. FUEL ENG. DRIVEN HI PRESS PART NO. : 4102-577000	0	0	0	0	0	0	0		0	0	W1H-08-0C-02	( SOLAR TURBINE - 4102-577000 - NULL),	0	Inactive			USD	18-JUN-03		MISC.MISC.MISC,	GTIN-SOLAR-CENTAUR40,			Finished good			
Each		KOL	20-70-12-887-A	PUMP HYD F/ CENTER GAS 	0	0	0	0	0	0	0		0	0	W1H-08-0C-01	( SOLAR TURBINE - 120887-1 - NULL),( SOLAR TURBINE - 179990K102B - Active),	20473.7495	Active		20291	USD	18-JUN-03		MT00.TURE.0000,MESC,	GTIN-SOLAR-CENTAUR40,			Finished good			
Each		KOL	20-70-12-889-A	MOTOR HYDRAULIC OLD MEC (20-70-12-890) PART NO. : 120889-1 <120889-2> <MFG: SOLAR TURBINE	1	0	0	0	0	0	0		0	0	W1H-08-0C-01	( SOLAR TURBINE - 120889-1 - NULL),	6922.779079999999999999999999999999999999	Active		10888	USD	18-JUN-03		MT00.TURE.0000,	GTIN-SOLAR-CENTAUR40,			Finished good			
Each		KOL	20-70-12-889-B	MOTOR HYDRAULIC OLD MEC (20-70-12-890) 	1			0	0	0	0		0	0	W1H-08-0C-01	( SOLAR TURBINE - 120889-2 - Active),	1377.91	Active		1	USD	18-JUN-03		MT00.TURE.0000,MESC,	GTIN-SOLAR-CENTAUR40,			Finished good			
Each		KOL	20-70-12-899-A	GASKET 	5	2	3	0	0	0	0		0	0	W2D-57-0E-01	( SOLAR TURBINE - 121799-1 - Active),	.13	Active		0	USD	18-JUN-03		MT00.TURE.0000,MESC,	GTIN-SOLAR-CENTAUR40,			Finished good			
Each		KOL	20-70-12-911-A	VALVE CHECK AL BODY <P/F: PM & CM OF THREE "TAURUS 60 MPU" GAS TURBINES	2	1	2	0	0	0	0		0	0	W2D-57-0E-02	( SOLAR TURBINE - 120029-11 - Active),	162.79433785388548	Active		174	USD	20-MAY-08		MT00.TURE.0000,MESC,	GTIN-SOLAR-TAURUS60,GTIN-SOLAR-CENTAUR40,						
Each		KOL	20-70-12-920-A	MONITOR VIB VELOCITY 	2	1	2	0	0	0	0		0	0	W2K-09-0E-06	( SOLAR TURBINE - 120990-20 - Active),	1469.81	Active		1470	USD	18-JUN-03		MT00.TURE.0000,MESC,	GTIN-SOLAR-CENTAUR40,			Finished good			
Each		KOL	20-70-12-921-A	VELOCITY SCALE CARD 	2	0	0	0	0	0	0		0	0	W2K-09-0E-06	( SOLAR TURBINE - 120920-21 - Active),	1053.31	Active		1053	USD	18-JUN-03		MT00.TURE.0000,MESC,	GTIN-SOLAR-CENTAUR40,			Finished good			
Each		KOL	20-70-12-926-A	COMPENSATOR RZ 382 T5 	2	0	0	0	0	0	0		0	0	W2D-00-DR-02	( SOLAR TURBINE - 120159-26 - Active),	111.03	Active		111	USD	18-JUN-03		MT00.TURE.0000,MESC,	GTIN-SOLAR-CENTAUR40,			Finished good			
Each		KOL	20-70-12-935-A	GASKET 	5	2	3	0	0	0	0		0	0	W2D-57-0E-02	( SOLAR TURBINE - 122035-1 - Active),	.2	Active		0	USD	18-JUN-03		MT00.TURE.0000,MESC,	GTIN-SOLAR-CENTAUR40,			Finished good			
Each		KOL	20-70-12-944-A	FILTER AIR CARTRIDGES 	0	0	0	0	0	0	0		0	0	Y1S-01-0C-04	( Donaldson - P19-10061 - NULL),( Donaldson - P12-5744 - NULL),( Donaldson - P14-7320 - NULL),( Donaldson - P19-1234 - Active),( SOLAR TURBINE - 993424C1 - Active),	106.75	Active		73	USD	18-JUN-03		MT00.TURE.0000,MESC,	GTIN-SOLAR-CENTAUR40,			Finished good			
Each		KOL	20-70-12-944-B	FILTER AIR CARTRIDGES OLD PN: P1910061,P125744,P14-7320 NEW PN: P191234 <DONALDSON> PART NO. : 993424C1	0			0	0	0	0		0	0	Y1S-03-0D-01	( SOLAR TURBINE - P1910061,P125744,P14-7320 - NULL),	0	Inactive			USD	18-JUN-03		MISC.MISC.MISC,	GTIN-SOLAR-CENTAUR40,			Finished good			
KIT		KOL	20-70-12-950-A	KIT LIMITED END FLOAT COUPLING 	2	1	2	0	0	0	0		0	0	W2D-57-0E-02	( SOLAR TURBINE - 122805-101 - Active),	359.43	Active		359	USD	18-JUN-03		MT00.TURE.0000,MESC,	GTIN-SOLAR-CENTAUR40,			Finished good			
Each		KOL	20-70-12-951-A	VALVE CHECK AL BODY <P/F: PM & CM OF THREE "TAURUS 60 MPU" GAS TURBINES	2	1	2	0	0	0	0		0	0	W2D-57-0E-02	( SOLAR TURBINE - 120029-51 - Active),	216.845	Active		238	USD	20-MAY-08		MT00.TURE.0000,MESC,	GTIN-SOLAR-CENTAUR40,GTIN-SOLAR-TAURUS60,						
Each		KOL	20-70-12-962-A	VALVE BLEED DUCT,GF-E 	2	0	1	0	0	0	0		0	0	W1H-08-0C-04	( SOLAR TURBINE - 127262-101 - Active),	352.95	Active		353	USD	18-JUN-03		MT00.TURE.0000,MESC,	GTIN-SOLAR-CENTAUR40,			Finished good			
Each		KOL	20-70-12-988-A	VALVE CONTROL ASSY.-FC 	2	0	0	0	0	0	0		0	0	W2D-57-0E-03	( SOLAR TURBINE - 128812-100 - NULL),( SOLAR TURBINE - 128812-101 - Active),	14573.7760384915185	Active		15116	USD	18-JUN-03		MT00.TURE.0000,MESC,	GTIN-SOLAR-CENTAUR40,			Finished good			
Each		KOL	20-70-12-991-A	STARTER MOTOR AC 380V., 50HZ. 	0	0	0	0	0	0	0		0	0	Y1H-03-0F-02	( SOLAR TURBINE - 1012991-1 - In-Active),( SOLAR TURBINE - 1012991-21 - Active),	7927.18	Active		7927	USD	18-JUN-03		MT00.TURE.0000,MESC,	GTIN-SOLAR-CENTAUR40,			Finished good			
Each		KOL	20-70-13-051-A	VALVE,AIR  	14	4	8	0	0	0	0		0	0	W2D-57-0E-04	( Donaldson - P13-5051 - Active),( SOLAR TURBINE - 991039C - Active),	87.198863999166674375	Active		86	USD	18-JUN-03		MT00.TURE.0000,MESC,	GTIN-SOLAR-CENTAUR40,	QPC Merge Items	VALVE AIR P/N: 991039C1	Finished good			
Each		KOL	20-70-13-057-A	PROGRAM CONTROL 24 VDC DNC-T2010-ADC 	2	1	2	0	0	0	0		0	0	W2K-09-0E-07	( Donaldson - P13-5057 - Active),( SOLAR TURBINE - 95183ZC1 - Active),	638.8925	Active		979	USD	18-JUN-03		MT00.TURE.0000,MESC,	GTIN-SOLAR-CENTAUR40,GTIN-SOLAR-TAURUS60,			Finished good			
Each		KOL	20-70-13-100-A	PLUG ASSY. BORESCOPE, STAGE # 1 <P/F: PM & CM OF THREE "TAURUS 60 MPU" GAS TURBINES	1	0	2	0	0	0	0		0	0	W2D-57-0E-05	( SOLAR TURBINE - 136244-100 - Active),	211.92	Active		357	USD	20-MAY-08		MT00.TURE.0000,MESC,	GTIN-SOLAR-CENTAUR40,GTIN-SOLAR-TAURUS60,	QPC Merge Items	PLUG ASSY,BORESCOPE STG 1 P/N 136244-100				
Each		KOL	20-70-13-203-A	INJECTOR,ASSY PF:SOLAR TURBINE CENTUAR MODEL GS-40  DUAL FUEL	0			0	0	0	0		0	0	WH-1A1		0	Inactive			USD	10-MAY-04		MISC.MISC.MISC,	GTIN-SOLAR-CENTAUR40,						
Each		KOL	20-70-13-306-A	SENSOR TEMPERATURE RTD,DETECTOR ,RESISTANCE <P/F: PM & CM OF THREE "TAURUS 60 MPU" GAS TURBINES &MODEL: TURBINE MODEL MARS 100          2 YEARS SPARE PARTS FOR QASR COMPRESSION STATION 	0	0	1	1	0	1	1		0	0	W2D-57-0E-05	( SOLAR TURBINE - 2105288-36 - Active),( SOLAR TURBINE - 131230-6 - Active),	214.695	Active		228	USD	20-MAY-08		MT00.TURE.0000,MESC,	GTIN-SOLAR-TAURUS60,GTIN-SOLAR-TAURUS60,GTIN-SOLAR-CENTAUR40,	QPC Merge Items	SENSOR TEMP RTD P/N 131230-6				
Each		KOL	20-70-13-345-A	GASKET SOLAR <P/N:136634-5 <MFG:SOLAR TURBINES	0	0	0	0	0	0	0		0	0			0	Inactive		5	USD	25-MAY-04		MISC.MISC.MISC,	GTIN-SOLAR-CENTAUR40,						
Each		KOL	20-70-13-346-A	O-RING,SOLAR <P/N:136634-6 <MFG:SOLAR TURBINES	0	0	0	0	0	0	0		0	0			0	Inactive		33	USD	25-MAY-04		MISC.MISC.MISC,	GTIN-SOLAR-CENTAUR40,						
Each		KOL	20-70-13-352-A	BOLT,SHEAR 	2	1	2	0	0	0	0		0	0	W2D-57-0E-05	( SOLAR TURBINE - 136635-2 - Active),	97.04298	Active		89	USD	25-MAY-04		MT00.TURE.0000,MESC,	GTIN-SOLAR-CENTAUR40,						
Each		KOL	20-70-13-524-A	Inactive REGULATOR VOLTAGE	0			0	0	0	0	20-70-10-247-A  - Merge  ,	0	0	W1A-13-0B-06	( SOLAR TURBINE - P13-5247 - Active),	470.3	Active		470	USD	18-JUN-03	*	MT00.TURE.0000,MESC,	GTIN-SOLAR-CENTAUR40,			Finished good			
Each		KOL	20-70-13-582-A	FUSE 3 AMP.(BOX OF 5) AGC SEE MESC : 20-70-13-524 PART NO. : P1-2582	0			0	0	0	0		0	0	W1A-00-DR-08	( SOLAR TURBINE - P1-2582 - NULL),	0	Inactive			USD	18-JUN-03		MISC.MISC.MISC,	GTIN-SOLAR-CENTAUR40,			Finished good			
Each		KOL	20-70-13-663-A	GASKET COUPLING DRIVEN 	6	2	4	0	0	0	0		0	0	W2D-58-0E-01	( SOLAR TURBINE - 136633-4 - Active),	6.4775	Active		5	USD	18-JUN-03		MT00.TURE.0000,MESC,	GTIN-SOLAR-CENTAUR40,	QPC Merge Items	GASKET COUPLING DRIVEN (PK=4EA) P/N: 136633-4	Finished good			
Each		KOL	20-70-13-665-A	O-RING 	1	0	1	0	0	0	0		0	0	W2D-58-0E-01	( SOLAR TURBINE - 136633-5 - Active),	58.70884	Active		49	USD	18-JUN-03		MT00.TURE.0000,MESC,	GTIN-SOLAR-CENTAUR40,	QPC Merge Items	O-RING, COUPLING, DRIVEN P/N. 136633-5	Finished good			
Each		KOL	20-70-13-700-A	INJECTOR ASSY PF:SOLAR TURBO GEN.MODEL:GS-40 DUAL FUEL 	10	4	8	0	0	0	0		0	0	W1H-08-0C-03	( SOLAR TURBINE - 130805-700 - Active),	1034.10415704687065	Active		1075	USD	12-MAY-04		MT00.TURE.0000,MESC,	GTIN-SOLAR-CENTAUR40,						
Each		KOL	20-70-13-791-A	ORIFICE, TORCH IGNITOR <P/F: PM & CM OF THREE "TAURUS 60 MPU" GAS TURBINES	2	1	2	0	0	0	0		0	0	W2D-58-0E-02	( SOLAR TURBINE - 136579-1 - Active),	10.605	Active		11	USD	20-MAY-08		MT00.TURE.0000,MESC,	GTIN-SOLAR-CENTAUR40,GTIN-SOLAR-TAURUS60,GTIN-SOLAR-TAURUS60,						
Each		KOL	20-70-14-346-A	WOODWARD GOVERNOR SOLAR <P/N:1049346-100 <MFG:SOLAR TURBINES	0			0	0	0	0		0	0			0	Inactive		3627	USD	17-AUG-04		MISC.MISC.MISC,	GTIN-SOLAR-CENTAUR40,						
Each		KOL	20-70-14-961-A	MOUNTS VIBRATION SENSOR P/F: TURBINES UNIT A,B,C 	1	0	1	0	0	0	0		0	0	W2D-58-0E-02	( SOLAR TURBINE - 143596-1 - Active),	160.20662700039092	Active		159	USD	06-MAY-07		MT00.TURE.0000,MESC,	GTIN-SOLAR-CENTAUR40,						
Each		KOL	20-70-15-002-A	VALVE,PRESSURISHING,200PSI,CRACK <P/N:150600-2 <P/F SOLAR CENTAUR TURBO GENERATOR <MODE:GS-40 DUAL FUEL <MFG:SOLAR	0			0	0	0	0		0	0		( SOLAR TURBINE - 150600-2 - Active),	0	Inactive		620	USD	11-MAY-04		MISC.MISC.MISC,MESC,	GTIN-SOLAR-CENTAUR40,	QPC Merge Items	DIESEL FUEL PRESSURIZING VALVE FOR CENTER 50 DUAL				
Each		KOL	20-70-15-279-A	RHOSTAT VOLTS ADJ. 	2	1	2	0	0	0	0		0	0	W2D-00-DR-02	( SOLAR TURBINE - 153279-1 - Active),	26.89	Active		27	USD	18-JUN-03		MT00.TURE.0000,MESC,	GTIN-SOLAR-CENTAUR40,			Finished good			
Each		KOL	20-70-17-012-A	GASKET PK = 2EA 	0	0	0	0	0	0	0		0	0		( SOLAR TURBINE - 172701-2 - Active),	0	Inactive		13	USD	18-MAR-04		MISC.MISC.MISC,MESC,	GTIN-SOLAR-CENTAUR40,			Finished good			
Each		KOL	20-70-17-025-A	SEALING SPACER 	2	1	2	0	0	0	0		0	0	W2D-58-0E-02	( SOLAR TURBINE - 170250-1 - Active),	98.947730594976453	Active		179	USD	18-JUN-03		MT00.TURE.0000,MESC,	GTIN-SOLAR-CENTAUR40,			Finished good			
Each		KOL	20-70-17-215-A	TORCH IGNTIER GASKET PART NO. : 172515-1 & 946433C1 (1734	0	0	0	0	0	0	0		0	0	W1A-00-DR-08	( SOLAR TURBINE - 172515-1  - NULL),( SOLAR TURBINE - 173428-3 - NULL),( SOLAR TURBINE - 946433C1  - NULL),	7.956	Inactive		11	USD	18-JUN-03		MISC.MISC.MISC,	GTIN-SOLAR-CENTAUR40,			Finished good			
Each		KOL	20-70-17-220-A	O-RING 	3	1	2	0	0	0	0		0	0	W2K-00-DR-18	( SOLAR TURBINE - 172206-1 - Active),	12.97726000000000000000000000000000000002	Active		12	USD	18-JUN-03		MT00.TURE.0000,MESC,	GTIN-SOLAR-CENTAUR40,			Finished good			
Each		KOL	20-70-17-232-A	GASKET 	8	4	9	0	0	0	0		0	0	W2D-58-0E-03	( SOLAR TURBINE - 172523-2 - Active),	5.86125	Active		6	USD	05-MAY-04		MT00.TURE.0000,MESC,	GTIN-SOLAR-TAURUS60,GTIN-SOLAR-TAURUS60,GTIN-SOLAR-CENTAUR40,	QPC Merge Items	GASKET ,P/N :- 172523-2				
Each		KOL	20-70-17-251-A	GASKET 	16	10	20	0	0	0	0		0	0	W2K-00-DR-18	( SOLAR TURBINE - 136845-1 - Active),( SOLAR TURBINE - 172519-1 - Active),	2.350335946	Active		6	USD	18-JUN-03		MT00.TURE.0000,MESC,	GTIN-SOLAR-TAURUS60,GTIN-SOLAR-TAURUS60,GTIN-SOLAR-CENTAUR40,	QPC Merge Items	EB-GASKET THEROMCOUPLE GRAFFOI P/N :- 136845-1	Finished good			
Each		KOL	20-70-17-254-A	PACKING GLAND 	12	3	6	0	0	0	0		0	0	W2D-00-DR-02	( SOLAR TURBINE - 172524-2 - Active),	4.87	Active		20	USD	18-JUN-03		MT00.TURE.0000,MESC,	GTIN-SOLAR-CENTAUR40,			Finished good			
Each		KOL	20-70-17-256-A	GASKET NON ASBESTOS PK=3EA 	2	0	3	0	0	1	1		0	0	W2D-58-0E-03	( SOLAR TURBINE - 172567-1 - Active),	40.40699999999997	Active		42	USD	18-JUN-03		MT00.TURE.0000,MESC,	GTIN-SOLAR-CENTAUR40,GTIN-SOLAR-TAURUS60,	QPC Merge Items	GASKET NON ASBESTOS "LUB OIL MAIN " P/N:- 172567-1	Finished good			
Each		KOL	20-70-17-257-A	GASKET NON ASBESTOS 	3	2	5	0	0	0	0		0	0	W2D-58-0E-03	( SOLAR TURBINE - 17257C-1 - Active),	3.75	Active		4	USD	18-JUN-03		MT00.TURE.0000,MESC,	GTIN-SOLAR-CENTAUR40,			Finished good			
Each		KOL	20-70-17-258-A	PACKING GLAND 	9	4	12	0	0	0	0		4	0	W2D-58-0E-04	( SOLAR TURBINE -  172524-3 - Active),	6.44818219444837274530769230769230769231	Active		6	USD	26-JAN-06		MT00.TURE.0000,MESC,	GTIN-SOLAR-CENTAUR40,			Finished good			
Each		KOL	20-70-17-302-A	GASKET,NON ASBESTOS 	2	0	1	0	0	0	1		0	1	W2D-58-0E-04	( SOLAR TURBINE -  172430-2 - Active),	62.0557071356859200366666666666666666665	Active		50	USD	05-MAY-04		MT00.TURE.0000,MESC,	GTIN-SOLAR-TAURUS60,GTIN-SOLAR-TAURUS60,GTIN-SOLAR-CENTAUR40,	QPC Merge Items	EB-GASKET,NON-ASBESTOS ,P/N:- 172430-2				
Each		KOL	20-70-17-342-A	GASKET TORCH IGNITER SEE MEC 20-70-17-215-A 	2			0	0	0	0		0	0	W2D-00-DR-02	( SOLAR TURBINE - 173428-1 - Active),	11.67	Active		12	USD	18-JUN-03		MT00.TURE.0000,MESC,	GTIN-SOLAR-CENTAUR40,			Finished good			
Each		KOL	20-70-17-421-A	GASKET,TORCH 	0	0	0	0	0	0	0		0	0		( SOLAR TURBINE - 173942-1 - Active),	0	Inactive		20	USD	19-NOV-03		MT00.TURE.0000,MESC,	GTIN-SOLAR-CENTAUR40,GTIN-SOLAR-TAURUS60,	QPC Merge Items	GASKET , NON ASBESTOS TORCH P/N:- 173942-1	Finished good			
Each		KOL	20-70-17-428-A	GASKET 	4	4	6	2	0	1	1		3	0	W2D-00-DR-02	( SOLAR TURBINE - 173428-3 - Active),	5.84439280633439864542857142857142857143	Active		4	USD	18-JUN-03		MT00.TURE.0000,MESC,	GTIN-SOLAR-CENTAUR40,			Finished good			
Each		KOL	20-70-17-532-A	GASKET COVER PF:SOLAR TURBINES CENTAUR 40 GENERATOR SET 	8	6	12	0	0	2	1		1	0	W2D-58-0E-04	( SOLAR TURBINE - 173532-1 - Active),	10.83513252260877022220779220779220779218	Active		11	USD	18-JUN-03	*	MT00.TURE.0000,MESC,	GTIN-SOLAR-CENTAUR40,			Finished good			
Each		KOL	20-70-17-533-A	GASKET BLEED VALVE PKG. = 5 EA P/F LUBE OIL COOLER SOLAR  	5	2	4	0	0	0	0		0	0	W2D-00-DR-02	( SOLAR TURBINE - 173533-1 - Active),	18.84880528846153846153846153846153846154	Active		13	USD	18-JUN-03		MT00.TURE.0000,MESC,	GTIN-SOLAR-CENTAUR40,			Finished good			
KIT		KOL	20-70-17-687-A	REPAIR KIT F/LUB OIL PUMP 	1	0	1	0	0	0	0		0	0	W2D-58-0E-05	( SOLAR TURBINE - 176873-100 - Active),	716.88	Active		717	USD	18-JUN-03		MT00.TURE.0000,MESC,	GTIN-SOLAR-CENTAUR40,	QPC Merge Items	SERVICE, KIT ,FOR MAIN LUBE OIL PUMP P901, SOLAR P/N:- 176873-100	Finished good			
Each		KOL	20-70-18-018-A	HEATER,IMMERSION.415V,50HZ <P/F SOLAR CENTAUR TURBO GENERATOR <MODE:GS-40 DUAL FUEL 	1	0	1	0	0	0	0		0	0	Y1S-02-0B-01	( SOLAR TURBINE - 186220-18 - Active),	1061.55	Active		1062	USD	11-MAY-04		MT00.TURE.0000,MESC,	GTIN-SOLAR-CENTAUR40,						
Each		KOL	20-70-18-077-A	LOCK WASHER 3/8,  PF: PM & CM OF THREE "TAURUS 60 MPU" GAS TURBINE	25	2	4	0	0	0	0		0	0	W2D-58-0E-05	( SOLAR TURBINE - 187077 - Active),	.3916	Active		1	USD	18-MAR-08		MT00.TURE.0000,MESC,	GTIN-SOLAR-CENTAUR40,GTIN-SOLAR-TAURUS60,GTIN-SOLAR-TAURUS60,						
Each		KOL	20-70-18-105-A	KIT,REMOTE SERIAL LINK CONSIST OF: MODULE P/N.1014215-6 CABLE  P/N.190835-200 	1			0	0	0	0		0	0	W2K-08-0E-01	( SOLAR TURBINE - 184144-105 - Active),	2911.71	Active		2912	USD	18-JUN-03		MT00.TURE.0000,MESC,	GTIN-SOLAR-CENTAUR40,			Finished good			
Each		KOL	20-70-18-158-A	MODULE LAMP QUADALARMRONAN 	2	1	2	0	0	0	0		0	0	W2K-08-0E-01	( SOLAR TURBINE - 186158-2 - Active),	55.54	Active		56	USD	18-JUN-03		MT00.TURE.0000,MESC,	GTIN-SOLAR-CENTAUR40,			Finished good			
Each		KOL	20-70-18-182-A	FILTER MODULE 	2	1	2	0	0	0	0		0	0	W2D-00-DR-02	( SOLAR TURBINE - 186182-2 - Active),	12.76	Active		13	USD	18-JUN-03		MT00.TURE.0000,MESC,	GTIN-SOLAR-CENTAUR40,			Finished good			
Each		KOL	20-70-18-183-A	FILTER MODULE 	2	1	2	0	0	0	0		0	0	W2D-00-DR-02	( SOLAR TURBINE - 186182-3 - Active),	12.76	Active		13	USD	18-JUN-03		MT00.TURE.0000,MESC,	GTIN-SOLAR-CENTAUR40,			Finished good			
Each		KOL	20-70-18-201-A	HEATER IMMERSION 380V, 3 PH <P/F: PM & CM OF THREE "TAURUS 60 MPU" GAS TURBINES	1	0	1	0	0	0	0		0	0	Y1H-03-0H-02	( SOLAR TURBINE - 186220-14 - Active),	1214.37	Active		2221	USD	20-MAY-08		MT00.TURE.0000,MESC,	GTIN-SOLAR-TAURUS60,GTIN-SOLAR-CENTAUR40,	QPC Merge Items	HTR IMMERSION 380 V,3PH,50HZ P/N 186220-14				
Each		KOL	20-70-18-212-A	FILTER ELEMENT PF; SOLAR TURBINE TC-1601-D 	4	5	10	5	0	6	7		5	5	W2D-58-0E-05	( SOLAR TURBINE - 186212-100 - Active),	124.86946712715214	Active		95	USD	18-JUN-03		MT00.TURE.0000,MESC,	GTIN-SOLAR-TAURUS60,GTIN-SOLAR-TAURUS60,GTIN-SOLAR-CENTAUR40,	QPC Merge Items	ELEMENT KIT 25 GPM, 10 MICRON P/N:- 186212-100	Finished good			
Each		KOL	20-70-18-213-A	VALVE,SOLENOID 1/2",24VDC,<ASCO> CAT.8223A4,REBUILD KIT:310592 	1	0	0	0	0	0	0		0	0	W2D-58-0D-01	( SOLAR TURBINE - 186213-1 - Active),	1100.64	Active		1101	USD	18-JUN-03		MT00.TURE.0000,MESC,	GTIN-SOLAR-CENTAUR40,	QPC Merge Items	VALVE, SOLENOID, P/N. 186213-1	Finished good			
Each		KOL	20-70-18-214-A	VALVE,RELIEF PF.SOLAR TURBINE TYPE MARS 100 	0			0	0	0	0		0	0	W1A-17-0B-05	( SOLAR TURBINE - 1063401-4 - Active),( SOLAR TURBINE - 186521-4 - In-Active),	0	Inactive		395	USD	12-MAY-04	*	MISC.MISC.MISC,MESC,	GTIN-SOLAR-CENTAUR40,			Finished good			
Each		KOL	20-70-18-215-A	PUMP,OIL PART NO. : 186215-1	2	1	2	0	0	0	0		0	0	W2D-58-0D-01	( SOLAR TURBINE - 186215-1 - NULL),	1494.64170654346561375	Active		1558	USD	18-JUN-03		MT00.TURE.0000,MESC,	GTIN-SOLAR-TAURUS60,GTIN-SOLAR-CENTAUR40,	QPC Merge Items	PUMP, PRE/POST LUBE OIL P/N ;- 186215-1	Finished good			
Each		KOL	20-70-18-215-B	PUMP,OIL 	1			0	0	0	0		0	0	W2D-58-0D-01	( SOLAR TURBINE - 186215-1 - Active),	1073.4550598151984	Active		0	USD	13-JUN-19	*	MT00.TURE.0000,MESC,		QPC Merge Items	PUMP, PRE/POST LUBE OIL            P/N ;- 186215-1	Finished good			
Each		KOL	20-70-18-216-A	MOTOR 1.5HP,24VDC,72 A,RPM 1750, FRAME:182TCY,NEMA 56-0, SPEC.:SR-256-1BPN 186216-5 <US-ENERGY> 	1	0	1	0	0	0	0		0	0	W1H-08-0C-01	( SOLAR TURBINE - 186216-5 - Active),	4370.92848	Active		4337	USD	18-JUN-03		MT00.TURE.0000,MESC,	GTIN-SOLAR-CENTAUR40,	QPC Merge Items	MOTOR, ASSEMBLY P/N:- 186216-5	Finished good			
Each		KOL	20-70-18-219-A	ACTUATOR,PNEUMATIC PF:SOLAR TURBO GEN.MODEL:GS-40 DUAL FUEL 	2	1	2	0	0	1	0		0	0	W2D-58-0D-02	( SOLAR TURBINE - 1772265-100 - Active),( SOLAR TURBINE - 186232-19 - NULL),	966.2929551325160769	Active		1145	USD	11-MAY-04	*	MT00.TURE.0000,MESC,	GTIN-SOLAR-CENTAUR40,GTIN-SOLAR-TAURUS60,	QPC Merge Items	ACTUATOR,PNEUMATIC (N.C.) P/N 186232-19				
Each		KOL	20-70-18-219-B	ACTUATOR,PNEUMATIC PF:SOLAR TURBO GEN.MODEL:GS-40 DUAL FUEL 	1			0	0	0	0		-1	1	W2D-58-0D-03	( SOLAR TURBINE - 186232-19 - Active),	914.3003384015337	Active		1226	USD	17-NOV-18	*	MT00.TURE.0000,MESC,							
Each		KOL	20-70-18-225-A	BRACKET,MOUNTING,KIT PF:SOLAR TURBO GEN.MODEL:GS-40 DUAL FUEL 	1	0	1	0	0	0	0		0	0	W2D-58-0D-03	( SOLAR TURBINE - 186232-23 - Active),	88.71449	Active		89	USD	11-MAY-04		MT00.TURE.0000,MESC,	GTIN-SOLAR-TAURUS60,GTIN-SOLAR-CENTAUR40,						
Each		KOL	20-70-18-232-A	SECONDARY GAS FUEL VALVE 	1	0	0	0	0	0	0		0	0	W2D-58-0D-03	( SOLAR TURBINE - 186232-1 - Active),	1003.19	Active		1003	USD	18-JUN-03		MT00.TURE.0000,MESC,	GTIN-SOLAR-CENTAUR40,			Finished good			
Each		KOL	20-70-18-239-A	VALVE BALL 2", # 300 <P/F: PM & CM OF THREE "TAURUS 60 MPU" GAS TURBINES	1	0	1	0	0	0	0		0	0	W2D-58-0D-04	( SOLAR TURBINE - 186232-39 - Active),	1020.2206	Active		1203	USD	19-MAY-08		MT00.TURE.0000,MESC,	GTIN-SOLAR-TAURUS60,GTIN-SOLAR-TAURUS60,GTIN-SOLAR-CENTAUR40,	QPC Merge Items	VLV,BALL,2" 300# P/N 186232-39				
Each		KOL	20-70-18-275-A	VALVE,QUICK EXHAUST <SIGMA> 13QS43,H2S,CP7203,T12-88-22332 	0	0	0	0	0	0	0		0	0	W1A-17-0B-07	( SOLAR TURBINE - 186275-1 - Active),	512.40716513094801	Active		412	USD	18-JUN-03		MT00.TURE.0000,MESC,	GTIN-SOLAR-CENTAUR40,			Finished good			
Each		KOL	20-70-18-286-A	VALVE,SOLENOID CAT.NO S301XH16V3B3E,24V,DC.HZ,9WAT, GAS PSI MAX=1000 LIQUID PSI MAX=1000 2-4 OIL PSI=1000PSI, AMPS=0.388 OPER TEMP 13C P/N 010-0320E MADE IN TAIWAN 	0	0	0	0	0	0	0		0	0	W2D-00-DR-02	( ITT G.C.VALVES - - - In-Active),( SOLAR TURBINE - 186286-1 - Active),	302.02968	Active		289	USD	18-JUN-03	*	MT00.TURE.0000,MESC,	GTIN-SOLAR-CENTAUR40,GTIN-SOLAR-TAURUS60,	QPC Merge Items	VALVE, SOLENOID P/N:- 186286-1	Finished good			
Each		KOL	20-70-18-321-A	MODULE,ALARM LOGIC RONAN MOD.FSMM-003R 	5	0	0	0	0	0	0		0	0	W2K-08-0E-01	( SOLAR TURBINE - 186322-1 - Active),	8.41	Active		8	USD	18-JUN-03		MT00.TURE.0000,MESC,	GTIN-SOLAR-CENTAUR40,			Finished good			
Each		KOL	20-70-18-323-A	RELAY,8 PIN ROUND,<RONAN> MOD.SS2468-3-HS,24VDC,SERIES X12 	2	0	0	0	0	0	0		0	0	W2K-08-0E-02	( SOLAR TURBINE - 186322-3 - Active),	281.51	Active		282	USD	18-JUN-03		MT00.TURE.0000,MESC,	GTIN-SOLAR-CENTAUR40,			Finished good			
Each		KOL	20-70-18-335-A	METER, 0-20 VDC 	0	0	0	0	0	0	0		0	0		( SOLAR TURBINE -  186583-2 - Active),( SOLAR TURBINE - 186583-2 - NULL),	0	Inactive		289	USD	12-MAY-04		MISC.MISC.MISC,MESC,	GTIN-SOLAR-CENTAUR40,	QPC Merge Items	METER,(0-20) DC AMPS P/N 186583-2	Finished good			
Each		KOL	20-70-18-336-A	PRESSURE REGULATOR <P/F: PM & CM OF THREE "TAURUS 60 MPU" GAS TURBINES	2	1	2	0	0	0	0		0	0	W2D-58-0D-04	( SOLAR TURBINE - 186273-36 - Active),	611.4570984321723925	Active		618	USD	20-MAY-08		MT00.TURE.0000,MESC,	GTIN-SOLAR-CENTAUR40,GTIN-SOLAR-TAURUS60,	QPC Merge Items	REGULATOR,PRESS P/N 186273-36				
Each		KOL	20-70-18-408-A	MOTOR 120 VDC, 1.5 HP, 1750 R.P.M <SOLAR P/N: 186408-4 NEW P/N: 1100969-2 <P/F: SOLAR TURBINE GENERATOR - MODEL TAURUS 60	0	0	1	0	0	0	0		0	0	Y1H-03-0B-01	( SOLAR TURBINE - 1100969-2 - NULL),( SOLAR TURBINE - 186408-4 - NULL),	7893.13	Active		7893	USD	20-MAY-08		MT00.TURE.0000,MESC,	GTIN-SOLAR-TAURUS60,GTIN-SOLAR-CENTAUR40,GTIN-SOLAR-TAURUS60,	QPC Merge Items	MTR,120VDC,1.5HP1750RPM,CSA P/N 186408-4				
Each		KOL	20-70-18-408-B	MOTOR 120 VDC, 1.5 HP, 1750 R.P.M <P/F: SOLAR TURBINE GENERATOR - MODEL TAURUS 60	1			0	0	0	0		0	0	Y1H-03-0B-01	( SOLAR TURBINE - 186408-4 - NULL),( SOLAR TURBINE - 1100969-2 - Active),	5919.8475	Active		1	USD	13-JUN-19	*	MT00.TURE.0000,MESC,							
Each		KOL	20-70-18-413-A	ALARM LOGIC MODULE RONAN 	2	0	0	0	0	0	0		0	0	W2K-08-0E-02	( SOLAR TURBINE - 186413-1 - Active),	5.06	Active		5	USD	18-JUN-03		MT00.TURE.0000,MESC,	GTIN-SOLAR-CENTAUR40,			Finished good			
Each		KOL	20-70-18-416-A	SWITCH,LIQUID LEVEL <P/F SOLAR CENTAUR TURBO GENERATOR <MODE:GS-40 DUAL FUEL 	9	1	2	0	0	0	0		0	0	W2D-58-0D-05	( SOLAR TURBINE - 186214-16 - Active),	749.523664444444444444444444444444444444	Active		800	USD	11-MAY-04		MT00.TURE.0000,MESC,	GTIN-SOLAR-CENTAUR40,GTIN-SOLAR-TAURUS60,	QPC Merge Items	SWITCH, LEVEL P/N :- 186214-16				
Each		KOL	20-70-18-419-A	METER,AC,AMPS 15 	0			0	0	0	0		0	0		( SOLAR TURBINE - 186584-19 - NULL),	0	Inactive		456	USD	11-MAY-04		MISC.MISC.MISC,MESC,	GTIN-SOLAR-CENTAUR40,	QPC Merge Items	METER,AC AMPS,15 P/N 186584-19				
Each		KOL	20-70-18-425-A	SWITCH LIQUID LEVEL <P/F: PM & CM OF THREE "TAURUS 60 MPU" GAS TURBINES	2	1	2	0	0	0	0		0	0	W2D-58-0C-01	( SOLAR TURBINE - 186214-25 - Active),	790.704949196520018	Active		761	USD	20-MAY-08		MT00.TURE.0000,MESC,	GTIN-SOLAR-TAURUS60,GTIN-SOLAR-CENTAUR40,GTIN-SOLAR-TAURUS60,						
Each		KOL	20-70-18-481-A	VALVE,BALL,AIR OPERATED,PNEUMATIC,0.5IN MODEL:133SR   P/F:MODEL: TURBINE MODEL MARS 100         2 YEARS SPARE PARTS FOR QASR COMPRESSION STATION	1	0	1	0	0	1	1		1	0	W2D-58-0C-02	( SOLAR TURBINE -  186648-1 - Active),( Swagelok - SS-63TF8-33C - Active),	1202.05066666666	Active		498	USD	11-MAY-04		MT00.TURE.0000,MESC,	GTIN-SOLAR-TAURUS60,GTIN-SOLAR-TAURUS60,GTIN-SOLAR-CENTAUR40,	QPC Merge Items	VALVE,BALL,AIR OPERATED P/N 186648-1				
Each		KOL	20-70-18-494-A	VALVE RELIEF IN LINE OLD 20-70-11-889 	2	0	0	0	0	0	0		0	0	W2D-58-0C-02	( SOLAR TURBINE - 186494-2 - Active),	769.75	Active		770	USD	18-JUN-03		MT00.TURE.0000,MESC,	GTIN-SOLAR-CENTAUR40,			Finished good			
Each		KOL	20-70-18-606-A	VALVE,CHECK <TECHNO CHECK VLV.> MOD.1.50",PRESS 150 PSI,SERIAL T426T,SEAL TEMP. 400F 	1	0	1	0	0	0	0		0	0	W2D-58-0C-03	( SOLAR TURBINE - 1059700-1 - Active),( SOLAR TURBINE - 186069-1 - Active),	598.72599	Active		594	USD	18-JUN-03		MT00.TURE.0000,MESC,	GTIN-SOLAR-CENTAUR40,	QPC Merge Items	VALVE CHECK P/N:-186069-1.	Finished good			
Each		KOL	20-70-18-615-A	ACTUATOR HYDRAULIC PART NO. : 186159-32 NEW P/NO.: 186159-37	0	0	0	0	0	0	0		0	0	W2D-59-0A-03	( SOLAR TURBINE - 186159-32 - NULL),( SOLAR TURBINE - 186159-37 - NULL),	10848.711086052622	Active		10071	USD	18-JUN-03		MT00.TURE.0000,MESC,	GTIN-SOLAR-CENTAUR40,	QPC Merge Items	HYDRAULIC, ACTUATOR P/N:- 186159-37	Finished good			
Each		KOL	20-70-18-615-B	ACTUATOR HYDRAULIC 	1			0	0	0	0		0	0	W2D-58-0C-03	( SOLAR TURBINE - 186159-32 - NULL),	5532.48	Active		7377	USD	16-NOV-06		MT00.TURE.0000,MESC,	GTIN-SOLAR-CENTAUR40,	QPC Merge Items	HYDRAULIC ACTUATOR  P/N 186159-32	Finished good			
Each		KOL	20-70-18-620-A	PUMP LUB OIL 	1	0	1	0	0	0	0		0	0	W1H-08-0B-01	( SOLAR TURBINE - 186204-1 - Active),	1870.13	Active		1870	USD	18-JUN-03		MT00.TURE.0000,MESC,	GTIN-SOLAR-CENTAUR40,	QPC Merge Items	Lub oil pump. P/n:- 186204-1	Finished good			
Each		KOL	20-70-18-621-A	SWITCH LEVEL PART NO. : 186214-16	0	0	0	0	0	0	0		0	0	W1A-13-0D-02	( SOLAR TURBINE - 186214-16 - NULL),	735.076138506615985714285714285714285714	Inactive		798	USD	18-JUN-03		MISC.MISC.MISC,	GTIN-SOLAR-CENTAUR40,			Finished good			
Each		KOL	20-70-18-623-A	VALVE,BALL,PNEUMATIC,2"X300# <P/F SOLAR CENTAUR TURBO GENERATOR <MODE:GS-40 DUAL FUEL 	1	0	1	0	0	0	0		0	0	W2D-58-0C-04	( SOLAR TURBINE - 186232-400 - Active),	2523.8553592518159	Active		2330	USD	16-MAY-04		MT00.TURE.0000,MESC,	GTIN-SOLAR-CENTAUR40,						
Each		KOL	20-70-18-624-A	VALVE,BALL,2" X 300 # PF:SOLAR TURBO GEN.MODEL:GS-40 DUAL FUEL 	0	0	0	0	0	0	0		0	0	W1A-13-0D-04	( SOLAR TURBINE - 186232-39 - Active),( SOLAR TURBINE - 186232-14 - NULL),	1057.22090004317655	Active		1117	USD	16-MAY-04		MT00.TURE.0000,MESC,	GTIN-SOLAR-CENTAUR40,						
Each		KOL	20-70-18-627-A	REGULATOR,PRESSURE,POPPET,0.25IN 5000 PSIG P.F SOLAR TURBINE TYPE MARS100          2 YEARS SPARE PARTS FOR QASR COMPRESSION STATION SEE MEC ( 20-70-18-731-A ).	0	0	0	0	0	0	0		0	0	W1A-13-0D-04	( SOLAR TURBINE - 186273-1 - Active),( WELKER / IMTECH - IR01TPXD-90 - Active),	706.49	Inactive		616	USD	18-JUN-03		MISC.MISC.MISC,MESC,	EGTD-SOLAR-MARS100,GTIN-SOLAR-CENTAUR40,GTIN-SOLAR-TAURUS60,			Finished good			
Each		KOL	20-70-18-630-A	REPAIR KIT P/F: BLEED VALVE ACTUATOR 	2	1	2	0	0	0	0		0	0	W2K-08-0E-02	( SOLAR TURBINE - 996838C1  - NULL),	77.52	Active		78	USD	18-MAR-12		MT00.TURE.0000,MESC,	GTIN-SOLAR-CENTAUR40,						
Each		KOL	20-70-18-632-A	REPAIR KIT P/F: GAS FUEL PRESSURE REGULATOR 	2	1	2	0	0	0	0		0	0	W2K-08-0E-03	( SOLAR TURBINE -  994731B1 - Active),	52.89	Active		53	USD	18-MAR-12		MT00.TURE.0000,MESC,	GTIN-SOLAR-CENTAUR40,						
Each		KOL	20-70-18-634-A	REPAIR KIT P/F: AIR ASSIST PRESSURE REGULATOR 	2	1	2	0	0	0	0		0	0	W2K-08-0E-03	( SOLAR TURBINE - 996504B1 - NULL),	32.26	Active		32	USD	18-MAR-12		MT00.TURE.0000,MESC,	GTIN-SOLAR-TAURUS60,GTIN-SOLAR-CENTAUR40,						
Each		KOL	20-70-18-636-A	REPAIR KIT P/F: GAS AND LIQUID FUEL VALVE QUICK EXHAUST 	2	1	2	0	0	0	0		0	0	W2K-08-0E-03	( SOLAR TURBINE - 997396B1 - NULL),	16.52	Active		17	USD	18-MAR-12		MT00.TURE.0000,MESC,	GTIN-SOLAR-TAURUS60,GTIN-SOLAR-CENTAUR40,						
Each		KOL	20-70-18-638-A	REPAIR KIT P/F: LUBE OIL AND LIQUID FUEL FILTER ASSY 	2	1	2	0	0	0	0		0	0	W2K-08-0E-03	( SOLAR TURBINE - 1064728-5 - NULL),	286.44	Active		286	USD	18-MAR-12		MT00.TURE.0000,MESC,	GTIN-SOLAR-TAURUS60,GTIN-SOLAR-CENTAUR40,	QPC Merge Items	VLV,TRANSFER,KIT P/N 1064728-5				
Each		KOL	20-70-18-640-A	REPAIR KIT P/F: LUBE OIL, IGV AND GAS FUEL SOLINOID VALVE  AND VALVE SOLENOID ACTUATOR 	2	1	2	0	0	0	0		0	0	W2K-08-0E-04	( SOLAR TURBINE - 996848C1 - NULL),	182.32	Active		186	USD	18-MAR-12		MT00.TURE.0000,MESC,	GTIN-SOLAR-TAURUS60,GTIN-SOLAR-CENTAUR40,	QPC Merge Items	KIT REPAIR VALVE SOLENOID P/N 996848C1				
Each		KOL	20-70-18-653-A	VALVE,SOLENOID <WICHITA KAMSAS USA> P/N:4707-11,S/N:59,CODE ID:34163, "ASC",24VDC,3000PSI,2A 	1	0	1	0	0	0	0		0	0	W2D-00-DR-02	( SOLAR TURBINE - 186653-1 - NULL),	1766.24	Active		1766	USD	18-JUN-03		MT00.TURE.0000,MESC,	GTIN-SOLAR-CENTAUR40,			Finished good			
Each		KOL	20-70-18-673-A	REGULATOR,PRESSURE <WELKER> SEE CODE :20-70-18-735-A 	0	0	0	0	0	0	0		0	0	W2D-00-DR-02	( SOLAR TURBINE - 186273-5 - NULL),	458.49	Active		458	USD	18-JUN-03	*	MT00.TURE.0000,MESC,	GTIN-SOLAR-CENTAUR40,			Finished good			
Each		KOL	20-70-18-689-A	MODULE SYCHRONIZATION 	1	0	0	0	0	0	0		0	0	W2D-58-0C-04	( SOLAR TURBINE - 186897-83 - NULL),	5859.818156383095	Active		5180	USD	18-JUN-03		MT00.TURE.0000,MESC,	GTIN-SOLAR-CENTAUR40,			Finished good			
Each		KOL	20-70-18-722-A	CARD GEARBOX 	2	0	0	0	0	0	0		0	0	W2K-08-0E-04	( SOLAR TURBINE - 186722-4 - NULL),	2439.32	Active		2439	USD	18-JUN-03		MT00.TURE.0000,MESC,	GTIN-SOLAR-CENTAUR40,			Finished good			
ST		KOL	20-70-18-730-A	BATTERY SET 24 VDC NI-CD MFG : SAFT NIFE _TYPE : SBM184-2 ,NI-CD PF :TUBINE BATTERIES " TURBINES 1,2,3,4 	2	0	0	0	0	0	0		0	0	Y1Z-00-13-0A	( SOLAR TURBINE - 186707-300 - NULL),	6866.3361010698255	Active		6319	USD	15-FEB-06	*	MT00.TURE.0000,MESC,	GTIN-SOLAR-CENTAUR40,	QPC Merge Items	Battery Set, NICAD. 184 AH, 24 VDC PN:- 186707-300				
SET		KOL	20-70-18-730-U-A	BATTERY SET 24 VDC <P/N: 186707-300 <MFG:SOLAR TURBINES <P/F SWITCH GEAR BATTERIES " TURBINE 4 & 5"	0			0	0	0	0		0	0			0	Inactive			USD	15-FEB-05		MISC.MISC.MISC,	GTIN-SOLAR-CENTAUR40,						
Each		KOL	20-70-18-731-A	REGULATOR,PRESSURE PF.SOLAR TURBINE TYPE MARS 100 	3	1	2	0	0	0	0		0	0	W2D-58-0C-05	( SOLAR TURBINE - 186273-1 - NULL),	1082.15709	Active		740	USD	19-NOV-03		MT00.TURE.0000,MESC,	GTIN-SOLAR-CENTAUR40,GTIN-SOLAR-TAURUS60,	QPC Merge Items	VALVE PRESS. CONTROL PCV 931 P/N :- 186273-1.	Finished good			
Each		KOL	20-70-18-732-A	PRESSURE REGULATOR <P/F: PM & CM OF THREE "TAURUS 60 MPU" GAS TURBINES	2	1	2	0	0	0	0		0	0	W2D-58-0C-05	( SOLAR TURBINE - 186273-2 - NULL),	463.6200151966435385	Active		437	USD	20-MAY-08		MT00.TURE.0000,MESC,	GTIN-SOLAR-CENTAUR40,GTIN-SOLAR-TAURUS60,	QPC Merge Items	REGULATOR,PRESSURE P/N 186273-2				
Each		KOL	20-70-18-735-A	REGULATOR,PRESSURE PF.SOLAR TURBINE TYPE MARS 100 	0	0	1	1	0	0	1		0	0	W2D-00-DR-02	( SOLAR TURBINE - 186273-5 - Active),	449.216965653982124	Active		441	USD	12-MAY-04		MT00.TURE.0000,MESC,	GTIN-SOLAR-CENTAUR40,			Finished good			
Each		KOL	20-70-18-736-A	REGULATOR,PRESSURE PF.SOLAR TURBINE TYPE MARS 100 	0	0	0	0	0	0	0		0	0		( SOLAR TURBINE - 186273-6 - NULL),	0	Inactive		304	USD	03-JUN-04		MISC.MISC.MISC,MESC,	GTIN-SOLAR-CENTAUR40,			Finished good			
Each		KOL	20-70-18-780-A	THERMOMETER ,<ASHCRAFT> 0-120C,20-240 F 	1	0	1	0	0	0	0		0	0	W2D-58-0C-05	( SOLAR TURBINE - 186780-4 - NULL),	459.08	Active		461	USD	18-JUN-03		MT00.TURE.0000,MESC,	GTIN-SOLAR-CENTAUR40,	QPC Merge Items	GAUGE, TEMPERATURE P/N :- 186780-4	Finished good			
Each		KOL	20-70-18-799-A	VALVE,CONTROL PILOT <AMOT> MOD.4418D3F4A0 	0	0	0	0	0	0	0		0	0	W2D-59-0B-01	( SOLAR TURBINE - 186799-1 - NULL),	1350.65	Active		1351	USD	18-JUN-03		MT00.TURE.0000,MESC,	GTIN-SOLAR-CENTAUR40,	QPC Merge Items	VALVE, CONTROL (SECONDARY) P/N:- 186799-1	Finished good			
Each		KOL	20-70-18-803-A	GAUGE,TEMP 0-120C 	1	0	1	0	0	0	0		0	0	W2D-58-0B-01	( SOLAR TURBINE - 186780-3 - NULL),	474.62	Active		475	USD	19-NOV-03		MT00.TURE.0000,MESC,	GTIN-SOLAR-CENTAUR40,			Finished good			
Each		KOL	20-70-18-862-A	VALVE,SOLENOID PF.SOLAR TURBINE TYPE MARS 100 	0	0	0	0	0	1	0		0	0	W2D-58-0B-02	( SOLAR TURBINE - 186286-2 - NULL),	272.41150656636195525	Active		259	USD	03-JUN-04		MT00.TURE.0000,MESC,	GTIN-SOLAR-CENTAUR40,GTIN-SOLAR-TAURUS60,GTIN-SOLAR-TAURUS60,	QPC Merge Items	VALVE,SOLENOID P/N 186286-2	Finished good			
Each		KOL	20-70-18-936-A	ACTUATOR,HYDRAULIC PF.SOLAR TURBINE TYPE MARS 100 OLD PART NO:186159-36 NEW PART NO:186159-41	0	0	0	0	0	0	0		0	0		( SOLAR TURBINE - 186159-36 - NULL),( SOLAR TURBINE - 186159-41 - NULL),	0	Inactive		11613	USD	25-MAY-04		MISC.MISC.MISC,MESC,	GTIN-SOLAR-CENTAUR40,			Finished good			
Each		KOL	20-70-18-936-B	ACTUATOR,HYDRAULIC PF.SOLAR TURBINE TYPE MARS 100 PART NO. : 186159-36,186159-41	0	0	0	0	0	0	0		0	0		( SOLAR TURBINE - 186159-36 - NULL),( SOLAR TURBINE - 186159-41 - NULL),	0	Inactive			USD	18-JUL-05		MISC.MISC.MISC,MESC,	GTIN-SOLAR-CENTAUR40,			Finished good			
Each		KOL	20-70-19-021-A	NUT, NO. 10-24,  PF: PM & CM OF THREE "TAURUS 60 MPU" GAS TURBINES	25	3	6	0	0	0	0		0	0	W2D-58-0B-02	( SOLAR TURBINE - 19302R1 - NULL),	.4332	Active		1	USD	18-MAR-08		MT00.TURE.0000,MESC,	GTIN-SOLAR-TAURUS60,GTIN-SOLAR-TAURUS60,GTIN-SOLAR-CENTAUR40,						
Each		KOL	20-70-19-029-A	MOTO,415V,50HZ,TYPE 5,SH,3 PHASE 	2			0	0	0	0		0	0	W1H-08-0C-02	( SOLAR TURBINE - 190460-29 - NULL),	1576.40029	Active		1570	USD	11-MAY-04		MT00.TURE.0000,MESC,	GTIN-SOLAR-TAURUS60,GTIN-SOLAR-CENTAUR40,						
Each		KOL	20-70-19-131-A	REGULATOR VOLTAGE PART NO. : 190131-10	0	0	0	0	0	0	0		0	0	W2D-58-0B-02	( SOLAR TURBINE - 190131-10 - NULL),	0	Inactive			USD	18-JUN-03		MISC.MISC.MISC,MESC,	GTIN-SOLAR-CENTAUR40,			Finished good			
Each		KOL	20-70-19-131-B	REGULATOR VOLTAGE 	1			0	0	0	0		0	0	W2D-58-0B-02	( SOLAR TURBINE - 190131-10 - NULL),	1402.6	Active		1	USD	18-JUN-03		MT00.TURE.0000,MESC,	GTIN-SOLAR-CENTAUR40,			Finished good			
Each		KOL	20-70-19-163-A	VALVE,BALL DIVERTER <WORCESTER> MOD. 1DG4446TSE,V1,R8,BODY CS,TRIM SS CWP 1000,SEAT TEE,MAX TEMP.400F 	1	0	1	0	0	0	0		0	0	W2D-58-0B-03	( SOLAR TURBINE - 190163-1 - NULL),	581.82	Active		582	USD	18-JUN-03		MT00.TURE.0000,MESC,	GTIN-SOLAR-CENTAUR40,			Finished good			
Each		KOL	20-70-19-181-A	FILTER LUB OIL PF.SOLAR TURBINE TG-160 /.D 	3	4	8	4	0	2	2		2	2	W2D-58-0B-03	( SOLAR TURBINE - 1091032-1 - Active),( SOLAR TURBINE - 190181-1 - In-Active),	174.974310192084390666666666666666666667	Active		174	USD	18-JUN-03	*	MT00.TURE.0000,MESC,	GTIN-SOLAR-CENTAUR40,	QPC Merge Items	LUBE OIL FILTER ELEMENT P/N: 191032-1 NEW P/N: 1091032-1	Finished good			
Each		KOL	20-70-19-186-A	GAUGE SWITCH 0-50 PSID <P/F: PM & CM OF THREE "TAURUS 60 MPU" GAS TURBINES	1	0	2	0	0	0	0		0	0	W2D-58-0B-04	( SOLAR TURBINE - 190118-6 - NULL),	700.57	Active		1	USD	20-MAY-08		MT00.TURE.0000,MESC,	GTIN-SOLAR-TAURUS60,GTIN-SOLAR-CENTAUR40,						
Each		KOL	20-70-19-192-A	O-RING <P/F SOLAR CENTAUR TURBO GENERATOR <MODE:GS-40 DUAL FUEL 	16	3	6	0	0	0	0		2	2	W2K-08-0E-04	( SOLAR TURBINE - 190619-2 - NULL),	7.434165	Active		7	USD	11-MAY-04		MT00.TURE.0000,MESC,	GTIN-SOLAR-TAURUS60,GTIN-SOLAR-CENTAUR40,	QPC Merge Items	O-RING P/N 190619-2				
Each		KOL	20-70-19-200-A	INACTIVE SWITCH,PRESSURE,12 PSI,DPDT RANGE:3 TO 30PSIG PF:SOLAR TURBO GEN.MODEL:GS-40 DUAL FUEL& MODEL: TURBINE MODEL MARS 100 FOR QASR COMPRESSION STATION MFG:ITT MOD:132P48CC6BGHN  SEE MESC : 20-70-10-353-A	0	0	0	0	0	0	0		0	0	W1A-13-0D-09	( SOLAR TURBINE - 1114470-21 - NULL),( SOLAR TURBINE - 190298-53 - NULL),	500.16	Active		500	USD	18-JUN-03		MT00.TURE.0000,MESC,	GTIN-SOLAR-CENTAUR40,IPPS-ITTNEODYN-132P8CC6BGN,			Finished good			
Each		KOL	20-70-19-201-A	PUMP MOTOR ASSY 380V, 3 PH, 50 HZ <P/F: PM & CM OF THREE "TAURUS 60 MPU" GAS TURBINES SEE  MESC'S : 20-70-19-851-A &  20-70-19-605-A 	0	0	0	0	0	0	0		0	0	W1H-08-0C-01	( SOLAR TURBINE - 190885-200 - NULL),	3228.04	Active		3228	USD	20-MAY-08		MT00.TURE.0000,MESC,	GTIN-SOLAR-CENTAUR40,GTIN-SOLAR-TAURUS60,						
Each		KOL	20-70-19-202-A	SWITCH,PRESSURE <ITT>MOD.132P41CC6BGN PROF 7500 PSIG PART NO. : 190298-60	1	0	1	0	0	0	0		0	0	W2D-00-DR-02	( SOLAR TURBINE - 1053923-160 - Active),( SOLAR TURBINE - 190298-60 - NULL),	456	Active		456	USD	18-JUN-03		MT00.TURE.0000,MESC,	GTIN-SOLAR-CENTAUR40,	QPC Merge Items	SWITCH, PRESSURE P/N :- 190298-60	Finished good			
Each		KOL	20-70-19-203-A	SWITCH,PRESSURE<ITT>,MOD.142P8S14-3 PROF 5 PSIG 	2	1	2	0	0	0	0		1	0	W2D-58-0B-04	( SOLAR TURBINE - 1053928-3 - NULL),( SOLAR TURBINE - 190299-3 - NULL),	457.5111	Active		444	USD	18-JUN-03		MT00.TURE.0000,MESC,	GTIN-SOLAR-CENTAUR40,IPPS-ITTNEODYN-142P8S143,	QPC Merge Items	SWITCH,PRESS P/N 1053928-3	Finished good			
Each		KOL	20-70-19-214-A	MONITOR,VIBRATION SYS. <BENTLY NEVADA> MODEL 2201 	0	0	0	0	0	0	0		0	0	W2K-08-0E-06	( SOLAR TURBINE - 190662-14 - NULL),	3251.41	Active		3105	USD	18-JUN-03		MT00.TURE.0000,MESC,	GTIN-SOLAR-CENTAUR40,			Finished good			
Each		KOL	20-70-19-265-A	PROBE,TEMPERATURE PF:SOLAR TURBO GEN.MODEL:GS-40 DUAL FUEL 	5	1	3	0	0	0	0		0	0	W2D-58-0B-05	( SOLAR TURBINE - 190226-5 - NULL),	309.4867943025119176	Active		301	USD	11-MAY-04		MT00.TURE.0000,MESC,	GTIN-SOLAR-TAURUS60,GTIN-SOLAR-CENTAUR40,						
Each		KOL	20-70-19-273-A	FILTER EMI LINE POWER 60 AMP. 	1	0	0	0	0	0	0		0	0	W2D-58-0B-05	( SOLAR TURBINE - 190273-2 - NULL),	155.84	Active		156	USD	18-JUN-03		MT00.TURE.0000,MESC,	GTIN-SOLAR-CENTAUR40,			Finished good			
Each		KOL	20-70-19-274-A	FILTER EMI LINE POWER 30 AMP. 	1	0	0	0	0	0	0		0	0	W2D-58-0B-05	( SOLAR TURBINE - 190273-3 - NULL),	145.45	Active		145	USD	18-JUN-03		MT00.TURE.0000,MESC,	GTIN-SOLAR-CENTAUR40,			Finished good			
Each		KOL	20-70-19-298-A	SWITCH,PRESSURE<ITT>,MOD.132P4S130 PROF 2000 PSIG PART NO. : 190298-14 NEW P/N: 1053923-114	0	0	0	0	0	0	0		0	0	W1A-00-DR-08	( SOLAR TURBINE - 1053923-114 - NULL),( SOLAR TURBINE - 190298-14 - NULL),	572.1933637790780376	Inactive		569	USD	18-JUN-03		MISC.MISC.MISC,	GTIN-SOLAR-CENTAUR40,			Finished good			
Each		KOL	20-70-19-299-A	SWITCH,PRESSURE <ITT>MOD.132P49CC6BGN PROF 2000 PSIG,SET AT 25 PSIG 	1	0	1	0	0	0	0		0	0	W2D-00-DR-02	( SOLAR TURBINE - 190298-15 - NULL),	446.75	Active		410	USD	18-JUN-03		MT00.TURE.0000,MESC,	GTIN-SOLAR-CENTAUR40,	QPC Merge Items	SWITCH, PRESSURE P/N:- 190298-15	Finished good			
Each		KOL	20-70-19-300-A	VALVE,ACTUATOR PF:CENTAUR TUBINE MODEL GS-40 	2	0	1	0	0	0	0		0	0	W2D-58-0A-01	( SOLAR TURBINE - 190537-301 - NULL),( SOLAR TURBINE - 190537-300 - NULL),	842.364	Active		841	USD	11-MAY-04		MT00.TURE.0000,MESC,	GTIN-SOLAR-CENTAUR40,GTIN-SOLAR-TAURUS60,						
Each		KOL	20-70-19-429-A	MOTOR,AC,415 VAC,50HZ,3 PHASE,10 HP 	1			0	0	0	0		0	0	Y1H-03-0E-01	( SOLAR TURBINE - 190464-29 - NULL),	2732.7558	Active		2705	USD	11-MAY-04		MT00.TURE.0000,MESC,	GTIN-SOLAR-TAURUS60,GTIN-SOLAR-CENTAUR40,						
Each		KOL	20-70-19-430-A	SENSOR SPEED MAGNETIC	5	2	4	0	0	0	0		0	0	W2D-58-0A-01	( SOLAR TURBINE - 190430-1 - NULL),	85.0099668861801	Active		90	USD	18-JUN-03		MT00.TURE.0000,MESC,	GTIN-SOLAR-TAURUS60,GTIN-SOLAR-CENTAUR40,	QPC Merge Items	SENSOR, SPEED, MAGNETIC P/N:- 190430-1	Finished good			
Each		KOL	20-70-19-430-B	SENSOR SPEED MAGNETIC	1			0	0	0	0		0	0	W2D-58-0A-02	( SOLAR TURBINE - 190430-1 - Active),	63.757475164635075	Active		85	USD	04-AUG-19	*	MT00.TURE.0000,MESC,				Finished good			
Each		KOL	20-70-19-497-A	SWITCH,PRESSURE <ITT>MOD.160P44CCBN NEW MODEL : 160P44CC6BN PROF 1000 PSIG SOLAR OLD PART NO:190497-6 SOLAR NEW P/N:1053929-6 	0	0	0	0	0	0	0		0	0	W1A-13-0E-03	( SOLAR TURBINE - 1053929-6 - NULL),( SOLAR TURBINE - 190497-6 - NULL),	576.78	Inactive		577	USD	18-JUN-03		MISC.MISC.MISC,	GTIN-SOLAR-CENTAUR40,			Finished good			
Each		KOL	20-70-19-498-A	SWITCH,PRESSURE <ITT>MOD.160P46CC6BN PROF. 1000 PSIG 	1	0	1	0	0	0	0		0	0	W2D-58-0A-02	( SOLAR TURBINE - 190497-8 - NULL),	737.67	Active		738	USD	18-JUN-03		MT00.TURE.0000,MESC,	GTIN-SOLAR-CENTAUR40,			Finished good			
Each		KOL	20-70-19-521-A	FLUSH HEAD PLUG PF:SOLAR TURBO GEN.MODEL:GS-40 DUAL FUEL 	10	5	10	0	0	0	0		0	0	W2D-58-0A-02	( SOLAR TURBINE -  190185-21 - NULL),	3.82857885549848618181818181818181818182	Active		4	USD	11-MAY-04		MT00.TURE.0000,MESC,	GTIN-SOLAR-TAURUS60,GTIN-SOLAR-CENTAUR40,	QPC Merge Items	FLUSH HEAD PLUG P/N 190185-21				
Each		KOL	20-70-19-537-A	VALVE,BALL <WHITEY> 	1	0	2	0	0	0	0		0	0	W2D-58-0A-03	( SOLAR TURBINE - 190537-100 - NULL),	678.115	Active		711	USD	18-JUN-03		MT00.TURE.0000,MESC,	GTIN-SOLAR-TAURUS60,GTIN-SOLAR-CENTAUR40,	QPC Merge Items	VALVE, ACTUATOR P/N:- 190537-100	Finished good			
Each		KOL	20-70-19-540-A	TRANSMITTER GAS PRESSURE, SOLAR 	0	0	0	0	0	0	0		0	0	W1A-13-0E-04	( SOLAR TURBINE - 1029610-41 - NULL),( SOLAR TURBINE - 190540-9 - NULL),	1307.6413028345384	Active		1282	USD	22-MAY-08		MT00.TURE.0000,MESC,	GTIN-SOLAR-CENTAUR40,						
Each		KOL	20-70-19-562-A	POWER SUPPLY ISOLATED P.F SOLAR TURBINE TYPE MARS 100 CATERPILLER COMP. MOD S3060 INPUT:20-32 VDC,15 A OUTPUT:4.87-5.25 VDC,20AMPS OP.TEMP:0-71 C CLASS1, DIV Z GROUP1 	4	0	0	0	0	0	0		0	0	W2K-08-0E-05	( SOLAR TURBINE - 190856-2 - NULL),	1041.32125	Active		1131	USD	19-NOV-03		MT00.TURE.0000,MESC,	GTIN-SOLAR-CENTAUR40,			Finished good			
Each		KOL	20-70-19-600-A	PUMP MOTOR PRE-POST LUBE 380V <P/F: PM & CM OF THREE "TAURUS 60 MPU" GAS TURBINES	2	1	2	0	0	0	0		0	0	Y1H-03-0G-01	( SOLAR TURBINE - 190855-600 - NULL),	3462.7468	Active		3511	USD	20-MAY-08		MT00.TURE.0000,MESC,	GTIN-SOLAR-TAURUS60,GTIN-SOLAR-TAURUS60,GTIN-SOLAR-CENTAUR40,						
Each		KOL	20-70-19-604-A	STARTER, DC MOTOR P/F: PM & CM OF THREE "TAURUS 60 MPU" GAS TURBINES	1	0	1	0	0	0	0		0	0	W1H-08-0C-04	( SOLAR TURBINE - 190377-1604 - Active),	4401.84230577434425	Active		4304	USD	20-MAY-08	*	MT00.TURE.0000,MESC,	GTIN-SOLAR-TAURUS60,GTIN-SOLAR-CENTAUR40,						
Each		KOL	20-70-19-605-A	MOTOR, AC FOR T60 TURBINE LIQUID FUEL BOOSTER PUMP ,  	1	0	1	0	0	0	0		0	0	W2D-58-0A-03	( SOLAR TURBINE - 190460-5 - NULL),	2163.72457	Active		1054	USD	15-NOV-13		MT00.TURE.0000,MESC,	GTIN-SOLAR-TAURUS60,GTIN-SOLAR-CENTAUR40,						
Each		KOL	20-70-19-619-A	O-RING <P/N:190619-1 <P/F SOLAR CENTAUR TURBO GENERATOR <MODE:GS-40 DUAL FUEL <MFG:SOLAR	0			0	0	0	0		0	0			0	Inactive			USD	12-MAY-04		MISC.MISC.MISC,	GTIN-SOLAR-CENTAUR40,						
Each		KOL	20-70-19-624-A	VALVE,CHECK <PARKER HYDRAULIC> 	2	1	2	0	0	0	0		0	0	W2D-58-0A-04	( Parker - 488-16D28-1 - Active),( SOLAR TURBINE - 190624-5 - NULL),	421.655	Active		438	USD	18-JUN-03		MT00.TURE.0000,MESC,	GTIN-SOLAR-CENTAUR40,	QPC Merge Items	VALVE, CHECK, POPPET, IN LINE 1.0"T P/N:- 190624-5	Finished good			
Each		KOL	20-70-19-662-A	MONITOR VIBRATION 	0	0	0	0	0	0	0		0	0	W2K-08-0E-06	( SOLAR TURBINE - 190662-13 - NULL),( SOLAR TURBINE - 190662-14 - NULL),	7312.28685	Active		7204	USD	18-JUN-03		MT00.TURE.0000,MESC,	GTIN-SOLAR-CENTAUR40,			Finished good			
Each		KOL	20-70-19-668-A	MODULE VIBRATION 4 CHANNEL PART NO. : 190662-28	0	0	0	0	0	0	0		0	0	W2K-08-0E-06	( SOLAR TURBINE - 190662-28 - NULL),	0	Inactive		3636	USD	18-JUN-03		MISC.MISC.MISC,MESC,	GTIN-SOLAR-CENTAUR40,	QPC Merge Items	MONITOR,4-CHANNEL,4-CHNL FILTE P/N:- 190662-28	Finished good			
Each		KOL	20-70-19-668-B	MODULE VIBRATION 4 CHANNEL 	1			0	0	0	0		0	0	W2K-08-0E-05	( SOLAR TURBINE - 190662-28 - NULL),	2727.28	Active		1	USD	01-JUN-05		MT00.TURE.0000,MESC,	GTIN-SOLAR-CENTAUR40,	QPC Merge Items	4CHANNEL VIBRATION MODULE P/N 19662-28	Finished good			
Each		KOL	20-70-19-700-A	PUMP/MOTOR ASSY,415VAC,3 PHSE,50 HZ 	1			0	0	0	0		0	0	Y1H-03-0F-02	( SOLAR TURBINE - 190885-700 - NULL),	2904.6933	Active		2893	USD	11-MAY-04		MT00.TURE.0000,MESC,	GTIN-SOLAR-TAURUS60,GTIN-SOLAR-CENTAUR40,						
Each		KOL	20-70-19-812-A	O-RING BAND CLAMP FILTER <P/F: PM & CM OF THREE "TAURUS 60 MPU" GAS TURBINES	7	6	12	0	0	0	0		0	0	W2D-58-0A-04	( SOLAR TURBINE - 190181-2 - NULL),	55.04	Active		58	USD	19-MAY-08		MT00.TURE.0000,MESC,	GTIN-SOLAR-TAURUS60,GTIN-SOLAR-CENTAUR40,	QPC Merge Items	O Ring Band Clamp Filter PN:- 190181-2				
Each		KOL	20-70-19-820-A	REGULATOR,TEMP/PRESS,FOR 140 DEGF PF:SOLAR TURBO GEN.MODEL:GS-40 DUAL FUEL 	0	0	1	0	0	0	0		0	0	W1H-08-0C-01	( SOLAR TURBINE - 190185-203 - NULL),	5109.66703	Active		4772	USD	13-MAY-04		MT00.TURE.0000,MESC,	GTIN-SOLAR-CENTAUR40,						
Each		KOL	20-70-19-820-B	REGULATOR,TEMP/PRESS,FOR 140 DEGF PF:SOLAR TURBO GEN.MODEL:GS-40 DUAL FUEL 	1			0	0	0	0		0	0	W1H-08-0C-01	( SOLAR TURBINE - 190185-203 - NULL),	3832.2502725	Active		1	USD	01-OCT-06		MT00.TURE.0000,MESC,	GTIN-SOLAR-CENTAUR40,						
Each		KOL	20-70-19-831-A	VALVE,PRESSUR RELIEF PF:SOLAR TURBO GEN.MODEL:GS-40 DUAL FUEL 	2	1	2	0	0	0	0		0	0	W2D-58-0A-04	( SOLAR TURBINE - 190583-1 - NULL),	78.7723704358227022275	Active		70	USD	11-MAY-04		MT00.TURE.0000,MESC,	GTIN-SOLAR-CENTAUR40,	QPC Merge Items	VALVE, PRESSURE P/N:190583-1.				
Each		KOL	20-70-19-841-A	VALVE,DELTAP PF.SOLAR TURBINE TG-160 /.D 	5	1	2	0	0	0	0		0	0	W2D-58-0A-05	( SOLAR TURBINE - 190584-1 - NULL),	225.1191967895208286	Active		206	USD	11-MAY-04		MT00.TURE.0000,MESC,	GTIN-SOLAR-TAURUS60,GTIN-SOLAR-CENTAUR40,	QPC Merge Items	VALVE,DELTA P P/N190584-1				
Each		KOL	20-70-19-842-A	VALVE,DELTAP 	2	1	2	0	0	0	0		0	0	W2D-58-0A-05	( SOLAR TURBINE - 190584-2 - NULL),	169.47	Active		154	USD	11-MAY-04		MT00.TURE.0000,MESC,	GTIN-SOLAR-CENTAUR40,GTIN-SOLAR-TAURUS60,	QPC Merge Items	VALVE,DELTA P P/N 190584-2				
Each		KOL	20-70-19-851-A	PUMP,H475M 	2	0	1	0	0	0	0		0	0	W2D-58-0A-05	( SOLAR TURBINE - 190885-1 - NULL),	1064.31543	Active		1054	USD	11-MAY-04		MT00.TURE.0000,MESC,	GTIN-SOLAR-TAURUS60,GTIN-SOLAR-TAURUS60,GTIN-SOLAR-CENTAUR40,						
Each		KOL	20-70-19-852-A	O-RING <P/F SOLAR CENTAUR TURBO GENERATOR <MODE:GS-40 DUAL FUEL 	8	2	4	0	0	0	0		1	0	W2K-08-0E-06	( SOLAR TURBINE - 190185-2 - NULL),	11.76	Active		12	USD	11-MAY-04		MT00.TURE.0000,MESC,	GTIN-SOLAR-CENTAUR40,						
Each		KOL	20-70-19-854-A	OIL GAGE DIFFERENTIAL PRESSURE, SOLAR	1	0	1	0	0	0	0		0	0	W2D-59-0A-01	( SOLAR TURBINE - 190854-1 - Active),	532.8	Active		533	USD	22-MAY-08		MT00.TURE.0000,MESC,	GTIN-SOLAR-CENTAUR40,	QPC Merge Items	GAUGE, DIFFERENTIAL PRESSURE P/N: 190854-1				
Each		KOL	20-70-19-855-A	THERMOSTAT,LUBE OIL <P/F SOLAR CENTAUR TURBO GENERATOR <MODE:GS-40 DUAL FUEL	1	0	1	0	0	0	0		1	0	W2D-59-0A-01	( SOLAR TURBINE - 190585-5 - Active),	297.005354789073864	Active		285	USD	11-MAY-04		MT00.TURE.0000,MESC,	GTIN-SOLAR-TAURUS60,GTIN-SOLAR-CENTAUR40,	QPC Merge Items	THERMOSTAT,LUBE,OIL P/N 190585-5				
Each		KOL	20-70-19-856-A	POWER SUPPLY ISOLATED P.F SOLAR TURBINE TYPE MARS 100 CATERPILLER COMP. MOD S3060 INPUT:20-32 VDC,15 A OUTPUT:4.87-5.25 VDC,20AMPS OP.TEMP:0-71 C CLASS1, DIV Z GROUP1 	0	0	0	0	0	0	0		0	0	W1A-13-0E-08	( SOLAR TURBINE - 190856-2 - Active),	1134.81	Active		955	USD	18-JUN-03		MT00.TURE.0000,MESC,	GTIN-SOLAR-CENTAUR40,			Finished good			
Each		KOL	20-70-19-859-A	BUSHING,THERMOSTAT GUIDE,BRONZE PF:SOLAR TURBO GEN.MODEL:GS-40 DUAL FUEL 	0			0	0	0	0		0	0	WH-1D2	( SOLAR TURBINE - 190185-9 - Active),	0	Inactive		212	USD	11-MAY-04		MISC.MISC.MISC,MESC,	GTIN-SOLAR-TAURUS60,GTIN-SOLAR-CENTAUR40,						
Each		KOL	20-70-19-942-A	GASKET,  <P/F: SOLAR CENTAUR-40 TURBINE 1601-D 	2	1	2	0	0	0	0		0	2	W2D-59-0A-01	( SOLAR TURBINE - 967942C1 - Active),	123.02	Active		123	USD	22-MAY-08		MT00.TURE.0000,MESC,	GTIN-SOLAR-CENTAUR40,						
Each		KOL	20-70-19-981-A	LOCK WASHER NO. 10,  PF: PM & CM OF THREE "TAURUS 60 MPU" GAS TURBINE	25	4	8	0	0	0	0		0	0	W2D-59-0A-02	( SOLAR TURBINE - 19298R1 - Active),	.4332	Active		1	USD	18-MAR-08		MT00.TURE.0000,MESC,	GTIN-SOLAR-TAURUS60,GTIN-SOLAR-CENTAUR40,GTIN-SOLAR-TAURUS60,						
Each		KOL	20-70-20-008-A	ADAPTER,TORQUE,COUPLING LOCKNUT  P/F: SOLAR TURBO GEN.  MODEL: GS-40 DUAL FUEL	0			0	0	0	0		0	0	W1A-13-0E-09	( SOLAR TURBINE - FT20008 - Active),	1643.15181	Active		1640	USD	06-JUN-04		MT00.TURE.0000,MESC,	GTIN-SOLAR-CENTAUR40,						
Each		KOL	20-70-20-025-A	TOOL-ADAPTER PF:SILAR TURBO GEN.MODEL:GS-40 DUAL FUEL 	0			0	0	0	0		0	0	W1A-13-0E-09	( SOLAR TURBINE - FT20025 - Active),	715.93813	Active		715	USD	06-JUN-04		MT00.TURE.0000,MESC,	GTIN-SOLAR-CENTAUR40,						
Each		KOL	20-70-20-026-A	TORQUE WRENCH PF:SOLAR TURBO GEN.MODEL:GS-40 DUAL FUEL 	0	0	0	0	0	0	0		0	0	W1A-14-0E-01	( SOLAR TURBINE - FT20026 - Active),	974.56935	Active		974	USD	06-JUN-04		MT00.TURE.0000,MESC,	GTIN-SOLAR-CENTAUR40,						
Each		KOL	20-70-20-027-A	SPLINE WRENCH-PINION GEAR HOLD PF:SOLAR TURBO GEN.MODEL:GS-40 DUAL FUEL 	0			0	0	0	0		0	0	W1H-08-0C-03	( SOLAR TURBINE - FT20027 - Active),	782.45897	Active		781	USD	06-JUN-04		MT00.TURE.0000,MESC,	GTIN-SOLAR-CENTAUR40,						
Each		KOL	20-70-20-029-A	STAKING PUNCH AND UNSTAKING LEVER PF:SOLAR TURBO GEN.MODEL:GS-40 DUAL FUEL 	0			0	0	0	0		0	0	W1A-14-0E-02	( SOLAR TURBINE - FT20029 - Active),	254.30017	Active		254	USD	06-JUN-04		MT00.TURE.0000,MESC,	GTIN-SOLAR-CENTAUR40,						
Each		KOL	20-70-20-100-A	SPLINE WRENCH G.P. COUPLING HUB <P/N:FT20030-100 <P/F SOLAR CENTAUR TURBO GENERATOR <MODE:GS-40 DUAL FUEL <MFG:SOLAR	0			0	0	0	0		0	0			0	Inactive			USD	06-JUN-04		MISC.MISC.MISC,	GTIN-SOLAR-CENTAUR40,						
Each		KOL	20-70-20-101-A	KIT TAP-CENTAUR ENGINE RETHREAD PF:SOLAR TURBO GEN:MODEL:GS-40 DUAL FUEL PART NO. : FT20300-102	0	0	0	0	0	0	0		0	0			0	Inactive		4388	USD	06-JUN-04		MISC.MISC.MISC,	GTIN-SOLAR-CENTAUR40,						
Each		KOL	20-70-20-125-A	BUSHING,THERMOSTAT GUIDE BRONZE SUPPORT F/ 4TH TURBINES 	0	0	0	0	0	0	0	20-70-10-425-A  - Merge  ,	0	0	W1A-14-0E-02	( SOLAR TURBINE - 190185-9 - Active),	242.5898495636099875	Active		226	USD	10-JUN-04		MT00.TURE.0000,MESC,	GTIN-SOLAR-CENTAUR40,	QPC Merge Items	BUSHING,BRONZE,THERMOSTAT GUID P/N 190185-9				
Each		KOL	20-70-20-128-A	O-RING F/ 4TH TURBINES PART NO. : 190185-2	0	0	0	0	0	0	0		0	0	W1A-14-0E-02	( SOLAR TURBINE - 190185-2 - NULL),	8.27	Inactive		8	USD	10-JUN-04		MISC.MISC.MISC,	GTIN-SOLAR-CENTAUR40,						
Each		KOL	20-70-20-301-A	GUIDE TUBES,BORESCOPE PART NO. : FT20200-301	0			0	0	0	0		0	0	W1H-08-0C-04	( SOLAR TURBINE - FT20200-301 - Active),	1537.14358	Active		1522	USD	06-JUN-04		MT00.TURE.0000,	GTIN-SOLAR-CENTAUR40,GTIN-SOLAR-TAURUS60,						
Each		KOL	20-70-20-500-A	GAUGE INTLET GUIDE VANE 	0	0	0	0	0	0	0		0	0	W1A-14-0E-03	( SOLAR TURBINE - FT20500 - Active),	2543.71865	Active		1433	USD	18-JUN-03		MT00.TURE.0000,MESC,	GTIN-SOLAR-CENTAUR40,			Finished good			
Each		KOL	20-70-20-585-A	THERMAL ELEMENT F/4TH TURBINES 	0	0	0	0	0	0	0	20-70-19-855-A  - Merge  ,	0	0	W1A-14-0E-03	( SOLAR TURBINE - 190585-5 - Active),	396.53914	Active		372	USD	10-JUN-04		MT00.TURE.0000,MESC,	GTIN-SOLAR-CENTAUR40,						
Each		KOL	20-70-20-619-A	O-RING, F/4TH TURBINES PART NO. : 190619-2	0	0	0	0	0	0	0		0	0	W1A-14-0E-04	( SOLAR TURBINE - 190619-2 - NULL),	7.678333333	Inactive		8	USD	10-JUN-04		MISC.MISC.MISC,	GTIN-SOLAR-CENTAUR40,						
Each		KOL	20-70-22-081-A	BOLT, 5/16-18 X 0.875,  PF: PM & CM OF THREE "TAURUS 60 MPU" GAS TURBINE	25	2	4	0	0	0	0		0	0	W2D-59-0A-02	( SOLAR TURBINE - 22508R1 - Active),	.4332	Active		1	USD	18-MAR-08		MT00.TURE.0000,MESC,	GTIN-SOLAR-CENTAUR40,GTIN-SOLAR-TAURUS60,GTIN-SOLAR-TAURUS60,						
Each		KOL	20-70-22-348-A	INSULATION,PLANKET PF:SA-G-8001 SOLAR TURBINES	0	0	0	0	0	0	0		0	0	BUILDING-1-FLOOR-PY1	( SOLAR TURBINE - 122348-202 - Active),	0	Inactive		1880	USD	18-AUG-03		MISC.MISC.MISC,MESC,	GTIN-SOLAR-CENTAUR40,						
Each		KOL	20-70-22-391-A	LOCK NUT 1/4-20,  PF: PM & CM OF THREE "TAURUS 60 MPU" GAS TURBINE	25	6	12	0	0	0	0		0	0	W2D-59-0A-02	( SOLAR TURBINE - 22639R1 - Active),	.6939777238375306692	Active		0	USD	18-MAR-08		MT00.TURE.0000,MESC,	GTIN-SOLAR-CENTAUR40,GTIN-SOLAR-TAURUS60,GTIN-SOLAR-TAURUS60,						
Each		KOL	20-70-22-492-A	BOLT 1/4-20X1.25,  PF: PM & CM OF THREE "TAURUS 60 MPU" GAS TURBINE	25	6	12	0	0	0	0		0	0	W2D-59-0A-03	( SOLAR TURBINE - 22492R1 - Active),	.15772220996307515304	Active		0	USD	18-MAR-08		MT00.TURE.0000,MESC,	GTIN-SOLAR-TAURUS60,GTIN-SOLAR-TAURUS60,GTIN-SOLAR-CENTAUR40,						
Each		KOL	20-70-22-493-A	BOLT, 1/4-20X1.5,	25	1	2	0	0	0	0		0	0	W2D-59-0A-03	( SOLAR TURBINE - 22493R1 - Active),	4.34235	Active		0	USD	14-APR-08		MT00.TURE.0000,MESC,	GTIN-SOLAR-CENTAUR40,						
Each		KOL	20-70-22-494-A	BOLT, 1/4-20 X 1.75 	12	2	4	0	0	0	0		0	0	W2D-59-0A-03	( SOLAR TURBINE - 22494R1 - Active),	4.34235	Active		0	USD	14-APR-08		MT00.TURE.0000,MESC,	GTIN-SOLAR-CENTAUR40,						
Each		KOL	20-70-22-521-A	WASHER NO. 10 PF: PM & CM OF THREE "TAURUS 60 MPU" GAS TURBINE	25	4	8	0	0	0	0		0	0	W2D-59-0A-03	( SOLAR TURBINE - 22652R1 - Active),	.4332	Active		1	USD	18-MAR-08		MT00.TURE.0000,MESC,	GTIN-SOLAR-TAURUS60,GTIN-SOLAR-CENTAUR40,GTIN-SOLAR-TAURUS60,						
Each		KOL	20-70-22-522-A	BOLT 	25	1	2	0	0	0	0		0	0	W2D-59-0A-04	( SOLAR TURBINE - 22522R1 - Active),	.4508	Active		0	USD	25-MAY-04		MT00.TURE.0000,MESC,	GTIN-SOLAR-CENTAUR40,						
Each		KOL	20-70-22-539-A	BOLT 	25	1	2	0	0	0	0		0	0	W2D-59-0A-04	( SOLAR TURBINE - 22539R1 - Active),	.48	Active		0	USD	25-MAY-04		MT00.TURE.0000,MESC,	GTIN-SOLAR-CENTAUR40,						
Each		KOL	20-70-22-646-A	NUT <1.0-8> 	24	2	4	0	0	0	0		0	0	W2D-00-DR-02	( SOLAR TURBINE - 22646R1 - Active),	.69	Active		1	USD	18-JUN-03		MT00.TURE.0000,MESC,	GTIN-SOLAR-CENTAUR40,			Finished good			
Each		KOL	20-70-22-696-A	LOCK WASHER <1.0> 	25	2	4	0	0	0	0		0	0	W2D-00-DR-02	( SOLAR TURBINE - 22696R1 - Active),	.42	Active		0	USD	18-JUN-03		MT00.TURE.0000,MESC,	GTIN-SOLAR-CENTAUR40,			Finished good			
Each		KOL	20-70-23-181-A	LOCK NUT 3/8-16,  PF: PM & CM OF THREE "TAURUS 60 MPU" GAS TURBINE	8	2	4	0	0	0	0		0	0	W2D-59-0A-04	( SOLAR TURBINE - 23818R1 - Active),	1.7475	Active		1	USD	18-MAR-08		MT00.TURE.0000,MESC,	GTIN-SOLAR-TAURUS60,GTIN-SOLAR-TAURUS60,GTIN-SOLAR-CENTAUR40,						
Each		KOL	20-70-23-402-A	WASHER 3/8,  PF: PM & CM OF THREE "TAURUS 60 MPU" GAS TURBINE 	25	4	8	0	0	0	0		0	0	W2D-59-0A-05	( SOLAR TURBINE - 23402R1 - Active),	.7424	Active		1	USD	18-MAR-08		MT00.TURE.0000,MESC,	GTIN-SOLAR-TAURUS60,GTIN-SOLAR-TAURUS60,GTIN-SOLAR-CENTAUR40,						
Each		KOL	20-70-23-614-A	WASHER 1/4,  PF: PM & CM OF THREE "TAURUS 60 MPU" GAS TURBINE	9	8	16	0	0	0	0		0	0	W2D-59-0A-05	( SOLAR TURBINE - 23614R1 - Active),	.3816	Active		1	USD	18-MAR-08		MT00.TURE.0000,MESC,	GTIN-SOLAR-TAURUS60,GTIN-SOLAR-CENTAUR40,GTIN-SOLAR-TAURUS60,						
Each		KOL	20-70-24-051-A	NUT, 1/4-28,	25	2	4	0	0	0	0		0	0	W2D-59-0A-05	( SOLAR TURBINE - 24955R1 - Active),	3.92879	Active		0	USD	14-APR-08		MT00.TURE.0000,MESC,	GTIN-SOLAR-CENTAUR40,						
Each		KOL	20-70-24-085-A	HOSE ASSY <P/F SOLAR CENTAUR TURBO GENERATOR <MODE:GS-40 DUAL FUEL 	1	0	1	0	0	0	0		0	0	W2D-59-0B-01	( SOLAR TURBINE - T24BO850F180 - Active),	1761.32	Active		1761	USD	12-MAY-04		MT00.TURE.0000,MESC,	GTIN-SOLAR-CENTAUR40,						
Each		KOL	20-70-24-109-A	HOSE,FLEXIBLE <P/F SOLAR CENTAUR TURBO GENERATOR <MODE:GS-40 DUAL FUEL 	1	0	1	0	0	0	0		0	0	W2D-59-0B-02	( SOLAR TURBINE - T24C1090A000 - Active),	867.62	Active		868	USD	10-MAY-04		MT00.TURE.0000,MESC,	GTIN-SOLAR-CENTAUR40,						
Each		KOL	20-70-24-140-A	HOSE, TEFLON, 1.5" DIA <P/F: PM & CM OF THREE "TAURUS 60 MPU" GAS TURBINES	1	0	1	0	0	0	0		0	0	W1H-08-0C-05	( SOLAR TURBINE - T24C1140D000 - Active),	716.23	Active		1	USD	20-MAY-08		MT00.TURE.0000,MESC,	GTIN-SOLAR-TAURUS60,GTIN-SOLAR-CENTAUR40,						
Each		KOL	20-70-24-180-A	HOSE ASSY,1.5",TEFLON,FRONT GEN DRIVE <P/N:T24B057F180 <P/F SOLAR CENTAUR TURBO GENERATOR <MODE:GS-40 DUAL FUEL <MFG:SOLAR	0			0	0	0	0		0	0			0	Inactive			USD	12-MAY-04		MISC.MISC.MISC,	GTIN-SOLAR-CENTAUR40,						
Each		KOL	20-70-24-200-A	HOSE TEFLON 	2	0	1	0	0	0	0		0	0	W1H-08-0C-05	( SOLAR TURBINE - 1104031 - Active),( SOLAR TURBINE - T24A1200C00 - NULL),	1178.28515	Active		1577	USD	18-JUN-03		MT00.TURE.0000,MESC,	GTIN-SOLAR-CENTAUR40,			Finished good			
Each		KOL	20-70-24-600-A	HOSE TEFLON 	2	1	2	0	0	0	0		0	0	W2D-59-0B-03	( SOLAR TURBINE - T24A0600800 - Active),	646.86	Active		647	USD	18-JUN-03		MT00.TURE.0000,MESC,	GTIN-SOLAR-CENTAUR40,			Finished good			
Each		KOL	20-70-24-640-A	HOSE, NOMEX, DRIVER <P/F: PM & CM OF THREE "TAURUS 60 MPU" GAS TURBINES	1	0	2	0	0	0	0		0	0	W2D-59-0B-04	( SOLAR TURBINE - N24A064D000 - Active),	676.94	Active		1	USD	20-MAY-08		MT00.TURE.0000,MESC,	GTIN-SOLAR-TAURUS60,GTIN-SOLAR-CENTAUR40,						
Each		KOL	20-70-24-650-A	HOSE,ASSY. 1.5" TEFLON PF:SOLAR TURBINE CENTUAR MODEL GS-40 DUAL FUEL 	1			0	0	0	0		0	0	W1H-08-0C-05	( SOLAR TURBINE - T24B0650A000 - Active),	678.36	Active		678	USD	10-MAY-04		MT00.TURE.0000,MESC,	GTIN-SOLAR-TAURUS60,GTIN-SOLAR-CENTAUR40,						
Each		KOL	20-70-24-780-A	HOSE, 1.5" NOMEX, EXCITER <P/F: PM & CM OF THREE "TAURUS 60 MPU" GAS TURBINES	1	0	2	0	0	0	0		0	0	W2D-59-0B-05	( SOLAR TURBINE - N24A0780D000 - Active),	705.24	Active		1	USD	20-MAY-08		MT00.TURE.0000,MESC,	GTIN-SOLAR-TAURUS60,GTIN-SOLAR-CENTAUR40,						
Each		KOL	20-70-24-800-A	HOSE,ASSY. 1.5" TEFLON PF:SOLAR TURBINE CENTUAR MODEL GS-40 DUAL FILTER 	1			0	0	0	0		0	0	W1H-08-0C-05	( SOLAR TURBINE - T24C0800A00 - Active),	758.87	Active		759	USD	10-MAY-04		MT00.TURE.0000,MESC,	GTIN-SOLAR-CENTAUR40,GTIN-SOLAR-TAURUS60,						
Each		KOL	20-70-24-813-A	RING RETAINING 	10	1	2	0	0	0	0		0	0	W2D-00-DR-02	( SOLAR TURBINE - 24813R1 - Active),	1.92	Active		2	USD	18-JUN-03		MT00.TURE.0000,MESC,	GTIN-SOLAR-CENTAUR40,GTIN-SOLAR-TAURUS60,			Finished good			
Each		KOL	20-70-24-950-A	HOSE,ASSY. 1.5" TEFLON PF:SOLAR TURBINE CENTUAR MODEL GS-40 DUAL FILTER 	1			0	0	0	0		0	0	W1H-08-0C-05	( SOLAR TURBINE - T24C0950C000 - Active),	737.62	Active		738	USD	10-MAY-04		MT00.TURE.0000,MESC,	GTIN-SOLAR-TAURUS60,GTIN-SOLAR-CENTAUR40,						
Each		KOL	20-70-25-081-A	BOLT, 3/8-16 X 2.75,  PF: PM & CM OF THREE "TAURUS 60 MPU" GAS TURBINE	8	2	4	0	0	0	0		0	0	W2D-59-0C-01	( SOLAR TURBINE - 25208R1 - Active),	21.07625	Active		1	USD	18-MAR-08		MT00.TURE.0000,MESC,	GTIN-SOLAR-CENTAUR40,GTIN-SOLAR-TAURUS60,						
Each		KOL	20-70-27-714-A	NUT,LOCK 	4	1	2	0	0	0	0		0	0	W2D-59-0C-01	( SOLAR TURBINE - 272714 - Active),	2.8980496716787959525	Active		3	USD	25-MAY-04		MT00.TURE.0000,MESC,	GTIN-SOLAR-CENTAUR40,						
Each		KOL	20-70-29-897-A	RING RETAINING 	6	1	2	0	0	0	0		0	0	W2D-00-DR-02	( SOLAR TURBINE - 298790R1 - Active),	1.98	Active		2	USD	18-JUN-03		MT00.TURE.0000,MESC,	GTIN-SOLAR-CENTAUR40,			Finished good			
Each		KOL	20-70-30-100-A	INJECTOR, FUEL, 20 VANES <P/F: PM & CM OF THREE "TAURUS 60 MPU" GAS TURBINES	3	1	3	0	0	0	0		0	0	W2D-59-0C-02	( SOLAR TURBINE - 302246-101 - Active),( SOLAR TURBINE - 302246-100 - NULL),	6851.68	Active		7006	USD	20-MAY-08		MT00.TURE.0000,MESC,	GTIN-SOLAR-CENTAUR40,GTIN-SOLAR-TAURUS60,						
Each		KOL	20-70-30-108-A	TRIP PNEUMATIC 	0	0	1	1	0	1	0		0	0	W2D-59-0C-03	( SOLAR TURBINE - 70-30108-1 - Active),	242.94131528806880288	Active		237	USD	18-JUN-03		MT00.TURE.0000,MESC,	EGTD-SOLAR-MARS100,IPPS-SOLAR-70301081,GTIN-SOLAR-CENTAUR40,	QPC Merge Items	TRIP PNEUMATIC P/N 70-30108-1	Finished good			
Each		KOL	20-70-30-314-A	BUSHING PF:SOLAR TURBO GEN.MODEL:GS-40 DUAL FUEL 	16	8	16	0	0	0	0		0	8	W2D-59-0C-03	( SOLAR TURBINE - 301314-18 - Active),	57.5419027779810696875	Active		60	USD	11-MAY-04		MT00.TURE.0000,MESC,	GTIN-SOLAR-CENTAUR40,GTIN-SOLAR-TAURUS60,	QPC Merge Items	BUSHING P/N: 301314-18				
PACKAGE		KOL	20-70-30-401-A	FILTER ELEMENT DISPOSABLE  <PN/70-30401-5 <SN/S	0			0	0	0	0		0	0			0	Inactive			USD	15-FEB-06		MISC.MISC.MISC,	GTIN-SOLAR-CENTAUR40,						
PK20		KOL	20-70-30-401-U-A	FILTER ELEMENT DISPOSABLE  <PN/70-30401-5 <SN/S	0			2	0	0	0		0	0			0	Inactive			USD	08-MAY-05		MISC.MISC.MISC,	GTIN-SOLAR-CENTAUR40,						
Each		KOL	20-70-30-511-A	PLUG,  PF: PM & CM OF THREE "TAURUS 60 MPU" GAS TURBINE	2	1	2	0	0	0	0		0	0	W2D-59-0C-03	( SOLAR TURBINE - 302751-1 - Active),	22.93	Active		1	USD	18-MAR-08		MT00.TURE.0000,MESC,	GTIN-SOLAR-CENTAUR40,GTIN-SOLAR-TAURUS60,						
Each		KOL	20-70-30-514-A	PLUG 	16	0	3	0	0	0	0		0	0	W2D-59-0C-04	( SOLAR TURBINE - 444691 - Active),	.2608652178926276995625	Active		0	USD	07-DEC-09		MT00.TURE.0000,MESC,	GTIN-SOLAR-CENTAUR40,						
Each		KOL	20-70-30-671-A	REFLECTOR RING 	4	0	0	0	0	0	0		0	0	W2D-00-DR-02	( SOLAR TURBINE - 70-30267-1 - Active),	7.94	Active		8	USD	18-JUN-03		MT00.TURE.0000,MESC,	GTIN-SOLAR-CENTAUR40,			Finished good			
Each		KOL	20-70-30-673-A	LENS-CAP WITH QUARTZ WINDOW 	2	0	0	0	0	0	0		0	0	W2D-00-DR-02	( SOLAR TURBINE - 70-302673-1 - Active),	386.07	Active		386	USD	18-JUN-03		MT00.TURE.0000,MESC,	GTIN-SOLAR-CENTAUR40,			Finished good			
Each		KOL	20-70-30-674-A	O-RING,DETECTOR BARREL 	2	0	0	0	0	0	0		0	0	W2K-00-DR-18	( SOLAR TURBINE - 70-30267-4 - Active),	15.86	Active		16	USD	18-JUN-03		MT00.TURE.0000,MESC,	GTIN-SOLAR-CENTAUR40,			Finished good			
Each		KOL	20-70-30-702-A	COUPLING,SUPERFLEX,DISC <P/F SOLAR CENTAUR TURBO GENERATOR <MODE:GS-40 DUAL FUEL 	1	0	0	0	0	0	0		0	0	Y1H-00-00-00-A	( SOLAR TURBINE - 301315-702 - Active),	29123.97	Active		31679	USD	11-MAY-04		MT00.TURE.0000,MESC,	GTIN-SOLAR-CENTAUR40,GTIN-SOLAR-TAURUS60,	QPC Merge Items	COUPLING,S/FLEX DISC(7.0855 NO Part Number: 301315-702				
Each		KOL	20-70-32-100-A	HOSE TEFLON 	2	1	2	0	0	0	0		0	0	W1H-08-0C-05	( SOLAR TURBINE - 1043174 - Active),( SOLAR TURBINE - T3281000C00 - NULL),( SOLAR TURBINE - T32B1000C00 - NULL),	870.695	Active		735	USD	18-JUN-03		MT00.TURE.0000,MESC,	GTIN-SOLAR-CENTAUR40,			Finished good			
Each		KOL	20-70-32-122-A	HOSE ASSY,2.0,OVERHEAD PF:SOLAR TURBO GEN.MODEL:GS-40 DUAL FUEL 	1	0	1	0	0	0	0		0	0	W1H-08-0C-05	( SOLAR TURBINE - T32C1225A00 - Active),	1627.5786543463198	Active		1596	USD	10-MAY-04		MT00.TURE.0000,MESC,	GTIN-SOLAR-CENTAUR40,						
Each		KOL	20-70-32-140-A	HOSE,ASSY. 2" (OVERHEAD) PF:SOLAR TURBINE CENTUAR TURBINE MODEL GS-40,DUAL FUEL 	1	0	1	0	0	0	0		0	0	W1H-08-0C-05	( SOLAR TURBINE - T32C1400A00 - Active),	1568.545471416457382	Active		1462	USD	10-MAY-04		MT00.TURE.0000,MESC,	GTIN-SOLAR-CENTAUR40,						
Each		KOL	20-70-32-150-A	HOSE TEFLON 	2	1	2	0	0	0	0		0	0	W1H-08-0C-05	( SOLAR TURBINE - T32A1150C00 - Active),	861.51	Active		862	USD	18-JUN-03		MT00.TURE.0000,MESC,	GTIN-SOLAR-CENTAUR40,			Finished good			
Each		KOL	20-70-32-200-A	HOSE TEFLON 	2	1	2	0	0	0	0		0	0	W1H-08-0C-05	( SOLAR TURBINE - T32A1200C00 - NULL),( SOLAR TURBINE - 1635421 - Active),	1506.819057168888737	Active		1437	USD	18-JUN-03	*	MT00.TURE.0000,MESC,	GTIN-SOLAR-CENTAUR40,			Finished good			
Each		KOL	20-70-32-745-A	HOSE,ASSY. 2" TEFLON PF:SOLAR TURBINE CENTUAR MODEL GS-40 DUAL FILTER 	1			0	0	0	0		0	0	W1H-08-0C-05	( SOLAR TURBINE - T32A0745B000 - Active),	1125.756	Active		1114	USD	10-MAY-04		PROD.0000.0000,MESC,	GTIN-SOLAR-CENTAUR40,GTIN-SOLAR-TAURUS60,						
Each		KOL	20-70-32-750-A	HOSE, TEFLON, 2" DIA <P/F: PM & CM OF THREE "TAURUS 60 MPU" GAS TURBINES	1	0	2	0	0	0	0		0	0	W2D-59-0C-04	( SOLAR TURBINE - 1419800 - Active),( SOLAR TURBINE - T32B0750A000 - Active),	1279.3568809463060605	Active		1263	USD	20-MAY-08		MT00.TURE.0000,MESC,	GTIN-SOLAR-CENTAUR40,GTIN-SOLAR-TAURUS60,						
Each		KOL	20-70-32-825-A	HOSE,ASSY. 1.5" TEFLON,F\PUMP DISCHAGE PF:SOLAR TURBINE CENTUAR MODEL GS-40 DUAL FILTER 	0			0	0	0	0		0	1	W1H-08-0C-05	( SOLAR TURBINE - 1103510 - Active),( SOLAR TURBINE - T32C0825C180 - In-Active),	2959.3658	Active		2929	USD	10-MAY-04	*	MT00.TURE.0000,MESC,	GTIN-SOLAR-TAURUS60,GTIN-SOLAR-CENTAUR40,						
Each		KOL	20-70-32-935-A	HOSE, TEFLON, 1.5" L10 FROM COOLER  <P/F: PM & CM OF THREE "TAURUS 60 MPU" GAS TURBINES	1	0	2	0	0	0	0		0	0	W1H-08-0C-06	( SOLAR TURBINE - T32C0935A000 - Active),	1213.23	Active		1	USD	20-MAY-08		MT00.TURE.0000,MESC,	GTIN-SOLAR-CENTAUR40,GTIN-SOLAR-TAURUS60,						
Each		KOL	20-70-36-236-A	TRANSMITTER ASSY P.F:GAS MONITOR,MANF.:DELPHIAN 	3	0	0	0	0	0	0		0	0	W2K-08-0E-06	( SOLAR TURBINE - 361236 - Active),	609.296715585872331666666666666666666667	Active		619	USD	18-JUN-03		MT00.TURE.0000,MESC,	GTIN-SOLAR-CENTAUR40,			Finished good			
Each		KOL	20-70-36-550-A	CONTROLLER (ALARM SETPOINT) DELPHIAN GAS SEE MEC(60-04-99-550) NEW PN:362-550-048 PART NO. : 363-550-048(997277C1)	0	0	0	0	0	0	0		0	0		( SOLAR TURBINE - 363-550-048(997277C1) - NULL),	0	Inactive		1049	USD	18-JUN-03		MISC.MISC.MISC,	GTIN-SOLAR-CENTAUR40,			Finished good			
Each		KOL	20-70-38-994-A	GAUGE DIFF. PRESS. 0-50 PSI 	1	0	1	0	0	0	0		0	0	W2D-59-0C-05	( SOLAR TURBINE - 38994-1 - Active),	519.36	Active		519	USD	18-JUN-03		MT00.TURE.0000,MESC,	GTIN-SOLAR-CENTAUR40,			Finished good			
Each		KOL	20-70-39-274-A	FILTERS 	17	0	0	0	0	0	0		0	0	W2D-59-0C-05	( SOLAR TURBINE - 39274-1 - Active),	218.29	Active		218	USD	18-JUN-03		MT00.TURE.0000,MESC,	GTIN-SOLAR-CENTAUR40,			Finished good			
Each		KOL	20-70-39-399-A	CARBO BLAST KIT 	1	0	1	0	0	0	0		0	0	W2D-59-0D-01	( SOLAR TURBINE - 39399-0 - Active),	362.54	Active		363	USD	18-JUN-03		MT00.TURE.0000,MESC,	GTIN-SOLAR-CENTAUR40,			Finished good			
Each		KOL	20-70-41-538-A	RELAY,TDDO KT220, TIMER (6-60 MINUTES) SOLAR <AGASTAT> AGASTAT, MOD.702201,COIL 24VDC,SERIAL 97310660  P/F: SOLAR GAS TURBINE GENERATORS SET SATURN  PART NO. T-1301 WITH RELAY LOGIC CONTROL SYSTEM,  	0	0	0	0	0	0	0		0	0	W1A-14-0D-06	( SOLAR TURBINE - 1052873-103 - Active),( SOLAR TURBINE - 41538-7 - NULL),	176.62	Active		177	USD	18-JUN-03		MT00.TURE.0000,MESC,	GTIN-SOLAR-CENTAUR40,			Finished good			
Each		KOL	20-70-43-212-A	CHECK VALVE,SWING,1/2NPT,200PSI <P/F SOLAR CENTAUR TURBO GENERATOR <MODE:GS-40 DUAL FUEL 	1	0	1	0	0	0	0		0	0	W2K-08-0E-06	( SOLAR TURBINE - 43521-2 - NULL),	87.95	Active		88	USD	11-MAY-04		MT00.TURE.0000,MESC,	GTIN-SOLAR-TAURUS60,GTIN-SOLAR-CENTAUR40,						
Each		KOL	20-70-45-084-A	NUT, NO 10-32 	23	2	4	0	0	0	0		0	0	W2D-59-0D-01	( SOLAR TURBINE - 453284 - Active),	4.34235	Active		0	USD	14-APR-08		MT00.TURE.0000,MESC,	GTIN-SOLAR-CENTAUR40,						
BOX		KOL	20-70-47-700-A	GRAPH 10" X 10"  GREEN 	1	0	1	0	0	0	0		0	0	W2D-59-0D-02	( SOLAR TURBINE - 470700 - Active),	8.23	Active		8	USD	09-FEB-06		MT00.TURE.0000,MESC,	GTIN-SOLAR-CENTAUR40,			Finished good			
BOX 10		KOL	20-70-47-700-U-A	GRAPH 10  X 10   GREEN PART NO. : 470700	0	0	0	0	0	0	0		0	0		( SOLAR TURBINE - 470700 - NULL),	0	Inactive			USD	18-JUN-03		MISC.MISC.MISC,	GTIN-SOLAR-CENTAUR40,			Finished good			
Each		KOL	20-70-50-018-A	PHOTOHELIC PRESSURE SWITCH PPP 12-5887 NO. TT000 4019 MODEL AX 4005 24 VDC MAX.PRESS. 25 PSI DONALUSON MOD. 	3	1	2	0	0	0	0		0	0	W2D-59-0D-02	( SOLAR TURBINE - A50912MD18 - Active),	521.62	Active		522	USD	18-JUN-03		MT00.TURE.0000,MESC,	GTIN-SOLAR-CENTAUR40,			Finished good			
Each		KOL	20-70-51-103-A	KIT TEST, ELECTRICAL 	0			0	0	0	0		0	0		( SOLAR TURBINE - FT51010-103 - Active),	0	Inactive		13748	USD	06-JUN-04		MISC.MISC.MISC,MESC,	GTIN-SOLAR-CENTAUR40,GTIN-SOLAR-TAURUS60,						
Each		KOL	20-70-60-600-A	REMOTE MOUNT TEMP INDICATOR 600A-04-C03- A1-LO3-DT TYPE 600 A 	2	1	2	0	0	0	0		0	0	W2D-59-0D-02	( SOLAR TURBINE - 600A-04-C03 - Active),	281.45	Active		281	USD	18-JUN-03		MT00.TURE.0000,MESC,	GTIN-SOLAR-CENTAUR40,			Finished good			
Each		KOL	20-70-60-776-A	RING,RETAINING 	6	0	0	0	0	0	0		0	0	W2D-00-DR-02	( SOLAR TURBINE - 603776C1 - Active),	1.78	Active		2	USD	18-JUN-03		MT00.TURE.0000,MESC,	GTIN-SOLAR-CENTAUR40,			Finished good			
Each		KOL	20-70-61-027-A	HOIST,SLING,WINCH P/F SOLAR CENTAUR TURBO GENERATOR MODE:GS-40 DUAL FUEL 	0			0	0	0	0		0	0		( SOLAR TURBINE - FT61027-101 - In-Active),( SOLAR TURBINE - FT61045-100 - Active),( SOLAR TURBINE - FT61027 - NULL),	0	Inactive		1	USD	06-JUN-04	*	MISC.MISC.MISC,MESC,	GTIN-SOLAR-CENTAUR40,						
Each		KOL	20-70-61-090-A	WRENCH PF:SOLAR TURBO GEN:MODEL:GS-40 DUAL FUEL 	0			0	0	0	0		0	0	W1H-08-0C-05	( SOLAR TURBINE - FT61090 - Active),	466.0266	Active		465	USD	06-JUN-04		MT00.TURE.0000,MESC,	GTIN-SOLAR-CENTAUR40,						
Each		KOL	20-70-61-096-A	SLINGS,NYLON PF:SOLAR TURBO GEN.MODEL:GS-40 DUAL FUEL 	0			0	0	0	0		0	0	W1A-14-0D-09	( SOLAR TURBINE - FT61096 - Active),	356.60138	Active		356	USD	06-JUN-04		MT00.TURE.0000,MESC,	GTIN-SOLAR-CENTAUR40,						
Each		KOL	20-70-62-681-A	LOCK WASHER 3/8,  PF: PM & CM OF THREE "TAURUS 60 MPU" GAS TURBINE	25	2	4	0	0	0	0		0	0	W2D-59-0D-03	( SOLAR TURBINE - 623068R1 - Active),	.4332	Active		1	USD	18-MAR-08		MT00.TURE.0000,MESC,	GTIN-SOLAR-TAURUS60,GTIN-SOLAR-TAURUS60,GTIN-SOLAR-CENTAUR40,						
Each		KOL	20-70-62-831-A	LOCK WASHER 5/16,  PF: PM & CM OF THREE "TAURUS 60 MPU" GAS TURBINE	25	2	4	0	0	0	0		0	0	W2D-59-0D-03	( SOLAR TURBINE - 623083R1 - NULL),	.4332	Active		1	USD	18-MAR-08		MT00.TURE.0000,MESC,	GTIN-SOLAR-TAURUS60,GTIN-SOLAR-TAURUS60,GTIN-SOLAR-CENTAUR40,						
Each		KOL	20-70-63-090-A	CHANCE TYPE C STANDARD PORCELAIN CUTOUT   FUSE HOLDER  CATALOGUE NO.: C710743PB     200AMP.,36 KV,  720 MM CRIBBAGE DISTANCE	0	0	0	0	0	-76	0	70-79-04-104-A  - Merge  ,	0	0	Y1G-03-0E-01	( HUBBELL - C710743PB - Active),	0	Active		472	USD	25-JUL-26		MT00.ELEC.0000,MESC,		QPC Merge Items	CHANCE TYPE C STANDARD PORCELAIN CUTOUT   FUSE HOLDER  CATALOGUE NO.: C710743PB     200Amp.,36 KV,  720 MM cribbage distance				
Each		KOL	20-70-67-001-A	KIT DIAL INDICATOR 	0			0	0	0	0		0	0	W1A-14-0C-01	( SOLAR TURBINE - FT67001 - Active),	770.06	Active		770	USD	06-JUN-04		MT00.TURE.0000,MESC,	GTIN-SOLAR-CENTAUR40,GTIN-SOLAR-TAURUS60,						
Each		KOL	20-70-67-073-A	FITTING KIT  P/F: SOLAR TURBINE COMPRESSOR SET  MODEL CENTAUR T4502	0			0	0	0	0		0	0		( SOLAR TURBINE - FT67073-100 - Active),	0	Inactive		6643	USD	08-MAY-05		MISC.MISC.MISC,MESC,	GTIN-SOLAR-CENTAUR40,	QPC Merge Items	FITTING KIT,SWAGELOK TYPE P/N FT67073-100				
Each		KOL	20-70-67-100-A	PRESSURE GAUGE KIT-LIQ & NAT GAS <P/N:FT67020-100 <P/F SOLAR CENTAUR TURBO GENERATOR <MODE:GS-40 DUAL FUEL <MFG:SOLAR	0			0	0	0	0		0	0			0	Inactive			USD	06-JUN-04		MISC.MISC.MISC,	GTIN-SOLAR-CENTAUR40,						
Each		KOL	20-70-67-661-A	TOOLS HAND KITT <PN/FT 67066-100 <SN/S	0			0	0	0	0		0	0			0	Inactive		7155	USD	08-MAY-05		MISC.MISC.MISC,	GTIN-SOLAR-CENTAUR40,						
Each		KOL	20-70-70-008-A	FILTER, AIR ELEMENT, DONALDSON MEDIA:SYNTHETIC/SPIDER-WEB 	0	0	0	0	0	0	0		0	0		( SOLAR TURBINE - 702008C1 - Active),( Donaldson - P19-1177 (P191177-000-710) - Active),	0	Inactive		99	USD	06-APR-14	*	CORR.0000.0000,MESC,	GTIN-SOLAR-TAURUS60,GTIN-SOLAR-TAURUS60,EGTD-SOLAR-MARS100,GTIN-SOLAR-CENTAUR40,	QPC Merge Items	ELEMENT,BARRIER,AIR,SYNTHETIC, P/N. 702008C1				
Each		KOL	20-70-70-010-A	AIR INLET (CONICAL) PF:  THE PM OF THE THREE TAURUS 60 MOBILE GAS TURBINES 	0			0	0	0	0		0	0		( Donaldson - P19-1178 - In-Active),( Donaldson - P191178-000-480 - In-Active),( SOLAR TURBINE - 700474C1 - In-Active),( SOLAR TURBINE - 997297C1 - Active),	0	Inactive		167	USD	06-APR-14	*	MT00.TURE.0000,MESC,	GTIN-SOLAR-TAURUS60,GTIN-SOLAR-CENTAUR40,	QPC Merge Items	Filter element conical media synthetic/spider-web 26" long galvanized, P/N:- P19-1178 				
Each		KOL	20-70-70-019-A	FILTER,AIR  22" , SYNTHETIC SPIDER WEB  PF: TURBINES UNIT A, B, C, D  	68	128	192	128	0	64	64		64	64	Y1S-03-0C-1/2	( Donaldson - P19-0949 - In-Active),( Donaldson - P190949-000-710 - In-Active),( SOLAR TURBINE - 1043751 - Active),	159.457878596269800000000000000000000001	Active		115	USD	05-APR-07	*	MT00.TURE.0000,MESC,	GTIN-SOLAR-CENTAUR40,	QPC Merge Items	Filter element 22? Long Cylindrical Media Synthetic/Spider-Web Galvanized, P/N. P19-0949  				
Each		KOL	20-70-70-020-A	PREFILTER WRAP CYLINDERICAL 26" P/F: SALAM & QASR SOLAR TURBINES	0	0	64	64	0	64	0		40	55	Y1S-01-0B-02	( Donaldson - P19-0978 - In-Active),( Donaldson - P19-0978-000-480 - Active),( Donaldson - P19-0978-016-900 - In-Active),	38.187610427179206171875	Active		37	USD	25-MAY-14	*	MT00.TURE.0000,MESC,	GTIN-SOLAR-CENTAUR40,GTIN-SOLAR-TAURUS60,	QPC Merge Items	PRE-FILTER WARPS P/N: P19-0978				
Each		KOL	20-70-70-022-A	PREFILTER WRAP CYLINDERICAL 22" P/F: SALAM   SOLAR TURBINES	196	150	300	0	0	104	22		172	192	Y1S-01-0D-02	( Donaldson - P19-1005 - In-Active),( Donaldson - P191005-000-480 - Active),	31.52030621378045263825778478517934568389	Active		27	USD	25-MAY-14	*	MT00.TURE.0000,MESC,	VTND-AG,GTIN-SOLAR-CENTAUR40,	QPC Merge Items	PRE-FILTER WARPS P/N: P19-1005				
Each		KOL	20-70-70-024-A	PREFILTER WRAP CONICAL 26" P/F: SALAM & QASR SOLAR TURBINES	0	0	0	0	0	0	0		0	0	Y1S-03-0E-02	( Donaldson - P19-0979 - NULL),	21.85824826258379584722222222222222222222	Active		18	USD	25-MAY-14		MT00.TURE.0000,MESC,	GTIN-SOLAR-TAURUS60,GTIN-SOLAR-CENTAUR40,	QPC Merge Items	PRE-FILTER WARPS P/N: P19-0979				
Each		KOL	20-70-70-026-A	COUPLING REPAIR KIT P/F: SALAM & QASR SOLAR TURBINES	24	15	30	0	0	0	0		0	0	W2D-59-0D-03	( SOLAR TURBINE - 24699-02 - Active),	31.98005487957878429	Active		32	USD	25-MAY-14		MT00.TURE.0000,MESC,	GTIN-SOLAR-CENTAUR40,						
Each		KOL	20-70-70-029-A	MOTOR,PACKAG VENTILATION FAN PART NO. : 7030029-200	1	0	1	0	0	0	0		0	0	W1H-08-0C-01	( SOLAR TURBINE - 7030029-200 - NULL),	3362.05	Active		3362	USD	18-JUN-03		MT00.TURE.0000,MESC,	GTIN-SOLAR-CENTAUR40,			Finished good			
Each		KOL	20-70-70-029-B	MOTOR,PACKAG VENTILATION FAN 	0			0	0	0	0		0	0	W1H-08-0C-01	( SOLAR TURBINE - 7030029-200 - Active),	2521.5375	Active		3362	USD	17-MAR-08		MT00.TURE.0000,MESC,	GTIN-SOLAR-CENTAUR40,			Finished good			
Each		KOL	20-70-70-048-A	ELEMENT FILTER DISPOSABLE M-80 AMER KLEEN, 24 1/4"X24 1/4X4"  20RODS P/N:2325160-5	1	400	600	600	0	445	175		435	32	Y1S-01-0E-01-2	( AMERKLEEN - 159-858-880 - In-Active),( SOLAR TURBINE - 1106630-50 - In-Active),( SOLAR TURBINE - 70-30481-5 - In-Active),( SOLAR TURBINE - 2325160-5 - Active),	17.21959363206477148989898989898989898992	Active		12	USD	18-JUN-03	*	MT00.TURE.0000,MESC,	EGTD-SOLAR-MARS100,GTIN-SOLAR-TAURUS60,GTIN-SOLAR-CENTAUR40,	QPC Merge Items	FILTER, DISPOSABLE FILTER ELEMENT, P/N. 70-30481-5	Finished good			
Each		KOL	20-70-70-061-A	HOSE ASSY 	1	0	1	0	0	0	0		0	0	W2D-59-0D-04	( SOLAR TURBINE - 1105918 - Active),( SOLAR TURBINE - 70-45061-48 - NULL),	219.71482	Active		202	USD	18-JUN-03		MT00.TURE.0000,MESC,	GTIN-SOLAR-CENTAUR40,			Finished good			
Each		KOL	20-70-70-091-A	SWITCH,DP 5396-2 NEW PN.70-30140-1. PART NO. : 70-47037-53091	0			0	0	0	0		0	0	WH-1H1		0	Inactive		320	USD	09-SEP-03		MISC.MISC.MISC,	GTIN-SOLAR-CENTAUR40,						
Feet		KOL	20-70-70-093-A	TAPE FOAM 0.13" X 1" 	100	2	4	0	0	0	0		0	0	W2D-59-0D-04	( SOLAR TURBINE - 70-30093-1 - Active),	.413333333	Active		0	USD	18-JUN-03		MT00.TURE.0000,MESC,	GTIN-SOLAR-CENTAUR40,	QPC Merge Items	TAPE NEOPRENE FOAM 13'' X 1'' P/N: 70-30093-1, RL = 50F	Finished good			
Each		KOL	20-70-70-099-A	LAMP SCREW 250 V, 100 W, INCANDESCENT PF:SOLAR TURBINE TG.1601.D 	0	0	0	0	0	0	0		0	0	W1A-14-0C-03	( SOLAR TURBINE - 70-30099-50 - Active),	11.04	Active		10	USD	18-JUN-03		MT00.TURE.0000,MESC,	GTIN-SOLAR-CENTAUR40,	QPC Merge Items	INCANDESCENT LAMP P/N:- 70-30099-50	Finished good			
RL		KOL	20-70-70-101-A	TAPE NEOPRENE 75" X 75" RL=25 FEET 	2	1	3	0	0	1	1		0	0	W2K-08-0E-07	( SOLAR TURBINE - 70-30101-10 - Active),	44.5	Active		45	USD	09-FEB-06		MT00.TURE.0000,MESC,	GTIN-SOLAR-CENTAUR40,GTIN-SOLAR-TAURUS60,	QPC Merge Items	TAPE NEOPRENE, 75"X 75" ( 1RL=25F ) P/N:- 70-30101-10	Finished good			
Feet		KOL	20-70-70-101-U-A	TAPE NEOPRENE 75" X 75" <RL = 25 FEET   <P/N: 70-30101-10 <P/F: CENTAUR SOLAR TURBINE <MOD.: TG-4500 <S/N: 3000981 <TYPE: T4701	0			0	0	0	0		0	0		( SOLAR TURBINE - 70-30101-10 - NULL),	0	Inactive		46	USD	18-JUN-03		MISC.MISC.MISC,	GTIN-SOLAR-CENTAUR40,			Finished good			
Each		KOL	20-70-70-104-A	DETECTOR, THERMAL, DISCRETE AD:A3D PT:C325F PF.SOLAR TURBINE TYPE MARS 100 & MODEL: TURBINE MODEL MARS 100          2 YEARS SPARE PARTS FOR QASR COMPRESSION STATION  	1	0	1	0	0	0	0		0	0	W2D-59-0D-04	( SOLAR TURBINE - 1105336-1 - Active),( SOLAR TURBINE - 70-30104-1 - NULL),	232.725	Active		264	USD	18-JUN-03		MT00.TURE.0000,MESC,	GTIN-SOLAR-TAURUS60,GTIN-SOLAR-CENTAUR40,	QPC Merge Items	THERMAL DETECTOR P/N :- 70-30104-1	Finished good			
Each		KOL	20-70-70-106-A	RESISTANCE TEMPERATURE DETECTOR (RTD) 	0	0	0	0	0	0	0		0	0	W1A-14-0C-04	( SOLAR TURBINE - 998318C1 - Active),	504.546666666666666666666666666666666667	Active		535	USD	12-JAN-11		MT00.TURE.0000,MESC,	GTIN-SOLAR-TAURUS60,GTIN-SOLAR-CENTAUR40,						
Each		KOL	20-70-70-133-A	SWITCH,TEMPERATURE HIGH <ASCO> RANG 100-220F,38-104C,CAT SB12D(0J10A1) 	2	1	2	0	0	0	0		0	0	W2D-59-0D-05	( SOLAR TURBINE - 70-30133-1 - Active),	305.7	Active		306	USD	18-JUN-03		MT00.TURE.0000,MESC,	GTIN-SOLAR-CENTAUR40,			Finished good			
Each		KOL	20-70-70-137-A	FUSE 10AMP,125V 	60	10	20	0	0	0	0		0	0	W2D-59-0D-05	( SOLAR TURBINE - 700137C1 - Active),	1.52988451026198468166666666666666666667	Active		1	USD	11-MAY-04		MT00.TURE.0000,MESC,	GTIN-SOLAR-CENTAUR40,			Finished good			
Each		KOL	20-70-70-148-A	DISCHARGE HEAD SYSTEM FIRE PLAIN NUT TYPE MOD:PAT.2602466 MFG:KIDDE FENWAL   P/N:872450 P/F:MODEL: TURBINE MODEL MARS 100          2 YEARS SPARE PARTS FOR QASR COMPRESSION STATION 	2	0	1	0	0	0	0		0	0	W2D-59-0D-05	( SOLAR TURBINE - 70-30148-1 - Active),	299.773333333	Active		305	USD	18-JUN-03		MT00.TURE.0000,MESC,	GTIN-SOLAR-TAURUS60,GTIN-SOLAR-CENTAUR40,	QPC Merge Items	DISCHARGE HEAD PLAIN NUT TYPE P/N 70-30148-1	Finished good			
Each		KOL	20-70-70-166-A	PUTTY SEALANT 	3	1	2	0	0	0	1		0	0	W2K-08-0E-07	( SOLAR TURBINE - 70-30166-1 - Active),	1.47	Active		1	USD	18-JUN-03		MT00.TURE.0000,MESC,	GTIN-SOLAR-CENTAUR40,	QPC Merge Items	PUTTY, SEALANT P/N:- 70-30166-1	Finished good			
Each		KOL	20-70-70-171-A	CAULKING GUN <PN/70-30171-1 <SN/S	0			0	0	0	0		0	0			0	Inactive		24	USD	16-MAY-05		MISC.MISC.MISC,	GTIN-SOLAR-CENTAUR40,						
Each		KOL	20-70-70-197-A	SWITCH,PRESSURE,<ASCO>,CAT NO. SB12B(TH10AI1) 	2	1	2	0	0	0	0		0	0	W2D-59-0E-01	( SOLAR TURBINE - 70-30197-1 - Active),	27.08	Active		27	USD	18-JUN-03		MT00.TURE.0000,MESC,	GTIN-SOLAR-CENTAUR40,			Finished good			
Each		KOL	20-70-70-301-A	SWITCH,PRESSURE <DWYER MICHIGAN> CAT.NO. 1950-1-2F 	1	0	1	0	0	0	0		0	0	W2D-59-0E-01	( SOLAR TURBINE - 70-30140-3 - Active),( Dwyer Instruments - 1950-1-2F - NULL),	268.98604581441988124	Active		267	USD	18-JUN-03		MT00.TURE.0000,MESC,	GTIN-SOLAR-TAURUS60,IPPS-SOLAR-70301403,EGTD-SOLAR-MARS100,GTIN-SOLAR-CENTAUR40,	QPC Merge Items	SWITCH, PRESSURE P/N :- 70-30140-3	Finished good			
Each		KOL	20-70-70-302-A	SENSOR P.F NEW GAS TURBINE 1601-D MOD. GS 40 	1	0	0	0	0	0	0		0	0	W2K-08-0D-01	( SOLAR TURBINE - 70-30293-30 - Active),	1891.88	Active		1892	USD	18-JUN-03		MT00.TURE.0000,MESC,	GTIN-SOLAR-CENTAUR40,			Finished good			
Each		KOL	20-70-70-303-A	CONTROL SYSTEM FIRE 	0	0	0	0	0	0	0		0	0	W1A-14-0C-06	( SOLAR TURBINE - 70-30307-1 - Active),	5714.3	Active		5714	USD	18-JUN-03		MT00.TURE.0000,MESC,	GTIN-SOLAR-CENTAUR40,			Finished good			
Each		KOL	20-70-70-305-A	MODULE INPUT 	1	0	0	0	0	0	0		0	0	W2D-59-0E-01	( SOLAR TURBINE - 70-30858-1 - Active),	654.55	Active		655	USD	18-JUN-03		MT00.TURE.0000,MESC,	GTIN-SOLAR-CENTAUR40,			Finished good			
Each		KOL	20-70-70-307-A	FUSE,2A,125V,MICRO <LITTLE FUSE> 	6	0	0	0	0	0	0		0	0	W2D-00-DR-02	( SOLAR TURBINE - 70-30794-1 - Active),	4.68	Active		5	USD	18-JUN-03		MT00.TURE.0000,MESC,	GTIN-SOLAR-CENTAUR40,			Finished good			
Each		KOL	20-70-70-308-A	MODULE OUPUT 	1	0	0	0	0	0	0		0	0	W2D-59-0E-02	( SOLAR TURBINE - 70-30870-1 - Active),	488.31	Active		488	USD	18-JUN-03		MT00.TURE.0000,MESC,	GTIN-SOLAR-CENTAUR40,	QPC Merge Items	MODULE, OUTPUT P/N:-70-30870-1	Finished good			
Each		KOL	20-70-70-309-A	MODULE RELEASE 	1	0	1	0	0	0	0		0	0	W2D-59-0E-02	( SOLAR TURBINE - 70-30998-1 - Active),	446.75	Active		447	USD	18-JUN-03		MT00.TURE.0000,MESC,	GTIN-SOLAR-CENTAUR40,			Finished good			
Each		KOL	20-70-70-310-A	MODULE RELEASE CO2 	1	0	0	0	0	0	0		0	0	W2D-59-0E-02	( SOLAR TURBINE - 70-30998-2 - Active),	446.75	Active		447	USD	18-JUN-03		MT00.TURE.0000,MESC,	GTIN-SOLAR-CENTAUR40,			Finished good			
Each		KOL	20-70-70-354-A	CIRCUIT,BREAKER 20 AMP, 1 POLE <AB> P/N: 1087362  NEW P/N: 700354C1 	1	0	1	0	0	0	1		0	0	W2D-00-DR-02	( SOLAR TURBINE - 1087362 - Active),( SOLAR TURBINE - 700354C1 - In-Active),	56.84	Active		57	USD	18-JUN-03	*	MT00.TURE.0000,MESC,	GTIN-SOLAR-CENTAUR40,			Finished good			
Each		KOL	20-70-70-357-A	SENSOR <GAS> DELPHIAN MFG: DELPHIAN CORP._PN: 360610-01 	6	0	0	0	0	0	0		0	0	W2D-59-0E-03	( SOLAR TURBINE - 70-30357-1 - Active),	475.492666667	Active		558	USD	18-JUN-03		MT00.TURE.0000,MESC,	GTIN-SOLAR-CENTAUR40,			Finished good			
Each		KOL	20-70-70-425-A	PORTABLE UV/IR TEST LAMP ,P/N#70425-1	0			0	0	0	0		0	0			0	Inactive		3528	USD	19-AUG-03		MISC.MISC.MISC,	GTIN-SOLAR-CENTAUR40,						
Each		KOL	20-70-70-431-A	FILTER,VENT PLUG.125" PLUG PART NO. : 70-30143-1	4	1	2	0	0	0	0		0	0	W2D-59-0E-03	( SOLAR TURBINE - 70-30143-1 - NULL),	11.04411	Active		11	USD	11-MAY-04		MT00.TURE.0000,MESC,	GTIN-SOLAR-TAURUS60,GTIN-SOLAR-TAURUS60,GTIN-SOLAR-CENTAUR40,	QPC Merge Items	FILTER, VENT, PLUG, 125'' NPT P/N :- 70-30143-1	Finished good			
Each		KOL	20-70-70-561-A	GASKET INJECTOR PK = 4 EA P/F: THE PM OF THE THREE TAURUS 60 MOBILE GAS TURBINES	12	20	40	20	0	12	36		10	33	W2D-59-0E-03	( SOLAR TURBINE - 136856-1 - Active),	5.42459474571985021083333333333333333334	Active		4	USD	19-MAR-07		MT00.TURE.0000,MESC,	GTIN-SOLAR-TAURUS60,GTIN-SOLAR-CENTAUR40,GTIN-SOLAR-TAURUS60,	QPC Merge Items	GASKET, INJECTOR (FBIFS), P/N. 136856-1				
Each		KOL	20-70-70-610-A	DETECTOR <GAI-TRONIC>,UV/IR,FLAME DETECTOR TYPE EQ2200UVIR,RATING 18-30VDC, 5 W. MAX PART NO. : 70-31256-1	0			0	0	0	0		0	0		( SOLAR TURBINE - 70-31256-1 - NULL),	0	Inactive		3367	USD	19-NOV-03		MISC.MISC.MISC,MESC,	GTIN-SOLAR-CENTAUR40,			Finished good			
Each		KOL	20-70-70-689-U-A	WATER BASED CONCENTRATE 20 LT/DR	0			0	0	0	0		0	0			0	Inactive			USD	23-AUG-03		MISC.MISC.MISC,	GTIN-SOLAR-CENTAUR40,			Finished good			
Each		KOL	20-70-70-698-A	CIRCUIT,BREAKER 5 AMP, 1 POLE <AB> PART NO. : 700698C1 NEW PN: 1087359	1	0	1	0	0	0	0		1	0	W2D-00-DR-02	( SOLAR TURBINE - 700698C1 - NULL),( SOLAR TURBINE - 1087359 - NULL),	80.100096327759782	Active		59	USD	18-JUN-03		MT00.TURE.0000,MESC,	GTIN-SOLAR-CENTAUR40,			Finished good			
Each		KOL	20-70-70-699-A	CIRCUIT,BREAKER 10 AMP, 1 POLE <AB> 	0	0	0	0	0	0	0		0	0	W2D-00-DR-02	( SOLAR TURBINE - 700699C1 - NULL),( SOLAR TURBINE - 1087360 - Active),	67.38	Active		67	USD	18-JUN-03		MT00.ELEC.0000,MESC,	GTIN-SOLAR-CENTAUR40,			Finished good			
Each		KOL	20-70-70-700-A	CIRCUIT,BREAKER 15 AMP, 1 POLE <AB> PART NO. : 700700C1 NEW P/N: 1087361	1	0	1	0	0	0	1		0	0	W2D-00-DR-02	( SOLAR TURBINE - 700700C1 - NULL),	56.84	Active		57	USD	18-JUN-03		MT00.TURE.0000,MESC,	GTIN-SOLAR-CENTAUR40,			Finished good			
Each		KOL	20-70-70-920-A	BULB,INCANDESCENT,120 VAC,200 W PF:SOLAR TURBO MODEL:GS-40 DUAL FUL PART NO. : 70-30099-20	11	0	0	0	0	0	0		0	0	W2D-59-0E-04	( SOLAR TURBINE - 70-30099-20 - NULL),	3.97253	Active		4	USD	11-MAY-04		MT00.TURE.0000,MESC,	GTIN-SOLAR-CENTAUR40,						
Each		KOL	20-70-70-931-A	SENSOR,GAS,SMART COMBUSTIBLE PN:30259-1<31140-2>,MOD.S104<GENERAL MONITORS> RATED 24VDC,6W,CLASS 1,DIV 1,GROUP B, COND.D,TYPE 4X 	0	0	0	0	0	0	0		0	0		( SOLAR TURBINE - 70-30293-10 - NULL),( SOLAR TURBINE - 1064926-100 - NULL),	0	Inactive		2019	USD	19-NOV-03		MISC.MISC.MISC,MESC,	GTIN-SOLAR-CENTAUR40,	QPC Merge Items	SMART GAS SENSOR P/N:- 1064926-100	Finished good			
Each		KOL	20-70-72-008-A	FILTER,AIR ELEMENT NEW P\N.702008C1 SEE 20-70-70-008 <DOANLDSON>, PN: P19-1177 MEDIA: SYNTHETIC/ SPIDER-WEB PART NO. : 970268C1 & 993143C1	0			0	0	0	0		0	0			0	Inactive		105	USD	07-APR-04		MISC.MISC.MISC,	GTIN-SOLAR-CENTAUR40,						
Each		KOL	20-70-73-201-A	DUCT,BLEED VALVE PART NO. : 138373-201 MFG : SOLAR TURBINE	0	0	0	0	0	0	0		0	0		( SOLAR TURBINE - 138373-201 - NULL),	0	Inactive		1315	USD	19-NOV-03		MISC.MISC.MISC,MESC,	GTIN-SOLAR-CENTAUR40,			Finished good			
KIT		KOL	20-70-80-074-A	O-RING REPLACMENT KIT PART NO. : 994393C1 {8007874R94}	4	2	4	0	0	0	0		0	1	W2D-59-0E-05	( SOLAR TURBINE - 8007874R94 - NULL),( SOLAR TURBINE - 994393C1 - NULL),	67.0243090694290013	Active		67	USD	18-JUN-03		MT00.TURE.0000,MESC,	GTIN-SOLAR-CENTAUR40,			Finished good			
KIT		KOL	20-70-80-084-A	KIT ELEMENT (FILTER + O-RING) 	0	0	0	0	0	0	0		0	0	W2D-00-DR-02	( SOLAR TURBINE - 8007884R91 - NULL),	35.40719318175	Active		40	USD	18-JUN-03		MT00.TURE.0000,MESC,	GTIN-SOLAR-CENTAUR40,			Finished good			
KIT		KOL	20-70-80-361-A	SHEAR BOLTS KIT PART NO. : 8009361R93 NEW P/N: 179831K100B	1	1	2	1	0	1	2		0	0	W1H-08-0C-06	( SOLAR TURBINE - 8009361R93 - NULL),	464.326870587854141	Active		527	USD	18-JUN-03		MT00.TURE.0000,MESC,	GTIN-SOLAR-CENTAUR40,			Finished good			
Each		KOL	20-70-80-400-A	GASKET,EXHAUST,36" DIA PF:SOLAR TURBO.MODEL:GS-40 DUAL FUEL PART NO. : 80-30550-400	6	3	6	0	0	0	0		0	0	W1H-08-0B-05	( SOLAR TURBINE - 80-30550-400 - NULL),	73.44923022744692777777777777777777777783	Active		80	USD	11-MAY-04		MT00.TURE.0000,MESC,	GTIN-SOLAR-TAURUS60,GTIN-SOLAR-TAURUS60,GTIN-SOLAR-CENTAUR40,	QPC Merge Items	GASKET, EXHAUST 36'' DIA P/N :- 80-30550-400				
KIT		KOL	20-70-80-446-A	ELEMENT KIT ,OIL SEPARETOR PF:CENTAUR GAS TURBINE SOLAR T.G 4500 	0	0	0	0	0	0	0		0	0	W1H-08-0C-05	( SOLAR TURBINE - 8009446R92 - Active),	178.3542675	Active		147	USD	18-JUN-03	*	MT00.TURE.0000,MESC,	GTIN-SOLAR-CENTAUR40,	QPC Merge Items	ELEMENT KIT, OIL SEPARATOR P/N :- 8009446R92	Finished good			
KIT		KOL	20-70-80-501-A	GASKET,KIT (ZURN 40257-291) PART NO. : 860501037	2	1	2	0	0	0	0		0	0	W2D-59-0E-05	( SOLAR TURBINE - 860501037 - NULL),	16.93973072420695389	Active		15	USD	18-JUN-03		MT00.TURE.0000,MESC,	GTIN-SOLAR-CENTAUR40,			Finished good			
Each		KOL	20-70-80-716-A	O-RING ,KIT PART NO. : 871698073 NEW P/N: 994190C1	2	1	2	0	0	0	2		0	0	W2K-08-0D-01	( SOLAR TURBINE - 994190C1 - NULL),( SOLAR TURBINE - 871698073 - NULL),	45.6681181105436546	Active		40	USD	09-FEB-06		MT00.TURE.0000,MESC,	GTIN-SOLAR-CENTAUR40,			Finished good			
KIT		KOL	20-70-80-716-U-A	O-RING -KIT PART NO. : 871698073	0	0	0	0	0	0	0		0	0		( SOLAR TURBINE - 871698073 - NULL),	0	Inactive		9	USD	18-JUN-03		MISC.MISC.MISC,	GTIN-SOLAR-CENTAUR40,			Finished good			
Each		KOL	20-70-83-094-A	O-RING PK= 2EH	5	2	4	0	0	-2	2		2	0	W2K-08-0D-01	( SOLAR TURBINE - 830601094 - Active),	2.0340424462558687237	Active		1	USD	08-MAY-05		MT00.TURE.0000,MESC,	GTIN-SOLAR-CENTAUR40,						
Each		KOL	20-70-84-002-A	SOLENOID ENCLOSURE ASS., 6 VALVE NEMA 7 P/N: 8PP-46575-03 MFG: DONALDSON EUROPE	1	0	1	0	0	0	0		0	0	W2D-60-0E-01	( Donaldson - 8PP-46575-03 - NULL),	1058.73729889453657	Active		1051	USD	10-JUN-14		MT00.TURE.0000,MESC,	GTIN-SOLAR-CENTAUR40,						
Each		KOL	20-70-84-004-A	SOLENOID ENCLOSURE ASS., 4 VALVE NEMA 7	0	0	1	0	0	0	0		1	0	W2D-60-0E-01	( Donaldson - 8PP-46575-01 - NULL),	1102.803505650630669	Active		1079	USD	10-JUN-14		MT00.TURE.0000,MESC,	GTIN-SOLAR-CENTAUR40,						
Each		KOL	20-70-84-004-B	SOLENOID ENCLOSURE ASS., 4 VALVE NEMA 7	1			0	0	0	0		-1	0	W2D-60-0E-01	( Donaldson - 8PP-46575-01 - Active),	511.1625	Active		1	USD	08-AUG-24	*	MT00.TURE.0000,MESC,							
Each		KOL	20-70-84-006-A	SOLENOID COIL P/N: 8PP-37827-00 MFG: DONALDSON EUROPE	6	3	6	0	0	0	0		0	0	W2D-60-0E-02	( Donaldson - 8PP-37827-00 - NULL),	41.13233006506509897222222222222222222217	Active		41	USD	10-JUN-14		MT00.TURE.0000,MESC,	GTIN-SOLAR-CENTAUR40,						
Each		KOL	20-70-84-008-A	SOLENOID REPAIR KIT P/N: 8PP-37831-00 MFG: DONALDSON EUROPE	6	3	6	0	0	0	0		0	0	W2D-60-0E-02	( Donaldson - 8PP-37831-00 - NULL),	24.20374573026055346666666666666666666667	Active		24	USD	10-JUN-14		MT00.TURE.0000,MESC,	GTIN-SOLAR-CENTAUR40,						
Each		KOL	20-70-84-010-A	FUSE TYPE: AGC, 3 AMP P/N: P13-2582 MFG: DONALDSON EUROPE	1	0	2	0	0	0	0		0	0	W2D-60-0E-02	( Donaldson - P13-2582 - NULL),	10.1671191707774663	Active		9	EUR	10-JUN-14		MT00.TURE.0000,MESC,	GTIN-SOLAR-CENTAUR40,						
Each		KOL	20-70-84-012-A	FUSE TYPE: AGC, 0.25 AMP P/N: P13-5712 MFG: DONALDSON EUROPE	5	0	5	0	0	0	0		0	0	W2D-60-0E-03	( Donaldson - P13-5712 - NULL),	2.618	Active		7	USD	10-JUN-14		MT00.TURE.0000,MESC,	GTIN-SOLAR-CENTAUR40,						
Each		KOL	20-70-84-014-A	FUSE TYPE: AGC, 1 AMP P/N: P13-9675 MFG: DONALDSON EUROPE	5	0	5	0	0	0	0		0	0	W2D-60-0E-03	( Donaldson - P13-9675 - NULL),	.818	Active		2	USD	10-JUN-14		MT00.TURE.0000,MESC,	GTIN-SOLAR-CENTAUR40,						
Each		KOL	20-70-84-259-A	VALVE,<KIDDE>,MOD. 4706 PART NO. : 840259	2	1	2	0	0	0	0		0	0	W2D-60-0E-03	( SOLAR TURBINE - 840259 - NULL),	156.51	Active		157	USD	18-JUN-03		MT00.TURE.0000,MESC,	GTIN-SOLAR-CENTAUR40,			Finished good			
Each		KOL	20-70-86-094-A	O-RING PF:SOLAR TURBINE CENTUAR MODEL GS-40 DUAL FUEL	0			0	0	0	0		0	0	WH-1H7		0	Inactive			USD	10-MAY-04		MISC.MISC.MISC,	GTIN-SOLAR-CENTAUR40,						
Each		KOL	20-70-87-442-A	DISCHARGE HEAD/CHECK VALVE PART NO. : 872442 & 961056C2	2	1	2	0	0	0	0		0	0	W2D-60-0E-04	( SOLAR TURBINE - 872442 - NULL),( SOLAR TURBINE - 961056C2 - NULL),	216.32	Active		216	USD	18-JUN-03		MT00.TURE.0000,MESC,	GTIN-SOLAR-CENTAUR40,			Finished good			
Each		KOL	20-70-90-011-A	SPACER <P/N: 908701C1 <MFG: SOLAR TURBINES	14	2	4	0	0	0	0		0	0	W2D-60-0E-04	( SOLAR TURBINE - 908701C1 - NULL),	1.20028	Active		1	USD	14-APR-08		MT00.TURE.0000,MESC,	GTIN-SOLAR-CENTAUR40,						
Each		KOL	20-70-90-066-A	SWITCH PART NO. : 900663C2 NEW PN :900663C1	0	0	0	0	0	1	0		0	0	W2D-00-DR-02	( SOLAR TURBINE - 900663C1 - NULL),( SOLAR TURBINE - 900663C2 - NULL),	299.41147611176867	Active		133	USD	18-JUN-03		MT00.TURE.0000,MESC,	GTIN-SOLAR-CENTAUR40,			Finished good			
Each		KOL	20-70-90-082-A	ROD END, P/N: 903568C2 <MFG: SOLAR TURBINES	4	0	1	0	0	0	0		0	0	W2D-60-0E-04	( SOLAR TURBINE - 903568C2 - NULL),	9.43944	Active		9	USD	14-APR-08		MT00.TURE.0000,MESC,	GTIN-SOLAR-CENTAUR40,	QPC Merge Items	FS-Rod End Female P/N: 903568C2				
Each		KOL	20-70-90-090-A	WASHER PART NO. : 901722090	4	0	1	0	0	0	0		1	0	W2D-60-0E-05	( SOLAR TURBINE - 901722090 - NULL),	3.95714	Active		5	USD	18-JUN-03		MT00.TURE.0000,MESC,	GTIN-SOLAR-CENTAUR40,GTIN-SOLAR-TAURUS60,			Finished good			
Each		KOL	20-70-90-091-A	BOLT 3/8-16 X 0.875, PN: 903409C1 PF: PM & CM OF THREE "TAURUS 60 MPU" GAS TURBINE	4	2	4	0	0	0	0		0	0	W2D-60-0E-05	( SOLAR TURBINE - 903409C1 - NULL),	10.395	Active		1	USD	18-MAR-08		MT00.TURE.0000,MESC,	GTIN-SOLAR-TAURUS60,GTIN-SOLAR-CENTAUR40,GTIN-SOLAR-TAURUS60,						
Each		KOL	20-70-90-108-A	VALVE,DRAIN KM 2.00-5.OOP.50T PART NO. : 901086C91	0	0	0	0	0	0	0		0	0	W1A-18-0D-01	( SOLAR TURBINE - 901086C91 - NULL),	0	Inactive			USD	18-JUN-03		MISC.MISC.MISC,	GTIN-SOLAR-CENTAUR40,			Finished good			
KIT		KOL	20-70-90-109-A	KIT,COMUSTOR DRAIN VLV. CONSIST OF:WASHER 1/4"PN.1006439,VALVE PN.1020281-100,LOCKWASHER 1/4" PN.102410 3,INST.INSTRUCTION PN.176968-6,NUT 1/4-2 0 PN.912839C1,TUBE END REDUCER 1/2"X3/8" PN.950800C1,TEE 1/2" PN.950801C1, TUBING 1/2"X39" PN.952608C1-0990,ELBOW PN.953569C1,UNION PN.960801C1,REDUCER 1/ 2"X3/8 PN.960803C1,UNION,ELBOW 1/2" PN.9 6080C1,ADAPTOR 3/8"X3/8" PN.960813C1, ADAPTER1/2"X1/2" PN.960814C1,PORT CONN. PN.960817C1,PORT CONN.PN.960818C1, ADAPTER 8X1/2" PN.960844C1,BOLT PN.96520 1C1,MALE CONN.965247C1,SEAL MET.PN.96769 2C1,FIRE SLEEVING 1/2" PN.981044C1. PART NO. : 179902K106B	1	0	1	0	0	0	0		0	0	W2D-60-0D-01	( SOLAR TURBINE - 179902K106B - NULL),	2196.48	Active		2196	USD	18-JUN-03		MT00.TURE.0000,MESC,	GTIN-SOLAR-CENTAUR40,GTIN-SOLAR-TAURUS60,			Finished good			
Each		KOL	20-70-90-111-A	LOCK NUT, 5/8-11,  PN: 903111C1 PF: PM & CM OF THREE "TAURUS 60 MPU" GAS TURBINE	10	2	4	0	0	0	0		0	0	W2D-60-0D-02	( SOLAR TURBINE - 903111C1 - NULL),	8.271	Active		1	USD	18-MAR-08		MT00.TURE.0000,MESC,	GTIN-SOLAR-CENTAUR40,GTIN-SOLAR-TAURUS60,GTIN-SOLAR-TAURUS60,						
Each		KOL	20-70-90-112-A	LOCKNUT 5/8-18 P/N: 954282C1 MFG: SOLAR TURBINES 	12	0	4	0	0	0	0		0	0	W2D-60-0D-02	( SOLAR TURBINE - 954282C1 - NULL),	1.153826925294314825	Active		1	USD	07-DEC-09		MT00.TURE.0000,MESC,	GTIN-SOLAR-CENTAUR40,						
Each		KOL	20-70-90-113-A	LOCK NUT 3/8-16,  PN: 903113C1 PF: PM & CM OF THREE "TAURUS 60 MPU" GAS TURBINE  	6	3	6	0	0	0	0		0	0	W2D-60-0D-02	( SOLAR TURBINE - 903113C1 - NULL),	10.86333	Active		27	USD	18-MAR-08		MT00.TURE.0000,MESC,	GTIN-SOLAR-TAURUS60,GTIN-SOLAR-TAURUS60,GTIN-SOLAR-CENTAUR40,	QPC Merge Items	LOCK NUT, HEX, HIGH TEMPERATURE ( PK=4 EA) P/N. 903113C1				
Each		KOL	20-70-90-118-A	O-RING <P/F SOLAR CENTAUR TURBO GENERATOR <MODE:GS-40 DUAL FUEL 	39	2	4	0	0	0	0		0	0	W2K-08-0D-01	( SOLAR TURBINE - 912098C1 - NULL),	.4687708333333333333333333333333333333333	Active		0	USD	10-MAY-04		MT00.TURE.0000,MESC,	GTIN-SOLAR-CENTAUR40,						
Each		KOL	20-70-90-120-A	O-RING <P/F SOLAR CENTAUR TURBO GENERATOR <MODE:GS-40 DUAL FUEL 	61	2	4	0	0	0	0		0	0	W2K-08-0D-02	( SOLAR TURBINE - 912099C1 - NULL),	.3837070689655172416572310859495625321669	Active		0	USD	10-MAY-04		MT00.TURE.0000,MESC,	GTIN-SOLAR-CENTAUR40,						
Each		KOL	20-70-90-121-A	LOCK NUT, 1/2-13,  PN: 903112C1 PF: PM & CM OF THREE "TAURUS 60 MPU" GAS TURBINE	8	2	4	0	0	0	0		0	0	W2D-60-0D-03	( SOLAR TURBINE - 903112C1 - NULL),	5.42625	Active		1	USD	18-MAR-08		MT00.TURE.0000,MESC,	GTIN-SOLAR-CENTAUR40,GTIN-SOLAR-TAURUS60,						
Each		KOL	20-70-90-122-A	WASHER 5/8 P/N: 909320016 NEW P/N: MS9320-16 MFG: SOLAR TURBINES	4	0	4	0	0	0	0		0	0	W2D-60-0D-03	( SOLAR TURBINE - MS9320-16 - NULL),( SOLAR TURBINE - 909320016 - NULL),	6.61	Active		7	USD	07-DEC-09		MT00.TURE.0000,MESC,	GTIN-SOLAR-CENTAUR40,						
Each		KOL	20-70-90-124-A	LOCKWASHER P/N: 187877 MFG: SOLAR TURBINES	2	0	1	0	0	0	0		0	0	W2D-60-0D-03	( SOLAR TURBINE - 187877 - NULL),	6.38116456075812373	Active		6	USD	07-DEC-09		MT00.TURE.0000,MESC,	GTIN-SOLAR-CENTAUR40,						
Each		KOL	20-70-90-126-A	WASHER, BELVILLESPRING P/N: 908045C1 MFG: SOLAR TURBINES 	1	0	1	0	0	0	0		0	0	W2D-60-0D-04	( SOLAR TURBINE - 908045C1 - NULL),	43.25345978211992358	Active		43	USD	07-DEC-09		MT00.TURE.0000,MESC,	GTIN-SOLAR-CENTAUR40,						
Each		KOL	20-70-90-130-A	SHEAR BOLTS P/N: 914305C1 MFG: SOLAR TURBINES	4	0	4	0	0	0	0		0	0	W2D-60-0D-04	( SOLAR TURBINE - 914305C1 - NULL),	28.2737763085163406675	Active		28	USD	07-DEC-09		MT00.TURE.0000,MESC,	GTIN-SOLAR-CENTAUR40,						
Each		KOL	20-70-90-131-A	O-RING PK= 4EA INSIDE DIAMETER : 7.75" CROSS-SECTIONAL SIZE : 0.139" MATERIAL : VITON STANDARD : AS568D REFERENCE STANDARD : SAE 265 ASSET NO.: QA-K-8001A/B/C/D DISCHARGE BEARING HOUSING O-RINGS P/N: 903261C1 MFG: SOLAR TURBINES                          	0	0	0	0	0	0	0		0	0		( SOLAR TURBINE - 903261C1 - NULL),	0	Active		1	USD	25-MAY-17	*	MT00.TURE.0000,MESC,	GTIN-SOLAR-CS2CHC160K,			Finished good			
Each		KOL	20-70-90-134-A	COUPLING GUARD SUPPORT P/N: 116716-1 MFG: SOLAR TURBINES	1	0	1	0	0	0	0		0	0	W2D-60-0D-04	( SOLAR TURBINE - 116716-1 - NULL),	389.2209383734117827	Active		388	USD	07-DEC-09		MT00.TURE.0000,MESC,	GTIN-SOLAR-CENTAUR40,						
Each		KOL	20-70-90-135-A	RELAY,1/10 HP.,3A,120VAC,24VDC 	10	3	6	0	0	0	0		0	0	W2D-60-0D-05	( POTTER & BRUM FIELD - KHS-17D12-24 - NULL),( SOLAR TURBINE - 901352C1 - NULL),	5.12	Active		5	USD	18-JUN-03		MT00.TURE.0000,MESC,	GTIN-SOLAR-CENTAUR40,			Finished good			
Each		KOL	20-70-90-136-A	COUPLING SHEAR P/N: 107738-100 NEW P/N: 1086417-100 MFG: SOLAR TURBINES	1	0	0	0	0	0	0		0	0	W1H-09-0A-01	( SOLAR TURBINE - 107738-100 - NULL),( SOLAR TURBINE - 1086417-100 - NULL),	16252.41208	Active		15179	USD	07-DEC-09		MT00.TURE.0000,MESC,	GTIN-SOLAR-CENTAUR40,						
Each		KOL	20-70-90-138-A	COUPLING P/N: 117349-1800 NEW P/N: 117349-3800 MFG: SOLAR TURBINES	2	0	0	0	0	0	0		0	0	W1H-08-0B-01	( SOLAR TURBINE - 117349-1800 - NULL),( SOLAR TURBINE - 117349-3800 - NULL),	12352.40581	Active		11536	USD	07-DEC-09		MT00.TURE.0000,MESC,	GTIN-SOLAR-CENTAUR40,						
Each		KOL	20-70-90-174-A	LOCK NUT SAME AS MESC 20-70-10-440 	2	0	1	0	0	0	0		1	0	W2D-60-0D-05	( SOLAR TURBINE - 901722440 - NULL),	19.97	Active		28	USD	06-MAR-17		MT00.TURE.0000,MESC,	GTIN-SOLAR-TAURUS60,			Finished good			
Each		KOL	20-70-90-260-A	RECTIFIER SILICON CR718,  SOLAR PART NO. 904260C1,  P/F: SOLAR GAS TURBINE GENERATORS SET SATURN  PART NO. T-1301 WITH RELAY LOGIC CONTROL SYSTEM,  NEW P/N: 1266826-1   MFG: SOLAR TURBINES INCORPORATED 	1	0	0	0	0	0	0		0	0	W2D-00-DR-02	( SOLAR TURBINE - 904260C1 - NULL),	12.47	Active		12	USD	18-JUN-03		MT00.TURE.0000,MESC,	GTIN-SOLAR-CENTAUR40,			Finished good			
Each		KOL	20-70-90-269-A	O-RING,PK=25 EA PART NO. : 903269C1	100	5	10	0	0	0	0		0	0	W2D-60-0D-05	( SOLAR TURBINE - 903269C1 - NULL),	4.1346	Active		15	USD	18-JUN-03		MT00.TURE.0000,MESC,	GTIN-SOLAR-CENTAUR40,	QPC Merge Items	O-RING, FILTER LUBE OIL P/N 903269C1	Finished good			
Each		KOL	20-70-90-281-A	LOCK NUT, NO. 10-32,  PN: 908128C1 PF: PM & CM OF THREE "TAURUS 60 MPU" GAS TURBINE	25	2	4	0	0	0	0		0	0	W2D-60-0C-01	( SOLAR TURBINE - 908128C1 - NULL),	2.7528	Active		1	USD	18-MAR-08		MT00.TURE.0000,MESC,	GTIN-SOLAR-TAURUS60,GTIN-SOLAR-TAURUS60,GTIN-SOLAR-CENTAUR40,						
ST		KOL	20-70-90-311-A	CLAMP SPLIT FLANGE  (SET=TWO EACH) PART NO. : 903157C1	2	1	2	0	0	0	0		0	0	W2D-00-DR-02	( SOLAR TURBINE - 903157C1 - NULL),	9.52	Active		10	USD	18-JUN-03		MT00.TURE.0000,MESC,	GTIN-SOLAR-CENTAUR40,			Finished good			
Each		KOL	20-70-90-315-A	CLAMP SPLIT FLANGE PART NO. : 903159C1	4	1	2	0	0	0	0		0	0	W2D-00-DR-02	( SOLAR TURBINE - 903159C1 - NULL),	3.38	Active		3	USD	18-JUN-03		MT00.TURE.0000,MESC,	GTIN-SOLAR-CENTAUR40,			Finished good			
Each		KOL	20-70-90-316-A	CLAMP SPLIT FLANGE PART NO. : 903160C1	4	3	6	0	0	0	0		0	0	W2D-00-DR-02	( SOLAR TURBINE - 903160C1 - NULL),	1.79309	Active		3	USD	18-JUN-03		MT00.TURE.0000,MESC,	GTIN-SOLAR-TAURUS60,GTIN-SOLAR-CENTAUR40,	QPC Merge Items	CLAMP, SPLIT FLANGE P/N :- 903160C1	Finished good			
Each		KOL	20-70-90-321-A	GASKET ASBESTOS PART NO. : 903214C1	0	0	0	0	0	0	0		0	0	W2D-00-DR-02	( SOLAR TURBINE - 903214C1 - NULL),	.11	Active		0	USD	18-JUN-03		MT00.TURE.0000,MESC,	GTIN-SOLAR-CENTAUR40,			Finished good			
Each		KOL	20-70-90-322-A	O-RING PART NO. : 903217C1	4	2	3	0	0	0	0		0	0	W2K-00-DR-18	( SOLAR TURBINE - 903217C1 - NULL),	.01	Active		0	USD	18-JUN-03		MT00.TURE.0000,	GTIN-SOLAR-CENTAUR40,			Finished good			
Each		KOL	20-70-90-323-A	O-RING PART NO. : 903218C1	21	0	0	0	0	0	0		0	2	W2K-00-DR-18	( SOLAR TURBINE - 903218C1 - NULL),	1	Active		1	USD	18-JUN-03		MT00.TURE.0000,MESC,	GTIN-SOLAR-CENTAUR40,			Finished good			
Each		KOL	20-70-90-324-A	O-RING 364X070 VITON PART NO. : 903220C1	0	0	0	0	0	0	0		0	0	W2K-00-DR-18	( SOLAR TURBINE - 903220C1 - NULL),	.31	Active		0	USD	18-JUN-03		MT00.TURE.0000,MESC,	GTIN-SOLAR-CENTAUR40,	QPC Merge Items	O-RING, FUEL GAS CONTROL VALVE P/N:- 903220C1	Finished good			
Each		KOL	20-70-90-325-A	O-RING PART NO. : 903234C1 PK= 25 EA	25	0	15	0	0	0	0		0	0	W2K-00-DR-18	( SOLAR TURBINE - 903234C1 - NULL),	.15497	Active		0	USD	18-JUN-03		MT00.TURE.0000,MESC,	GTIN-SOLAR-CENTAUR40,			Finished good			
Each		KOL	20-70-90-326-A	O-RING PART NO. : 903235C1	83	0	2	0	0	0	0		0	0	W2K-00-DR-18	( SOLAR TURBINE - 903235C1 - NULL),	.476071429	Active		12	USD	18-JUN-03		MT00.TURE.0000,MESC,	GTIN-SOLAR-TAURUS60,GTIN-SOLAR-CENTAUR40,GTIN-SOLAR-TAURUS60,	QPC Merge Items	O-RING, TUBE, AIR/OIL P/N 903235C1	Finished good			
Each		KOL	20-70-90-327-A	O-RING PART NO. : 903246C1	39	0	1	0	0	0	0		0	0	W2K-00-DR-18	( SOLAR TURBINE - 903246C1 - NULL),	1.347777778	Active		15	USD	18-JUN-03		MT00.TURE.0000,MESC,	GTIN-SOLAR-TAURUS60,GTIN-SOLAR-TAURUS60,GTIN-SOLAR-CENTAUR40,	QPC Merge Items	O-RING P/N:- 903246C1 ITEM IS SOLD APACK OF 10 EACH	Finished good			
Each		KOL	20-70-90-328-A	O-RING VITON FS PART NO. : 903266C1	2	0	1	0	0	0	0		0	0	W2K-00-DR-18	( SOLAR TURBINE - 903266C1 - NULL),	.35	Active		0	USD	18-JUN-03		MT00.TURE.0000,MESC,	GTIN-SOLAR-CENTAUR40,	QPC Merge Items	O-RING, "FUEL GAS CONTROL VALVE P/N:- 903266C1	Finished good			
Each		KOL	20-70-90-329-A	O-RING   SAE 906 PART NO. : 903267C1	40	1	2	0	0	0	0		0	0	W2K-00-DR-18	( SOLAR TURBINE - 903267C1 - NULL),	.390344828	Active		11	USD	18-JUN-03		MT00.TURE.0000,MESC,	GTIN-SOLAR-CENTAUR40,GTIN-SOLAR-TAURUS60,	QPC Merge Items	O-RING LUBE OIL FILTER MODULE P/N:- 903267C1	Finished good			
Each		KOL	20-70-90-330-A	O-RING SAE 908 PART NO. : 903268C1	20	1	2	0	0	0	0		0	0	W2K-00-DR-18	( SOLAR TURBINE - 903268C1 - NULL),	.34	Active		0	USD	18-JUN-03		MT00.TURE.0000,MESC,	GTIN-SOLAR-CENTAUR40,			Finished good			
Each		KOL	20-70-90-331-A	O-RING VITON AS-912 PART NO. : 90269C1	0	0	0	0	0	0	0		0	0	WH-C/RDR	( SOLAR TURBINE - 90269C1 - NULL),	0	Inactive		15	USD	18-JUN-03		MISC.MISC.MISC,	GTIN-SOLAR-CENTAUR40,			Finished good			
Each		KOL	20-70-90-332-A	O-RING 1.171X.116 VITON,FS PART NO. : 903270C1 PK = 25 EA	57	1	2	0	0	0	0		0	0	W2K-00-DR-18	( SOLAR TURBINE - 903270C1 - NULL),	.603333333	Active		16	USD	18-JUN-03		MT00.TURE.0000,MESC,	GTIN-SOLAR-CENTAUR40,	QPC Merge Items	O-RING, ACCUMULATOR P/N 903270C1	Finished good			
Each		KOL	20-70-90-333-A	O-RING PART NO. : 903271C1 PK=16 EA	13	2	5	0	0	0	0		0	0	W2K-00-DR-18	( SOLAR TURBINE - 303271C1 - NULL),	.37	Active		0	USD	18-JUN-03		MT00.TURE.0000,	GTIN-SOLAR-CENTAUR40,			Finished good			
Each		KOL	20-70-90-334-A	O-RING PART NO. : 903290C1	1	0	1	0	0	0	0		0	0	W2K-00-DR-18	( SOLAR TURBINE - 903290C1 - NULL),	.01	Active		0	USD	18-JUN-03		MT00.TURE.0000,	GTIN-SOLAR-CENTAUR40,			Finished good			
Each		KOL	20-70-90-335-A	O-RING <SAE 158> PK = 6 EA	6	3	6	0	0	0	0		0	0	W2K-08-0D-02	( SOLAR TURBINE - 903289C1 - Active),	1.92374281201315376033333333333333333333	Active		2	USD	18-JUN-03		MT00.TURE.0000,MESC,	GTIN-SOLAR-CENTAUR40,GTIN-SOLAR-TAURUS60,GTIN-SOLAR-TAURUS60,	QPC Merge Items	O-RING VITON SAE 158 PARTS FOR NEW SOLAR TURBINES P/N :-903289C1	Finished good			
Each		KOL	20-70-90-337-A	GASKET SPARK PLUG 25 EA = 1 PKG PART NO. : 903315C1	15	1	12	0	0	0	1		0	1	W2D-00-DR-02	( SOLAR TURBINE - 903315C1 - NULL),	1.011345806	Active		25	USD	18-JUN-03		MT00.TURE.0000,MESC,	GTIN-SOLAR-TAURUS60,GTIN-SOLAR-TAURUS60,GTIN-SOLAR-CENTAUR40,EGTD-SOLAR-MARS100,	QPC Merge Items	GASKET, TORCH PLUG P/N:- 903315C1	Finished good			
Each		KOL	20-70-90-338-A	SPARK,PLUG  P/F: CENTER GAS TURBINE TG-4500  PK = 2 EA   	5	4	8	0	0	1	4		0	-3	W2D-00-DR-02	( SOLAR TURBINE - 903316C1 - Active),( SOLAR TURBINE - ED14 - In-Active),	89.1205304864030309506379757785467128028	Active		83	USD	18-JUN-03		MT00.TURE.0000,MESC,	GTIN-SOLAR-TAURUS60,EGTD-SOLAR-MARS100,GTIN-SOLAR-CENTAUR40,GTIN-SOLAR-TAURUS60,GTIN-SOLAR-MARS100,	QPC Merge Items	IGNITOR PLUG P/N: 903316-C1	Finished good			
Each		KOL	20-70-90-341-A	VALVE CHECK, 3000 PSI, ALUM BODY <SOLAR P/N: 909334C1 <P/F: PM & CM OF THREE "TAURUS 60 MPU" GAS TURBINES	1	0	2	0	0	0	0		0	0	W2D-60-0C-01	( SOLAR TURBINE - 909334C1 - NULL),	238.9	Active		225	USD	20-MAY-08		MT00.TURE.0000,MESC,	GTIN-SOLAR-TAURUS60,GTIN-SOLAR-CENTAUR40,GTIN-SOLAR-TAURUS60,	QPC Merge Items	VALVE,CHECK,1 IN  Part No.: 909334C1  				
Each		KOL	20-70-90-342-A	O-RING PART NO. : 903421C1 PK= 25 EA	25	0	15	0	0	0	0		0	0	W2K-00-DR-18	( SOLAR TURBINE - 903421C1 - NULL),	.14305	Active		0	USD	18-JUN-03		MT00.TURE.0000,MESC,	GTIN-SOLAR-CENTAUR40,	QPC Merge Items	O-RING, LUBE OIL SIGHT GLASS RETURN P/N 90342lCl	Finished good			
Each		KOL	20-70-90-343-A	O-RING PART NO. : 903438C1 PK = 25 EA	24	0	15	0	0	0	0		0	0	W2K-00-DR-18	( SOLAR TURBINE - 903438C1 - NULL),	.10729	Active		0	USD	18-JUN-03		MT00.TURE.0000,MESC,	GTIN-SOLAR-CENTAUR40,			Finished good			
Each		KOL	20-70-90-347-A	COUPLING 4 SEGMENT,EB-V BAND PART NO. : 903476C2	2	1	2	0	0	0	0		0	0	W2D-00-DR-02	( SOLAR TURBINE - 903476C2 - NULL),	10	Active		10	USD	18-JUN-03		MT00.TURE.0000,MESC,	GTIN-SOLAR-CENTAUR40,			Finished good			
Each		KOL	20-70-90-350-A	O-RING PART NO. : 903509C1	16	5	10	0	0	0	0		0	0	W2K-00-DR-18	( SOLAR TURBINE - 903509C1 - NULL),	.5873809333191718936842105263157894736844	Active		1	USD	18-JUN-03		MT00.TURE.0000,MESC,	GTIN-SOLAR-CENTAUR40,	QPC Merge Items	O-RING, LUBE OIL SYSTEM BCD & GEAR BOX P/N 903509C1	Finished good			
Each		KOL	20-70-90-351-A	NUT,REDUCED HEX PART NO. : 903511C1	9	2	4	0	0	0	0		0	0	W2D-00-DR-02	( SOLAR TURBINE - 903511C1 - NULL),	.05	Active		0	USD	18-JUN-03		MT00.TURE.0000,MESC,	GTIN-SOLAR-CENTAUR40,			Finished good			
Each		KOL	20-70-90-355-A	O-RING SAE 166 PART NO. : 903556C1 PK = 4 EH	4	1	2	0	0	0	0		0	0	W2K-08-0D-02	( SOLAR TURBINE - 903556C1 - NULL),	1.94305	Active		2	USD	18-JUN-03		MT00.TURE.0000,MESC,	GTIN-SOLAR-TAURUS60,GTIN-SOLAR-CENTAUR40,	QPC Merge Items	O-RING VITON; SAE 166 P/N :- 903556C1 ITEM IS SOLD IN APACK OF4E	Finished good			
Each		KOL	20-70-90-356-A	O-RING VITON,FS PACKAGE = 25 EACH 	16	2	4	0	0	0	0		0	0	W2K-00-DR-18	( SOLAR TURBINE - 903560C1 - NULL),	.338028169	Active		12	USD	18-JUN-03	*	MT00.TURE.0000,MESC,	GTIN-SOLAR-TAURUS60,GTIN-SOLAR-CENTAUR40,GTIN-SOLAR-TAURUS60,	QPC Merge Items	O-RING, TUBE AIR VENT P/N 903560C1	Finished good			
Each		KOL	20-70-90-360-A	POWER SUPPLY TYPE: AC  POWER SUPPLY INPUT VOLTAGE: 220 V INPUT CURRENT TYPE: AC CURRENT INPUT CURRENT: 115VAC @ 7A, 230VAC @ 3A OUTPUT VOLTAGE: +5 V, + 3.3 V, +12 V,   -5 V, - 12 V, +5 V OUTPUT CURRENT TYPE: DC CURRENT OUTPUT CURRENT: 60A, 30 A, 30 A, 1 A, 1 A, 2 A 220-VOLT AC INPUT PC POWER SUPPLY	2	1	2	0	0	0	0		0	0	W2K-08-0D-02	( FSP GROUP INC. - FSP450-60EGN - Active),( FSP GROUP INC. - FSP500-50ANB - Active),	142.9315247890849233	Active		101	GBP	28-MAY-23	*	MT00.TURE.0000,MESC,		TURBINES_SOLAR_MODEL CENTAUR40		Insurance			
Each		KOL	20-70-90-362-A	POWER SUPPLY TYPE: AC POWER SUPPLY INPUT VOLTAGE: 220 V INPUT CURRENT TYPE: AC CURRENT INPUT CURRENT: 115VAC @ 7A, 230VAC @ 3A OUTPUT VOLTAGE: +5 V, + 3.3 V, +12 V, -5 V, -12 V,   +5 V OUTPUT CURRENT TYPE: DC CURRENT OUTPUT CURRENT: 60A, 30 A, 30 A, 1 A, 1 A, 2 A 220-VOLT INPUT PC POWER SUPPLY 1U	1	1	2	1	0	0	0		1	0	W2K-08-0D-02	( FSP GROUP INC. - FSP300-60LG-5K - In-Active),( FSP GROUP INC. - FSP300-50UCB - Active),	123.754886397088961	Active		83	GBP	28-MAY-23	*	MT00.TURE.0000,MESC,		TURBINES_SOLAR_MODEL CENTAUR40		Insurance			
Each		KOL	20-70-90-364-A	POWER SUPPLY TYPE: DC POWER SUPPLY INPUT VOLTAGE: 24 V INPUT CURRENT TYPE: DC CURRENT INPUT CURRENT: 24A /27 AMP MAXIMUM OUTPUT VOLTAGE: +5 V, + 3.3 V, +12 V, -5 V, -12 V, +5 V OUTPUT CURRENT TYPE: DC CURRENT OUTPUT CURRENT: 60A, 30 A, 30 A,   1A, 1A, 2A 24-VOLT DC INPUT PC POWER SUPPLY	1	2	4	3	0	1	1		0	0	W2K-08-0D-03	( POWER STREAM TECHNOLOGY - PSTC-24450 - Active),	699.972545727941	Active		510	GBP	28-MAY-23	*	MT00.TURE.0000,MESC,		TURBINES_SOLAR_MODEL CENTAUR40		Insurance			
Each		KOL	20-70-90-366-A	POWER SUPPLY TYPE: DC  POWER SUPPLY INPUT VOLTAGE: 24 V INPUT CURRENT TYPE: DC CURRENT INPUT CURRENT: 9A/25A (MAX.) OUTPUT VOLTAGE: +5 V, + 3.3 V, +12 V, -5 V, -12 V, +5 V OUTPUT CURRENT TYPE: DC CURRENT OUTPUT CURRENT: 21 A, 40 A, 30A, 1A, 3A 24-VOLT DC INPUT PC POWER SUPPLY, WITH 1U HEIGHT	1	1	2	1	0	1	1		0	0	W2K-08-0D-03	( POWER STREAM TECHNOLOGY - PSTC-24400i - Active),	1100	Active		1100	USD	28-MAY-23	*	MT00.TURE.0000,MESC,		TURBINES_SOLAR_MODEL CENTAUR40		Insurance			
Each		KOL	20-70-90-371-A	REDUCER ADAPTOR PART NO. : 903711C1	0			0	0	0	0		0	0		( SOLAR TURBINE - 903711C1 - NULL),	0	Inactive			USD	10-MAY-04		MISC.MISC.MISC,	GTIN-SOLAR-CENTAUR40,						
Each		KOL	20-70-90-372-A	O-RING VITON SAE222 <SOLAR P/N: 903737C1 <P/F: PM & CM OF THREE "TAURUS 60 MPU" GAS TURBINES	25	20	30	0	0	0	0		0	0	W2D-60-0C-01	( SOLAR TURBINE - 903737C1 - NULL),	.95	Active		12	USD	20-MAY-08		MT00.TURE.0000,MESC,	GTIN-SOLAR-TAURUS60,GTIN-SOLAR-TAURUS60,GTIN-SOLAR-CENTAUR40,	QPC Merge Items	O-RING P/N:- 903737C1				
Each		KOL	20-70-90-373-A	O-RING PART NO. : 903732C1 MFG: SOLAR TURBINE PF : CENTAUR GAS TURBINE TG 4500 GENERATOR 3PH, 50HZ, 6-LEAD 3300 VOLT PK = 15 EA	15	15	30	15	0	4	5		8	11	W2K-00-DR-18	( SOLAR TURBINE - 903732C1 - NULL),	1.13229064039408866995073891625615763547	Active		1	USD	18-JUN-03		MT00.TURE.0000,MESC,	GTIN-SOLAR-TAURUS60,GTIN-SOLAR-CENTAUR40,	QPC Merge Items	O-RING, LUBE OIL FILTER, P/N. 903732C1	Finished good			
Each		KOL	20-70-90-391-A	DIODE ASSY PART NO. : 903916-A1A	2	1	2	0	0	0	0		0	0	W2D-00-DR-02	( SOLAR TURBINE - 903916-A1A - NULL),	.48	Active		0	USD	18-JUN-03		MT00.TURE.0000,MESC,	GTIN-SOLAR-CENTAUR40,			Finished good			
Each		KOL	20-70-90-393-A	DIODE ASSY PART NO. : 903916C1-900	5	2	5	0	0	0	0		0	0	W2D-00-DR-02	( SOLAR TURBINE - 903916C1-900 - NULL),	4.56	Active		5	USD	18-JUN-03		MT00.TURE.0000,MESC,	GTIN-SOLAR-CENTAUR40,			Finished good			
Each		KOL	20-70-90-394-A	DIODE ASSY PART NO. : 903916C1-910	5	2	5	0	0	0	0		0	0	W2D-00-DR-02	( SOLAR TURBINE - 903916C1-910 - NULL),	5.89	Active		6	USD	18-JUN-03		MT00.TURE.0000,MESC,	GTIN-SOLAR-CENTAUR40,			Finished good			
Each		KOL	20-70-90-401-A	BOLT, 3/8-6 X 1.75, PN: 908740C1 PF: PM & CM OF THREE "TAURUS 60 MPU" GAS TURBINE	8	2	4	0	0	0	0		0	0	W2D-60-0C-02	( SOLAR TURBINE - 908740C1 - NULL),	7.0775	Active		2	USD	18-MAR-08		MT00.TURE.0000,MESC,	GTIN-SOLAR-TAURUS60,GTIN-SOLAR-TAURUS60,GTIN-SOLAR-CENTAUR40,	QPC Merge Items	BOLTS, HIGH TEMPERATURE, (TORCH), P/N. 908740C1				
Each		KOL	20-70-90-415-A	MODULE, FLEX, ADAPTER IN:19.2 TO 31.2VDC  400MA OUT:5VDC 640MA  MODEL: TURBINE MODEL MARS 100         P/F: 2 YEARS SPARE PARTS FOR QASR COMPRESSION STATION 	4	1	2	0	0	0	1		0	0	W2D-60-0C-02	( SOLAR TURBINE - 1089240-30 - Active),( ALLEN-BRADLEY - 1794-ACNR15XT - Active),( A G EQUIPMENT COMPANY - 414 - NULL),( Akron Brass Co. - 335 - In-Active),	1034.355259025415274999999999999999999999	Active		799	USD	15-FEB-19	*	MT00.INST.0000,MT00.TURE.0000,MESC,		QPC Merge Items	MODULE, ADAPTER, XT, P/N.1089240-30				
Each		KOL	20-70-90-415-A	MODULE, FLEX, ADAPTER IN:19.2 TO 31.2VDC  400MA OUT:5VDC 640MA  MODEL: TURBINE MODEL MARS 100         P/F: 2 YEARS SPARE PARTS FOR QASR COMPRESSION STATION 	4	1	2	0	0	0	1		0	0	W2D-60-0C-02	( SOLAR TURBINE - 1089240-30 - Active),( ALLEN-BRADLEY - 1794-ACNR15XT - Active),( A G EQUIPMENT COMPANY - 414 - NULL),( Akron Brass Co. - 335 - In-Active),	1034.355259025415274999999999999999999999	Active		799	USD	15-FEB-19	*	MT00.INST.0000,MT00.TURE.0000,MESC,		TURBINES_SOLAR_MODEL CENTAUR40					
Each		KOL	20-70-90-415-B	MODULE, FLEX, ADAPTER IN:19.2 TO 31.2VDC  400MA OUT:5VDC 640MA  MODEL: TURBINE MODEL MARS 100         P/F: 2 YEARS SPARE PARTS FOR QASR COMPRESSION STATION CAT NO:1794-ACNR15XT	0			0	0	0	0		0	0	W1A-14-0A-02	( ALLEN-BRADLEY - 1794-ACNR15XT - Active),( SOLAR TURBINE - 1089240-30 - Active),	666.0599207	Active		1	USD	02-MAR-19	*	MT00.TURE.0000,							
Each		KOL	20-70-90-416-A	MODULE, FLEX, ANALOG, 8 IN FLEXBUS:5VDC 10MA IiN:4-20 MA V IN +/-10V,0-10V P/N: 1089240-7       MODEL: TURBINE MODEL MARS 100         P/F: 2 YEARS SPARE PARTS FOR QASR COMPRESSION STATION MFG: SOLAR TURBINE MFG:ALLEN BRADLEY  CAT NO:1794-IE8XT	2	1	3	0	0	0	0		0	0	W2D-60-0C-02	( SOLAR TURBINE - 1089240-7 - Active),( SOLAR TURBINE - 1014214-10 - In-Active),	1579.234221179973946666666666666666666666	Active		1342	USD	18-MAR-22	*	MT00.TURE.0000,MESC,		QPC Merge Items	MODULE, ANALOG INPUT, 8 XT, P/N. 1089240-7				
Each		KOL	20-70-90-431-A	O-RING  (PK=25 EA) PF:SOLAR TURBINE CENTUAR MODEL GS-40 DUAL FUEL PART NO. : 903243C1	25	0	25	0	0	0	0		0	0	W2D-60-0C-03	( SOLAR TURBINE - 903243C1 - NULL),	.7244	Active		18	USD	10-MAY-04		MT00.TURE.QASR,MESC,	GTIN-SOLAR-TAURUS60,GTIN-SOLAR-CENTAUR40,GTIN-SOLAR-TAURUS60,	QPC Merge Items	O-RING VITON ,SAE 214 PARTS FOR NEW SOLAR TURBINES P/N. 903243C1				
Each		KOL	20-70-90-497-A	GASKET PART NO. : 174659-1 (904971C3)	5	2	5	0	0	0	0		0	0	W2D-60-0C-03	( SOLAR TURBINE - 904971C3 - NULL),( SOLAR TURBINE - 174659-1  - NULL),	5.74142857142857142857142857142857142857	Active		12	USD	18-JUN-03		MT00.TURE.0000,MESC,	GTIN-SOLAR-CENTAUR40,			Finished good			
Each		KOL	20-70-90-511-A	SWITCH,RED 32V AC-DC,<CUTLER-HAMMER> 10250T,A161,A3084 (CLOSED) PART NO. : 905119C2	2	0	0	0	0	0	0		0	0	W2D-00-DR-02	( SOLAR TURBINE - 905119C2 - NULL),	32.49	Active		32	USD	18-JUN-03		MT00.TURE.0000,MESC,	GTIN-SOLAR-CENTAUR40,			Finished good			
Each		KOL	20-70-90-539-A	TRANSFORMER,3 PHASE PF.SOLAR TURBINE TYPE MARS 100 MGF: WESCHLER INSTRUMENT TYPE:MV-832,120V,50-400 HZ,3PH,3W STYLE :292B048G11 PART NO. : 908539C1	1	0	1	0	0	0	0		0	0	W2D-60-0C-03	( SOLAR TURBINE - 908539C1 - NULL),	270.13	Active		273	USD	18-JUN-03		MT00.TURE.0000,MESC,	GTIN-SOLAR-CENTAUR40,	QPC Merge Items	TRANSFORMER 3PHASE P/N:- 908539-C1	Finished good			
Each		KOL	20-70-90-561-A	CLAMP, SET SPLIT FLANGE 0.75 <SOLAR P/N: 903156C1 <P/F: PM & CM OF THREE "TAURUS 60 MPU" GAS TURBINES	9	2	4	0	0	0	0		0	0	W2D-60-0C-03	( SOLAR TURBINE - 903156C1 - NULL),	4.54848613422106462222222222222222222222	Active		13	USD	20-MAY-08		MT00.TURE.0000,MESC,	GTIN-SOLAR-TAURUS60,GTIN-SOLAR-CENTAUR40,						
Each		KOL	20-70-90-563-A	HOSE PART NO. : 907563C2	2	1	2	0	0	0	0		0	0	W2D-60-0C-04	( SOLAR TURBINE - 907563C2 - NULL),	139.12	Active		136	USD	18-JUN-03		MT00.TURE.0000,MESC,	GTIN-SOLAR-TAURUS60,GTIN-SOLAR-CENTAUR40,	QPC Merge Items	HOSE,METALFLEX P/N 907563C2	Finished good			
Each		KOL	20-70-90-568-A	ROD END <THROTTLE ROD> R.H. PART NO. : 903567C2	5	2	6	0	0	0	0		0	0	W2D-00-DR-02	( SOLAR TURBINE - 903567C2 - NULL),	3.55	Active		4	USD	18-JUN-03		MT00.TURE.0000,MESC,	GTIN-SOLAR-CENTAUR40,			Finished good			
Each		KOL	20-70-90-571-A	BEARING,BALL 40 MM PART NO. : 905715C1	3	1	2	0	0	0	0		0	0	W2D-00-DR-03	( SOLAR TURBINE - 905715C1 - NULL),	18.44	Active		18	USD	18-JUN-03		MT00.TURE.0000,MESC,	GTIN-SOLAR-CENTAUR40,GTIN-SOLAR-TAURUS60,	QPC Merge Items	STARTER ADAPTER BEARING P/NO.: 905715C1	Finished good			
Each		KOL	20-70-90-581-A	CLAMP SET,SPLIT FANGE 1.25" PART NO. : 903158C1	4	2	4	0	0	0	0		0	0	W2D-60-0C-04	( SOLAR TURBINE - 903158C1 - NULL),	9.77	Active		2	USD	11-MAY-04		MT00.TURE.0000,MESC,	GTIN-SOLAR-TAURUS60,GTIN-SOLAR-TAURUS60,GTIN-SOLAR-CENTAUR40,						
Each		KOL	20-70-90-618-A	GAUGE PRESS. 0-100 PSI, DIAL 2", BACK CONN. 1/4" NPT, BRASS <MARSH> PART NO. : 906184C1	1	0	1	0	0	0	0		0	0	W2D-00-DR-03	( SOLAR TURBINE - 906184C1 - NULL),	9.33	Active		9	USD	18-JUN-03		MT00.TURE.0000,MESC,	GTIN-SOLAR-CENTAUR40,			Finished good			
Each		KOL	20-70-90-632-A	HOSE,METALFLEX <P/N:907563C2 <P/F SOLAR CENTAUR TURBO GENERATOR <MODE:GS-40 DUAL FUEL <MFG:SOLAR	0			0	0	0	0		0	0			0	Inactive		146	USD	11-MAY-04		MISC.MISC.MISC,	GTIN-SOLAR-CENTAUR40,						
Each		KOL	20-70-90-636-A	LIGHT GREEN PART NO. : 906636C1	2	1	2	0	0	0	0		0	0	W2D-00-DR-03	( SOLAR TURBINE - 906636C1 - NULL),	49.57	Active		88	USD	18-JUN-03		MT00.TURE.0000,MESC,	GTIN-SOLAR-CENTAUR40,	QPC Merge Items	INDICATOR LIGHTED GREEN P/N 906636C1	Finished good			
Each		KOL	20-70-90-641-A	WASHER, 1/4" INCH PKG = 25 EACH PART NO. : 816635155	0			0	0	0	0		0	0	W2D-00-DR-03	( SOLAR TURBINE - 816635155 - NULL),	.05	Active		0	USD	18-JUN-03		MT00.TURE.0000,MESC,	GTIN-SOLAR-CENTAUR40,			Finished good			
Each		KOL	20-70-90-648-A	GAUGE,OIL TEMP. PART NO. : 906484C2	2	1	2	0	0	0	0		0	0	W2D-00-DR-03	( SOLAR TURBINE - 906484C2 - NULL),	58.7108277537185115	Active		74	USD	18-JUN-03		MT00.TURE.0000,MESC,	GTIN-SOLAR-CENTAUR40,			Finished good			
Each		KOL	20-70-90-652-A	RELAY,24VDC,1/10 HP,3A,120 VAC, PF:CENTAUR GAS TURBINE SOLAR T.G.4500 GENERATOR 3 PH. 50 HZ. 6 LEAD. 3300 VOLT 	15	1	2	0	0	0	0		0	0	W2D-60-0C-05	( POTTER & BRUM FIELD - KHS-17D12-24 - NULL),( SOLAR TURBINE - 906523C1 - NULL),	80.37	Active		80	USD	18-JUN-03		MT00.TURE.0000,MESC,	GTIN-SOLAR-CENTAUR40,	QPC Merge Items	RELAY 3AMP 24VDC 4PDT P/N:- 906523C1	Finished good			
Each		KOL	20-70-90-770-A	METER PERCENT SPEED 	0	0	0	0	0	0	0		0	0	W1A-14-0A-04	( SOLAR TURBINE - 907709C1 - NULL),	269.06	Active		269	USD	18-JUN-03		MT00.TURE.0000,MESC,	GTIN-SOLAR-CENTAUR40,			Finished good			
Each		KOL	20-70-90-791-A	SPRING METERING-PC PART NO. : 9077091C1	1	0	1	0	0	0	0		0	0	W2D-60-0C-05	( SOLAR TURBINE - 9077091C1 - NULL),	1.51	Active		2	USD	18-JUN-03		MT00.TURE.0000,MESC,	GTIN-SOLAR-CENTAUR40,			Finished good			
Each		KOL	20-70-90-815-A	O-RING PART NO. : 908158C1	50	2	4	0	0	0	0		0	0	W2K-00-DR-18	( SOLAR TURBINE - 908158C1 - NULL),	1.736415094	Active		46	USD	18-JUN-03		MT00.TURE.0000,MESC,	GTIN-SOLAR-CENTAUR40,			Finished good			
Each		KOL	20-70-90-838-A	CONNECTOR .375 NPT - .25 TUBE PART NO. : 908389C1	6	3	6	0	0	0	0		0	0	W2D-00-DR-03	( SOLAR TURBINE - 908389C1 - NULL),	22.14	Active		22	USD	18-JUN-03		MT00.TURE.0000,MESC,	GTIN-SOLAR-CENTAUR40,			Finished good			
Each		KOL	20-70-90-839-A	BUSHING SPACER PART NO. : 900839C1	4	2	4	0	0	0	0		0	0	W2D-00-DR-03	( SOLAR TURBINE - 900839C1 - NULL),	4.04	Active		4	USD	18-JUN-03		MT00.TURE.0000,MESC,	GTIN-SOLAR-CENTAUR40,			Finished good			
Each		KOL	20-70-90-859-A	O-RING PF:CENTAUR GAS TURBINE SOLAR T.G 4500	95	60	100	2	0	10	5		20	20	W2K-08-0D-03	( SOLAR TURBINE - 908159C1 - Active),	.3246175119825280167094063806694087118755	Active		0	USD	18-JUN-03		MT00.TURE.0000,MESC,	GTIN-SOLAR-CENTAUR40,			Finished good			
Each		KOL	20-70-90-861-A	SC-BEARING PART NO. : 908612C1	4	2	4	0	0	0	0		0	0	W2D-00-DR-03	( SOLAR TURBINE - 908612C1 - NULL),	3.42	Active		3	USD	18-JUN-03		MT00.TURE.0000,MESC,	GTIN-SOLAR-CENTAUR40,			Finished good			
Each		KOL	20-70-90-864-A	SCREW SHLDR PART NO. : 908164C1	3	2	4	0	0	0	0		0	0	W2D-00-DR-03	( SOLAR TURBINE - 908164C1 - NULL),	3.39	Active		3	USD	18-JUN-03		MT00.TURE.0000,MESC,	GTIN-SOLAR-TAURUS60,GTIN-SOLAR-CENTAUR40,			Finished good			
Each		KOL	20-70-90-867-A	O-RING 414X.074 BUNA-N,KM PART NO. : 908167C1	0	0	0	0	0	0	0		0	0	W2K-00-DR-18	( SOLAR TURBINE - 908167C1 - NULL),	.01	Active		0	USD	18-JUN-03		MT00.TURE.0000,	GTIN-SOLAR-CENTAUR40,			Finished good			
Each		KOL	20-70-90-875-A	SEAL 	23	5	10	0	0	0	1		0	0	W2D-00-DR-03	( SOLAR TURBINE - 908754C1 - NULL),	1.813333333	Active		15	USD	18-JUN-03		MT00.TURE.0000,MESC,	GTIN-SOLAR-CENTAUR40,GTIN-SOLAR-TAURUS60,GTIN-SOLAR-TAURUS60,			Finished good			
Each		KOL	20-70-90-892-A	COUPLING FLEX PART NO. : 908192C1	2	1	2	0	0	0	0		0	0	W2D-60-0C-05	( SOLAR TURBINE - 908192C1 - NULL),	2.39	Active		2	USD	18-JUN-03		MT00.TURE.0000,MESC,	GTIN-SOLAR-CENTAUR40,			Finished good			
Each		KOL	20-70-90-905-A	STUD,SPECIAL-AC PART NO. : 909056C1	2	1	2	0	0	0	0		0	0	W2D-00-DR-03	( SOLAR TURBINE - 909056C1 - NULL),	6.62	Active		7	USD	18-JUN-03		MT00.TURE.0000,MESC,	GTIN-SOLAR-CENTAUR40,			Finished good			
Each		KOL	20-70-90-908-A	GEAR SEAL OIL PUMP PART NO. : 90908C1	4	0	0	0	0	0	0		0	0	W2D-60-0B-01	( SOLAR TURBINE - 90908C1 - NULL),	1454.11	Active		1454	USD	18-JUN-03		MT00.TURE.0000,MESC,	GTIN-SOLAR-CENTAUR40,			Finished good			
Each		KOL	20-70-90-909-A	BEARING,BALL 55 MM PART NO. : 9099C2	4	1	2	0	0	0	0		0	0	W2D-60-0B-01	( SOLAR TURBINE - 9099C2 - NULL),	95.82	Active		96	USD	18-JUN-03		MT00.TURE.0000,MESC,	GTIN-SOLAR-CENTAUR40,			Finished good			
Each		KOL	20-70-90-910-A	SPACER CLUTCH PART NO. : 909103C1	2	1	2	0	0	0	0		2	0	W2D-60-0B-02	( SOLAR TURBINE - 909103C1 - NULL),	156.50193312530035043	Active		57	USD	18-JUN-03		MT00.TURE.0000,MESC,	GTIN-SOLAR-TAURUS60,GTIN-SOLAR-CENTAUR40,			Finished good			
Each		KOL	20-70-90-917-A	BEARING STOP SEAL PART NO. : 909107C1	2	0	1	0	0	0	0		0	0	W2D-60-0B-02	( SOLAR TURBINE - 909107C1 - NULL),	141.3	Active		141	USD	18-JUN-03		MT00.TURE.0000,MESC,	GTIN-SOLAR-CENTAUR40,			Finished good			
Each		KOL	20-70-90-919-A	CLUTCH,ONE WAY PART NO. : 909009C1	2	1	2	0	0	0	0		0	0	W2D-60-0B-02	( SOLAR TURBINE - 909009C1 - NULL),	529.35	Active		529	USD	18-JUN-03		MT00.TURE.0000,MESC,	GTIN-SOLAR-CENTAUR40,			Finished good			
Each		KOL	20-70-90-921-A	O-RING PART NO. : 908221C1	4	1	3	0	0	0	1		0	0	W2K-00-DR-18	( SOLAR TURBINE - 908221C1 - NULL),	4.472027972	Active		19	USD	18-JUN-03		MT00.TURE.0000,MESC,	GTIN-SOLAR-CENTAUR40,GTIN-SOLAR-TAURUS60,GTIN-SOLAR-TAURUS60,	QPC Merge Items	O-RING, LUBE OIL PUMP ASSY. P/N:- 908221C1	Finished good			
Each		KOL	20-70-90-933-A	O-RING ELEMENT FILTER PART NO. : 992933C1	5	3	5	0	0	0	0		0	2	W2D-00-DR-03	( SOLAR TURBINE - 992933C1 - NULL),	6.28526315789473686068111455108359133129	Active		7	USD	18-JUN-03		MT00.TURE.0000,MESC,	GTIN-SOLAR-CENTAUR40,	QPC Merge Items	0-RING, ELEMENT FILTER P/N:- 992933C1	Finished good			
Each		KOL	20-70-90-954-A	DIODE PART NO. : 908579A1A	8	2	8	0	0	0	0		0	0	W2D-00-DR-03	( SOLAR TURBINE - 908579A1A - NULL),	.64	Active		1	USD	18-JUN-03		MT00.TURE.0000,MESC,	GTIN-SOLAR-CENTAUR40,			Finished good			
Each		KOL	20-70-90-955-A	Diode CR714, Solar Part No. 908579C1, P/F: Solar Gas Turbine Generators Set Saturn Part no. T-1301 With Relay Logic Control System, MFG: Solar Turbines Incorporated	6	0	25	0	0	0	0		0	0	W2D-00-DR-03	( SOLAR TURBINE - 908579C1 - NULL),	.31	Active		0	USD	18-JUN-03		MT00.TURE.0000,MESC,	GTIN-SOLAR-CENTAUR40,	QPC Merge Items	DIODE,RECTIFIER  Part No.: 908579C1  PK = 25 EA  	Finished good			
Each		KOL	20-70-90-956-A	DIODE ASSY PART NO. : 908579C1-900	8	2	8	0	0	0	0		0	0	W2D-00-DR-03	( SOLAR TURBINE - 908579C1-900 - NULL),	.64	Active		1	USD	18-JUN-03		MT00.TURE.0000,MESC,	GTIN-SOLAR-CENTAUR40,			Finished good			
Each		KOL	20-70-90-957-A	DIODE ASSY PART NO. : 908579C1-910	2	1	2	0	0	0	0		0	0	W2D-00-DR-03	( SOLAR TURBINE - 908579C1-910 - NULL),	.51	Active		1	USD	18-JUN-03		MT00.TURE.0000,MESC,	GTIN-SOLAR-CENTAUR40,			Finished good			
Each		KOL	20-70-90-960-A	BULB BAYONET 6 W. 30 V. PART NO. : 908700C2	0	0	0	0	0	0	0		0	0	W2K-08-0D-04	( SOLAR TURBINE - 908700C2 - NULL),	3.53995	Active		3	USD	18-JUN-03		MT00.TURE.0000,MESC,	SWGM-POWELL-CLAD,GTIN-SOLAR-CENTAUR40,	QPC Merge Items	LAMP, BAYONET LAMP,LIGHT BULB, 30V, 6W, P/N. 908700-C2	Finished good			
Each		KOL	20-70-90-962-A	GAUGE SIGHT OIL LEVEL PART NO. : 908717C2	1	0	1	0	0	0	0		0	0	W2D-00-DR-03	( SOLAR TURBINE - 908717C2 - NULL),	1.83	Active		2	USD	18-JUN-03		MT00.TURE.0000,MESC,	GTIN-SOLAR-CENTAUR40,			Finished good			
Each		KOL	20-70-90-964-A	O-RING PART NO. : 908768C1	4	1	3	0	0	0	0		0	0	W2K-00-DR-18	( SOLAR TURBINE - 908768C1 - NULL),	.77	Active		1	USD	18-JUN-03		MT00.TURE.0000,MESC,	GTIN-SOLAR-CENTAUR40,			Finished good			
Each		KOL	20-70-90-966-A	GASKET PART NO. : 909129C2	2	0	0	0	0	0	0		0	0	W2D-60-0B-03	( SOLAR TURBINE - 909129C2 - NULL),	.51	Active		1	USD	18-JUN-03		MT00.TURE.0000,MESC,	GTIN-SOLAR-CENTAUR40,			Finished good			
Each		KOL	20-70-90-970-A	GASKET PART NO. : 172565-1	4	2	5	0	0	0	0		0	0	W2D-00-DR-03	( SOLAR TURBINE - 909134C2 - NULL),	.48	Active		0	USD	18-JUN-03		MT00.TURE.0000,MESC,	GTIN-SOLAR-CENTAUR40,			Finished good			
Each		KOL	20-70-90-974-A	BEARING,NEEDLE,FC PART NO. : 909740C1	6	1	2	0	0	0	0		0	0	W2D-00-DR-03	( SOLAR TURBINE - 909740C1 - NULL),	1.72	Active		2	USD	18-JUN-03		MT00.TURE.0000,MESC,	GTIN-SOLAR-CENTAUR40,			Finished good			
Each		KOL	20-70-90-978-A	VALVE,SHUT OFF V2P931 <VERSA> RAP-2931,KW-3322G PART NO. : 186230-1	0	0	0	0	0	0	0		0	0	W1A-14-0A-07	( SOLAR TURBINE - 186230-1 - NULL),	1788.8457	Active		1726	USD	18-JUN-03		MT00.TURE.0000,	GTIN-SOLAR-CENTAUR40,			Finished good			
Each		KOL	20-70-90-988-A	BEARING,BALL 40MM PART NO. : 909089C1	3	0	0	0	0	0	0		0	0	W2D-00-DR-03	( SOLAR TURBINE - 909089C1 - NULL),	17.2	Active		17	USD	18-JUN-03		MT00.TURE.0000,MESC,	GTIN-SOLAR-CENTAUR40,			Finished good			
Each		KOL	20-70-90-994-A	SPACER BEARING PART NO. : 909094C1	2	0	0	0	0	0	0		0	0	W2D-00-DR-03	( SOLAR TURBINE - 909094C1 - NULL),	70.31	Active		70	USD	18-JUN-03		MT00.TURE.0000,MESC,	GTIN-SOLAR-CENTAUR40,			Finished good			
Each		KOL	20-70-91-020-A	KIT,SEAL REPIAR HYD PUMP PART NO. : 910208C1	2	0	0	0	0	0	0		0	0	W2D-00-DR-03	( SOLAR TURBINE - 910208C1 - NULL),	6.32	Active		6	USD	18-JUN-03		MT00.TURE.0000,MESC,	GTIN-SOLAR-CENTAUR40,			Finished good			
Each		KOL	20-70-91-041-A	ADAPTER LINKAGE  <SOLAR P/N: 911884C1 <MFG: SOLAR TURBINES	2	0	0	0	0	0	0		0	0	W2D-60-0B-03	( SOLAR TURBINE - 911884C1 - NULL),	14.82796	Active		15	USD	14-APR-08		MT00.TURE.0000,MESC,	GTIN-SOLAR-CENTAUR40,						
Each		KOL	20-70-91-047-A	SEAL-SHAFT,FC PART NO. : 910474C1	4	1	2	0	0	0	0		0	2	W2D-00-DR-03	( SOLAR TURBINE - 910474C1 - NULL),	2.28	Active		2	USD	18-JUN-03		MT00.TURE.0000,MESC,	GTIN-SOLAR-CENTAUR40,			Finished good			
Each		KOL	20-70-91-071-A	NUT, 1/4-28, P/N: 915657C1 <MFG: SOLAR TURBINES	12	2	4	0	0	0	0		0	0	W2D-60-0B-03	( SOLAR TURBINE - 915657C1 - NULL),	9.6152	Active		1	USD	14-APR-08		MT00.TURE.0000,MESC,	GTIN-SOLAR-CENTAUR40,						
Each		KOL	20-70-91-082-A	BEARING,BALL PART NO. : 910827C1	0	0	0	0	0	0	0		0	0	W2D-00-DR-03	( SOLAR TURBINE - 910827C1 - NULL),	15.58	Active		16	USD	18-JUN-03		MT00.TURE.0000,MESC,	GTIN-SOLAR-CENTAUR40,			Finished good			
Each		KOL	20-70-91-110-A	PACKING GLAND PART NO. : 172524-1	6	3	10	0	0	0	0		0	0	W2D-60-0B-03	( SOLAR TURBINE - 911012C1 - NULL),	6.38	Active		6	USD	18-JUN-03		MT00.TURE.0000,MESC,	GTIN-SOLAR-CENTAUR40,			Finished good			
Each		KOL	20-70-91-111-A	SPACER, P/N: 912811C1  <TO BE USED FOR CONTUAR-40 <MFG: SOLAR TURBINES	1	0	0	0	0	0	0		0	0	W2D-60-0B-04	( SOLAR TURBINE - 912811C1 - NULL),	3.93197	Active		4	USD	14-APR-08		MT00.TURE.0000,MESC,	GTIN-SOLAR-CENTAUR40,						
Each		KOL	20-70-91-116-A	THERMOSTAT	4	2	4	0	0	0	0		0	0	W2D-00-DR-03	( SOLAR TURBINE - 1502703-1 - Active),( SOLAR TURBINE - 911681C1 - In-Active),	493.326754147417569	Active		482	USD	18-JUN-03	*	MT00.TURE.0000,MESC,	GTIN-SOLAR-CENTAUR40,			Finished good			
Each		KOL	20-70-91-118-A	O-RING 	0	0	0	0	0	0	0		0	0	W2K-08-0D-05	( SOLAR TURBINE - 912098C1 - NULL),	.596438356	Active		1	USD	18-JUN-03		MT00.TURE.0000,MESC,	GTIN-SOLAR-CENTAUR40,			Finished good			
Each		KOL	20-70-91-120-A	O-RING 	0	0	0	0	0	0	0		0	0	W2K-00-DR-18	( SOLAR TURBINE - 912099C1 - NULL),	.429139785	Active		0	USD	18-JUN-03		MT00.TURE.0000,MESC,	GTIN-SOLAR-CENTAUR40,			Finished good			
Each		KOL	20-70-91-121-A	SEAL,SILICON <P/F SOLAR CENTAUR TURBO GENERATOR <MODE:GS-40 DUAL FUEL 	0			0	0	0	0		0	0		( SOLAR TURBINE - 917212C1 - Active),	0	Inactive		35	USD	10-MAY-04		MISC.MISC.MISC,MESC,	GTIN-SOLAR-TAURUS60,GTIN-SOLAR-CENTAUR40,						
Each		KOL	20-70-91-122-A	VALVE,1/4",<OHIO BRASS> 302X PART NO. : 912415C1	2	1	2	0	0	0	0		0	0	W2D-00-DR-03	( SOLAR TURBINE - 912415C1 - NULL),	10.61	Active		11	USD	18-JUN-03		MT00.TURE.0000,MESC,	GTIN-SOLAR-CENTAUR40,			Finished good			
Each		KOL	20-70-91-124-A	CAPACITOR PART NO. : 912434C1	2	1	2	0	0	0	0		0	0	W2D-00-DR-03	( SOLAR TURBINE - 912434C1 - NULL),	.44	Active		0	USD	18-JUN-03		MT00.TURE.0000,MESC,	GTIN-SOLAR-CENTAUR40,			Finished good			
KIT		KOL	20-70-91-125-A	FILTER,KIT LOW PRESSURE PF:CENTAUR GAS TURBINE SOLAR 1KIT = 1EA PART NO. : 912555C2 (NEW 912555C3) SEE: M E C 20-70-91-553-A	0	0	0	0	0	0	0	20-70-91-553-A  - Merge  ,	0	0	W1A-15-0A-13	( SOLAR TURBINE - 912555C2 - NULL),( SOLAR TURBINE - 912555C3 - NULL),	165.976	Inactive		166	USD	18-JUN-03		MISC.MISC.MISC,	GTIN-SOLAR-CENTAUR40,			Finished good			
Each		KOL	20-70-91-126-A	O-RING PK=10 each	14	10	20	0	0	0	14		17	4	W2K-00-DR-18	( SOLAR TURBINE - 912642C1 - Active),	1.29159720999322327942587446878064727035	Active		1	USD	18-JUN-03		MT00.TURE.0000,MESC,	GTIN-SOLAR-CENTAUR40,EGTD-SOLAR-MARS100,GTIN-SOLAR-TAURUS60,GTIN-SOLAR-TAURUS60,GTIN-SOLAR-MARS100,	QPC Merge Items	O-RING , VITON ,SAE 228 "LUBE OIL COOLER " P/N:- 912642C1	Finished good			
Each		KOL	20-70-91-127-A	SEAL METALLTC PART NO. : 912755C1	12	2	5	0	0	0	0		0	0	W2D-00-DR-03	( SOLAR TURBINE - 912755C1 - NULL),	9.870588235	Active		10	USD	18-JUN-03		MT00.TURE.0000,MESC,	GTIN-SOLAR-TAURUS60,GTIN-SOLAR-CENTAUR40,	QPC Merge Items	SEAL, THREADED BOSS, METALIC, P/N. 912755C1	Finished good			
Each		KOL	20-70-91-128-A	SEAL METALLIC THD BOSS 3/8" PART NO. : 912851C1	15	2	5	0	0	1	0		0	0	W2D-00-DR-03	( SOLAR TURBINE - 912851C1 - NULL),	16.23095238114285714285714285714285714287	Active		21	USD	18-JUN-03		MT00.TURE.0000,MESC,	GTIN-SOLAR-TAURUS60,GTIN-SOLAR-CENTAUR40,GTIN-SOLAR-TAURUS60,	QPC Merge Items	METALLIC SEAL 3/8" PK=2EA P/N:- 912851-C1	Finished good			
Each		KOL	20-70-91-130-A	SWITCH,GREEN 32V AC-DC<CUTLER-HAMMER> 10250T,A161,P087 PART NO. : 912857C2	3	1	3	0	0	0	0		0	0	W2D-00-DR-03	( SOLAR TURBINE - 912857C2 - NULL),	32.26	Active		32	USD	18-JUN-03		MT00.TURE.0000,MESC,	GTIN-SOLAR-CENTAUR40,			Finished good			
Each		KOL	20-70-91-132-A	SWITCH,ILLUM PUSHBUTTON BLUE,32V AC-DC <CUTLER-HAMMER> 10250T,A161,Z484 PART NO. : 912858C2	2	1	2	0	0	0	0		0	0	W2D-00-DR-03	( SOLAR TURBINE - 912858C2 - NULL),	24.43	Active		24	USD	18-JUN-03		MT00.TURE.0000,MESC,	GTIN-SOLAR-CENTAUR40,			Finished good			
Each		KOL	20-70-91-134-A	VALVE NEEDLE PART NO. : 912936C1	5	1	2	0	0	0	0		0	0	W2D-00-DR-03	( SOLAR TURBINE - 912936C1 - NULL),	2.72	Active		3	USD	18-JUN-03		MT00.TURE.0000,MESC,	GTIN-SOLAR-CENTAUR40,			Finished good			
Each		KOL	20-70-91-136-A	GASKET 2"PIPE PART NO. : 912972C1	5	2	5	0	0	0	0		0	0	W2D-00-DR-03	( SOLAR TURBINE - 912972C1 - NULL),	.07	Active		0	USD	18-JUN-03		MT00.TURE.0000,MESC,	GTIN-SOLAR-CENTAUR40,			Finished good			
Each		KOL	20-70-91-138-A	PICKUP MAGNETIC NEW P.N.190430-1. PART NO. : 913094C2	0	0	0	0	0	0	0		0	0	W1A-15-0A-04	( SOLAR TURBINE - 190430-1. - NULL),( SOLAR TURBINE - 913094C2 - NULL),	82.770162825	Active		85	USD	18-JUN-03		MT00.TURE.0000,	GTIN-SOLAR-CENTAUR40,GTIN-SOLAR-TAURUS60,			Finished good			
Each		KOL	20-70-91-140-A	SHIM,BLEED VALVE,FC PART NO. : 913743C1	11	6	10	0	0	0	0		0	0	W2D-00-DR-03	( SOLAR TURBINE - 913743C1 - NULL),	2.65151515136363636363636363636363636364	Active		14	USD	18-JUN-03		MT00.TURE.0000,MESC,	GTIN-SOLAR-CENTAUR40,GTIN-SOLAR-TAURUS60,			Finished good			
Each		KOL	20-70-91-150-A	RELAY,OVERVOLTAGE <WILMAR ELECTRONICS> MOD.301-175X,NOMINAL INPUT 120V,3PH, 3WIRE,50/60HZ,CONTACT RATING 10A TO 28VDC,3A,120VAC,60HZ PART NO. : 915066C1	2	0	0	0	0	0	0		0	0	W2D-60-0B-04	( SOLAR TURBINE - 915066C1 - NULL),	154.17	Active		154	USD	18-JUN-03		MT00.TURE.0000,MESC,	GTIN-SOLAR-CENTAUR40,			Finished good			
Each		KOL	20-70-91-157-A	RELAY,UNDERVOLTAGE,<WILMAR ELECTRONICS> P/N:401-255X,120V,50/60 HZ PART NO. : 915067C1	2	0	0	0	0	0	0		0	0	W2D-60-0B-04	( SOLAR TURBINE - 915067C1 - NULL),	212.04	Active		212	USD	18-JUN-03		MT00.TURE.0000,MESC,	GTIN-SOLAR-CENTAUR40,			Finished good			
Each		KOL	20-70-91-159-A	VALVE,NEEDLE <ELON COLLEGE NC> CKINI25SS,1-8.7 PART NO. : 915129C1	1	0	1	0	0	0	0		0	0	W2D-00-DR-03	( SOLAR TURBINE - 915129C1 - NULL),	2.41	Active		2	USD	18-JUN-03		MT00.TURE.0000,MESC,	GTIN-SOLAR-CENTAUR40,			Finished good			
Feet		KOL	20-70-91-164-A	SEALING GORE TEX FT PART NO. : 915244C1	20	15	30	0	0	0	0		12	0	W2D-00-DR-03	( SOLAR TURBINE - 915244C1 - NULL),	3.26236995638368919477442528735632183909	Active		3	USD	13-FEB-06		MT00.TURE.0000,MESC,	GTIN-SOLAR-CENTAUR40,			Finished good			
Each		KOL	20-70-91-164-U-A	SEALING GORE TEX FT PART NO. : 915244C1	0	0	0	0	0	0	0		0	0		( SOLAR TURBINE - 915244C1 - NULL),	0	Inactive		3	USD	18-JUN-03		MISC.MISC.MISC,	GTIN-SOLAR-CENTAUR40,			Finished good			
Each		KOL	20-70-91-166-A	VALVE,NEEDLE,0.25 IN <TELEDYNE> 5-2776-2 PART NO. : 915370C1 MFG:SOLAR TURBINE P/F:GAS TURBINE & MODEL: TURBINE MODEL MARS 100          2 YEARS SPARE PARTS FOR QASR COMPRESSION STATION	1	0	1	0	0	0	0		0	0	W2D-00-DR-03	( SOLAR TURBINE - 915370C1 - NULL),	85.26	Active		86	USD	18-JUN-03		MT00.TURE.0000,MESC,	GTIN-SOLAR-CENTAUR40,			Finished good			
Each		KOL	20-70-91-168-A	GASKET COVER PART NO. : 969117C2 (915897C1)	10	2	5	0	0	0	0		0	0	W2D-00-DR-03	( SOLAR TURBINE - 969117C2 (915897C1) - NULL),	25.27	Active		25	USD	18-JUN-03		MT00.TURE.0000,MESC,	GTIN-SOLAR-CENTAUR40,			Finished good			
Each		KOL	20-70-91-170-A	VALVE,SOLENOID 1/4",2-WAY,24 VDC,500 PSI GEN.PURPOSE,S.S.BODY EXP PROOF 	2	1	2	0	0	0	0		2	0	W2D-60-0B-05	( ASCO - HTX80173 - NULL),( SOLAR TURBINE - 916127C2 - NULL),	210.06239	Active		267	USD	18-JUN-03		MT00.TURE.0000,MESC,	GTIN-SOLAR-CENTAUR40,			Finished good			
Each		KOL	20-70-91-171-A	COMPLETE SOLENOID VALVE ASCO PIPE SIZE 1/2" 2 WAY VALVE CAT NO-11V206942-VOLT 24V.D.C. SOL CAT NO-80033 REBUILD KIT 308506 PART NO. : 916126C1	1	0	0	0	0	0	0		0	0	W2D-60-0B-05	( SOLAR TURBINE - 916126C1 - NULL),	719.61181868772682	Active		717	USD	18-JUN-03		MT00.TURE.0000,MESC,	GTIN-SOLAR-CENTAUR40,	QPC Merge Items	VALVE, EP SOLENIOD P/N: 916126C1	Finished good			
Each		KOL	20-70-91-173-A	COIL FOR SALENOID VALVE ASCO 24 VOLT PIPE SIZE 1/2"2WAY NO-11V206942-VOLT 24 V.D.C. REBUILD KIT 308506 VALVE CAT. PART NO. : 994438C1	1	0	1	0	0	0	0		0	0	W2D-60-0B-05	( SOLAR TURBINE - 994438C1 - NULL),	104.94	Active		105	USD	18-JUN-03		MT00.INST.0000,MESC,	GTIN-SOLAR-CENTAUR40,			Finished good			
Each		KOL	20-70-91-174-A	METER ENGINE HOURS PART NO. : 916210C1	0	0	0	0	0	0	0	20-70-10-561-A  - Merge  ,	0	0	W2D-61-0A-05	( SOLAR TURBINE - 916210C1 - NULL),	124.71	Active		125	USD	18-JUN-03		MT00.TURE.0000,MESC,	GTIN-SOLAR-CENTAUR40,			Finished good			
Each		KOL	20-70-91-175-A	SEIRES BOOST OPTION ,MOD.SB 0183,INPUT PART 9037110-103 208-24V.,50 HZ,OUTPUT 240VAC.,7A 208-24 V.,50 HZ,OUTPUT 240VAC,7A PART NO. : 916224C1	2	0	0	0	0	0	0		0	0	W1H-08-0B-01	( SOLAR TURBINE - 916224C1 - NULL),	1325.25	Active		1325	USD	18-JUN-03		MT00.TURE.0000,	GTIN-SOLAR-CENTAUR40,			Finished good			
Each		KOL	20-70-91-175-B	SEIRES BOOST OPTION ,MOD.SB 0183,INPUT PART 9037110-103 208-24V.,50 HZ,OUTPUT 240VAC.,7A 208-24 V.,50 HZ,OUTPUT 240VAC,7A PART NO. : 916224C1	0			0	0	0	0		0	0		( SOLAR TURBINE - 916224C1 - NULL),	0	Inactive			USD	18-JUN-03		MISC.MISC.MISC,	GTIN-SOLAR-CENTAUR40,			Finished good			
RL		KOL	20-70-91-176-A	WIRE STEEL SAFETY 032DIA 302-304 ROLL TYPE 304,SPECF. ASTMA58098 PART NO. : 917345C1	2	0	1	0	0	1	1		0	0	W2D-60-0A-01	( SOLAR TURBINE - 917345C1 - NULL),	72.0130510551039350833333333333333333335	Active		72	USD	18-JUN-03		MT00.TURE.0000,MESC,	GTIN-SOLAR-CENTAUR40,	QPC Merge Items	FS-WIRE SAFETY 032DIA 302 -304 P/N:- 917345C1	Finished good			
KIT		KOL	20-70-91-177-A	REPAIR KIT FOR SOLNOID VALVE ASCO PIPE SIZE 1/2"2WAY NO-11V206942-VOLT 24 V.D.C. REBUILD KIT 308506 VALVE CAT. S/N-516485-01 SOL CAT NO-80033 PART NO. : 990299C1	2	0	0	0	0	0	0		0	0	W2D-60-0A-01	( SOLAR TURBINE - 990299C1 - NULL),	61.69	Active		62	USD	18-JUN-03		MT00.TURE.0000,MESC,	GTIN-SOLAR-CENTAUR40,			Finished good			
Each		KOL	20-70-91-179-A	VALVE,OIL REGULATOR MAX PRESS 500 PSI <DYNEX/RIVETT PEWAUKEE>,MOD. 913739C2 PART NO. : 913739C2	1	0	1	0	0	0	0		0	0	W2D-60-0A-01	( SOLAR TURBINE - 913739C2 - NULL),	1842.87	Active		1843	USD	18-JUN-03		MT00.TURE.0000,MESC,	GTIN-SOLAR-CENTAUR40,			Finished good			
Each		KOL	20-70-91-180-A	IGNITION,EXCITER INPUT 10-32VDC P.F SOLAR TURBINE TYPE MARS 100          2 YEARS SPARE PARTS FOR QASR COMPRESSION STATION 	2	1	2	0	0	0	0		0	0	W2D-60-0A-02	( Champion - 305001-5SOL - NULL),( SOLAR TURBINE - 917560C2 - NULL),	1119.923683703703666666666666666666666667	Active		1528	USD	18-JUN-03		MT00.TURE.0000,MESC,	GTIN-SOLAR-CENTAUR40,	QPC Merge Items	IGNITION EXCITER P/N:- 917560-C2	Finished good			
Each		KOL	20-70-91-182-A	SWITCH,LIQUID LEVEL <GENS SENSOR DIV> (PILOT DUTY),SERIES LS-1950,20VA 120-240V PART NO. : 918192C3	2	0	0	0	0	0	0		0	0	W2D-60-0A-02	( SOLAR TURBINE - 918192C3 - NULL),	93.53	Active		94	USD	18-JUN-03		MT00.TURE.0000,MESC,	GTIN-SOLAR-CENTAUR40,			Finished good			
Each		KOL	20-70-91-184-A	METER START COUNTER WITH ADAPTER PLATE  P/N: 3159507-1 	0	0	0	0	0	0	0		0	0	W1A-15-0A-08	( SOLAR TURBINE - 2271605-1 - Active),( SOLAR TURBINE - 918426C1 - In-Active),	15.86	Active		16	USD	18-JUN-03	*	MT00.TURE.0000,MESC,	GTIN-SOLAR-CENTAUR40,			Finished good			
Each		KOL	20-70-91-186-A	SEAL METALIC BOSS PART NO. : 918567C1	5	2	5	0	0	0	0		0	0	W2D-00-DR-03	( SOLAR TURBINE - 918567C1 - NULL),	1.21	Active		1	USD	18-JUN-03		MT00.TURE.0000,MESC,	GTIN-SOLAR-CENTAUR40,	QPC Merge Items	THREADED P/N 918567C1	Finished good			
Each		KOL	20-70-91-188-A	O-RING PART NO. : 918665C1	15	0	0	0	0	0	0		0	0	W2K-00-DR-18	( SOLAR TURBINE - 918665C1 - NULL),	.83	Active		1	USD	18-JUN-03		MT00.TURE.0000,MESC,	GTIN-SOLAR-CENTAUR40,			Finished good			
Each		KOL	20-70-91-190-A	RELAY POWER 100AMPS 28VDC COIL <CUTLER-HAMMER> CLASS A8,MS24182-D1, P/N: 6042H166, NEW P/N: 6042H166-2   SOLAR P/N: 918693C1	1	0	1	0	0	0	0		0	0	W2K-08-0D-04	( SOLAR TURBINE - 918693C1 - NULL),	23.05	Active		23	USD	18-JUN-03		MT00.TURE.0000,MESC,	GTIN-SOLAR-CENTAUR40,			Finished good			
Each		KOL	20-70-91-192-A	CAPACITOR PART NO. : 918832C1	2	0	0	0	0	0	0		0	0	W2K-00-DR-18	( SOLAR TURBINE - 918832C1 - NULL),	.32	Active		0	USD	18-JUN-03		MT00.TURE.0000,MESC,	GTIN-SOLAR-CENTAUR40,			Finished good			
Each		KOL	20-70-91-194-A	METER TURBINE TEMP 	2	1	2	0	0	0	0		0	0	W2K-08-0D-04	( SOLAR TURBINE - 919126C1 - NULL),	256.385	Active		502	USD	18-JUN-03		MT00.TURE.0000,MESC,	GTIN-SOLAR-CENTAUR40,			Finished good			
Each		KOL	20-70-91-196-A	CABLE,IGNITION SEE MEC.20-70-91-340. PART NO. : 919340C-2	2	1	2	0	0	0	0		0	0	W2D-60-0A-03	( SOLAR TURBINE - 919340C-2 - NULL),	453.82629013152483065	Active		500	USD	18-JUN-03		MT00.TURE.0000,MESC,	GTIN-SOLAR-CENTAUR40,			Finished good			
Each		KOL	20-70-91-198-A	HORN (NON EP) PART NO. : 919705C1	1	0	0	0	0	0	0		0	0	W2D-60-0A-03	( SOLAR TURBINE - 919705C1 - NULL),	230.2	Active		230	USD	18-JUN-03		MT00.TURE.0000,MESC,	GTIN-SOLAR-CENTAUR40,			Finished good			
Each		KOL	20-70-91-200-A	COUPLING PART NO. : 91976C1	1			0	0	0	0		0	0	W2D-60-0A-04	( SOLAR TURBINE - 91976C1 - NULL),	416.59	Active		417	USD	18-JUN-03		MT00.TURE.0000,MESC,	GTIN-SOLAR-CENTAUR40,			Finished good			
Each		KOL	20-70-91-204-A	COUPLING,FLEXABLE PF:SOLAR TURBINE MODEL CENTUAR 40      (UNITS A,B,C) PART NO. : 918204C1 	3	0	1	0	0	0	0		0	0	W2D-60-0A-04	( SOLAR TURBINE - 918204C1 - NULL),	175.230001184928866666666666666666666667	Active		172	USD	29-MAY-06		MT00.TURE.0000,MESC,	GTIN-SOLAR-CENTAUR40,						
Each		KOL	20-70-91-217-A	BEARING PART NO. : 918217C1	2	1	2	0	0	0	0		0	0	W2D-60-0A-04	( SOLAR TURBINE - 918217C1 - NULL),	206.045	Active		210	USD	25-MAY-04		MT00.TURE.0000,MESC,	GTIN-SOLAR-CENTAUR40,						
Each		KOL	20-70-91-219-A	RING,RETAINER PART NO. : 918219C1	2	1	2	0	0	0	0		0	0	W2D-60-0A-05	( SOLAR TURBINE - 918219C1 - NULL),	4.615	Active		5	USD	25-MAY-04		MT00.TURE.0000,MESC,	GTIN-SOLAR-CENTAUR40,						
Each		KOL	20-70-91-221-A	VALVE,REGULATOR <P/N:918322C1 <P/F SOLAR CENTAUR TURBO GENERATOR <MODE:GS-40 DUAL FUEL <MFG:SOLAR	0			0	0	0	0		0	0			0	Inactive		1030	USD	11-MAY-04		MISC.MISC.MISC,	GTIN-SOLAR-TAURUS60,GTIN-SOLAR-CENTAUR40,						
Each		KOL	20-70-91-316-A	CAP,  PN: 915316C1 PF: PM & CM OF THREE "TAURUS 60 MPU" GAS TURBINE	2	1	2	0	0	0	0		0	0	W2D-60-0A-05	( SOLAR TURBINE - 915316C1 - NULL),	6.285	Active		8	USD	18-MAR-08		MT00.TURE.0000,MESC,	GTIN-SOLAR-CENTAUR40,GTIN-SOLAR-TAURUS60,GTIN-SOLAR-TAURUS60,	QPC Merge Items	CAP, P/N. 915316C1				
Each		KOL	20-70-91-380-A	VALVE,SOLENOID <VERSA>P/N:3.307.123 PART NO. : 910380C4	2	1	2	0	0	0	0		0	-1	W2D-60-0A-05	( SOLAR TURBINE - 910380C4 - NULL),	248.574343333333333333333333333333333333	Active		250	USD	18-JUN-03		MT00.TURE.0000,MESC,	GTIN-SOLAR-TAURUS60,GTIN-SOLAR-CENTAUR40,	QPC Merge Items	VALVE, SOLENOID P/N:- 910380C4	Finished good			
Each		KOL	20-70-91-401-A	SEAL,METALLIC <P/F SOLAR CENTAUR TURBO GENERATOR <MODE:GS-40 DUAL FUEL 	0	0	0	0	0	0	0		0	0	W2K-08-0D-06	( SOLAR TURBINE - 912740C1 - NULL),	17.89182	Active		18	USD	10-MAY-04		MT00.TURE.0000,MESC,	GTIN-SOLAR-TAURUS60,GTIN-SOLAR-CENTAUR40,GTIN-SOLAR-TAURUS60,						
Each		KOL	20-70-91-425-A	BOLT PART NO. : 964681C1,915425C1 SET = 4 EACH	2	1	2	0	0	0	0		0	0	W2D-61-0A-01	( SOLAR TURBINE - 915425C1 - NULL),( SOLAR TURBINE - 964681C1 - NULL),	4.105	Active		4	USD	25-MAY-04		MT00.TURE.0000,MESC,	GTIN-SOLAR-CENTAUR40,						
Each		KOL	20-70-91-500-A	SEAL,OIL DOUBLE LIP 	2	1	2	0	0	0	0		0	0	W2D-00-DR-03	( SOLAR TURBINE - 915005C1 - NULL),	6.9	Active		7	USD	18-JUN-03		MT00.TURE.0000,MESC,	GTIN-SOLAR-CENTAUR40,			Finished good			
Each		KOL	20-70-91-505-A	ELBOW 3" 45 LR, SO 40, SC B PART NO. : 915055C1	2	1	2	0	0	0	0		0	0	W2D-61-0A-01	( SOLAR TURBINE - 915055C1 - NULL),	14.9773954081627536075	Active		15	USD	18-JUN-03		MT00.TURE.0000,MESC,	GTIN-SOLAR-CENTAUR40,			Finished good			
Each		KOL	20-70-91-523-A	CYLINDER HYDRAULIC <CYL-901> PART NO. : 915233C1	1	0	1	0	0	0	0		0	0	W2D-61-0A-01	( SOLAR TURBINE - 915233C1 - NULL),	765.74	Active		766	USD	18-JUN-03		MT00.TURE.0000,MESC,	GTIN-SOLAR-CENTAUR40,			Finished good			
Each		KOL	20-70-91-553-A	KIT ELEMENTS&GASKETS <NEW P/N:912555C3 <OLD  P/N:912555C2 <P/F SOLAR CENTAUR TURBO GENERATOR <MODE:GS-40 DUAL FUEL <MFG:SOLAR SEE : M E C 20-70-91-125-A	18	15	30	0	0	14	14		12	11	W1H-08-0C-06	( SOLAR TURBINE - 912555C3 - NULL),	146.72512195122	Active		132	USD	12-MAY-04		MT00.TURE.0000,MESC,	GTIN-SOLAR-CENTAUR40,GTIN-SOLAR-TAURUS60,	QPC Merge Items	FILTER ELEMENT LIQUID FUEL P/N: 912555C3				
Each		KOL	20-70-91-560-A	IGNITION,EXCITER SEE MESC : 20-70-91-180-A	0			0	0	0	0		0	0		( SOLAR TURBINE -  917560C2 - NULL),( SOLAR TURBINE - 917560C2 - NULL),	0	Inactive		310	USD	19-NOV-03		MISC.MISC.MISC,MESC,	GTIN-SOLAR-CENTAUR40,			Finished good			
Each		KOL	20-70-91-578-A	BOLT, 1/4-28 X 0.75 PART NO. : 915789C1	57	10	20	0	0	0	0		0	0	W2D-61-0A-02	( SOLAR TURBINE - 915789C1 - NULL),	.9201733333333333333333333333333333333333	Active		1	USD	18-JUN-03		MT00.TURE.0000,MESC,	GTIN-SOLAR-TAURUS60,GTIN-SOLAR-TAURUS60,GTIN-SOLAR-CENTAUR40,	QPC Merge Items	FS-BOLT .25-28X0.75 1000F P/N:- 915789C1	Finished good			
Each		KOL	20-70-91-579-A	LOCK NUT, 1/4-28 PART NO. : 915790C1	52	10	20	0	0	0	0		0	0	W2D-61-0A-02	( SOLAR TURBINE - 915790C1 - NULL),	2.02961538461538461538461538461538461538	Active		2	USD	18-JUN-03		MT00.TURE.0000,MESC,	GTIN-SOLAR-TAURUS60,GTIN-SOLAR-TAURUS60,GTIN-SOLAR-CENTAUR40,	QPC Merge Items	FS-LOCKNUT 1/4-28 UNJF-3B SST P/N.915790C1 (PK=6EA)	Finished good			
Each		KOL	20-70-91-581-A	BOLT,HEX HEAD,375" 16X1.25" PF:SOLAR TURBO.MODEL:GS-40 DUAL FUEL PART NO. : 912358C1	57			0	0	0	0		0	0	W2D-61-0A-02	( SOLAR TURBINE - 912358C1 - NULL),	3.24	Active		97	USD	10-MAY-04		MT00.TURE.0000,MESC,	GTIN-SOLAR-CENTAUR40,GTIN-SOLAR-TAURUS60,						
Each		KOL	20-70-91-635-A	SKID BUZZER AH398-42 MFG: FEDERAL SIGNAL CORP. SUP. SOLAR TURBINES PART NO. : 918635C1	0	0	0	0	0	0	0		0	0		( SOLAR TURBINE - 918635C1 - NULL),	0	Inactive		1229	USD	19-NOV-03		MISC.MISC.MISC,MESC,	GTIN-SOLAR-CENTAUR40,			Finished good			
Each		KOL	20-70-91-700-A	CLAMP, PN: 912700C1 PF: PM & CM OF THREE "TAURUS 60 MPU" GAS TURBINE	12	2	4	0	0	0	0		0	0	W2D-61-0A-02	( SOLAR TURBINE - 912700C1 - NULL),	4.3725	Active		1	USD	18-MAR-08		MT00.TURE.0000,MESC,	GTIN-SOLAR-TAURUS60,GTIN-SOLAR-TAURUS60,GTIN-SOLAR-CENTAUR40,						
Each		KOL	20-70-91-711-A	V-BOLT, W/NUTS NO. 10-32X0.75,  PN: 912711C1 PF: PM & CM OF THREE "TAURUS 60 MPU" GAS TURBINE	4	2	4	0	0	0	0		0	0	W2D-61-0A-03	( SOLAR TURBINE - 912711C1 - NULL),	99.7125	Active		1	USD	18-MAR-08		MT00.TURE.0000,MESC,	GTIN-SOLAR-CENTAUR40,GTIN-SOLAR-TAURUS60,GTIN-SOLAR-TAURUS60,						
Each		KOL	20-70-91-721-A	SEALENT,SILICON MFG: DOW CORNING   RTV SEALANT 732 MULTI PURPOSE SEALANT PART NO. : 917212C1 SEE:SG M-E-C 83-10-75-051-A	0	0	0	0	0	0	0		0	0	W1A-15-0B-05	( SOLAR TURBINE - 917212C1 - NULL),	39.2347323551110745	Active		33	USD	09-AUG-03		MT00.TURE.0000,	GTIN-SOLAR-CENTAUR40,			Finished good			
Each		KOL	20-70-91-740-A	SEAL METALLIC PF : SOLAR TURBINE TG.1601.D 	15	5	10	0	0	0	1		0	0	W2D-61-0A-03	( SOLAR TURBINE - 912740C1 - NULL),	17.89182	Active		17	USD	18-JUN-03		MT00.TURE.0000,MESC,	GTIN-SOLAR-CENTAUR40,GTIN-SOLAR-TAURUS60,	QPC Merge Items	SEAL METALIC, THREADED BOSS P/N: 912740C1	Finished good			
Each		KOL	20-70-91-777-A	SENSOR,TEMPERATURE,LUBEOIL PF.SOLAR TURBINE TYPE MARS 100 MODEL        2 YEARS SPARE PARTS FOR QASR COMPRESSION STATION PART NO. : 918777C1 NEW P/N:918777C2 MFG:SOLAR TURBINE	3	2	4	0	0	0	0		0	0	W2D-61-0A-03	( SOLAR TURBINE - 918777C1 - NULL),	221.31	Active		221	USD	12-MAY-04		MT00.TURE.0000,MESC,	GTIN-SOLAR-CENTAUR40,	QPC Merge Items	SENSOR TEMPERATURE,RTD P/N 918777C1	Finished good			
Each		KOL	20-70-91-780-A	SLEEVE  QUILL PART NO. : 917804C1	3	1	2	0	0	0	0		0	0	W2D-61-0A-04	( SOLAR TURBINE - 917804C1 - NULL),	734.1	Active		734	USD	18-JUN-03		MT00.TURE.0000,MESC,	GTIN-SOLAR-CENTAUR40,			Finished good			
Each		KOL	20-70-91-781-A	COUPLING SPLINED CLUTCH PART NO. : 917805C1	3	1	2	0	0	0	0		0	0	W2D-61-0A-04	( SOLAR TURBINE - 917805C1 - NULL),	.01	Active		0	USD	18-JUN-03		MT00.TURE.0000,MESC,	GTIN-SOLAR-CENTAUR40,			Finished good			
Each		KOL	20-70-91-782-A	SLEEVE CLUTCH PART NO. : 917806C1	2	1	2	0	0	0	0		1	0	W2D-61-0A-04	( SOLAR TURBINE - 917806C1 - NULL),	851.34	Active		851	USD	18-JUN-03		MT00.TURE.0000,MESC,	GTIN-SOLAR-CENTAUR40,GTIN-SOLAR-TAURUS60,			Finished good			
Each		KOL	20-70-91-783-A	COUPLING SPLING CLUTCH PART NO. : 917807C1	3	1	2	0	0	0	0		0	0	W2D-61-0A-04	( SOLAR TURBINE - 917807C1 - NULL),	376.46	Active		376	USD	18-JUN-03		MT00.TURE.0000,MESC,	GTIN-SOLAR-TAURUS60,GTIN-SOLAR-CENTAUR40,			Finished good			
Each		KOL	20-70-91-821-A	WASHER,SPRING PART NO. : 918218C1	2	1	2	0	0	0	0		0	0	W2D-61-0A-05	( SOLAR TURBINE - 918218C1 - NULL),	11.8	Active		12	USD	25-MAY-04		MT00.TURE.0000,MESC,	GTIN-SOLAR-CENTAUR40,						
Each		KOL	20-70-91-832-A	REGULATOR  P/F : CENTAUR GAS TURBINE SOLAR T.G 4500 GENERATOR 3PH, 50HZ,6-LEAD  3300 VOLT MAX SUPPLY 250 PSIG  MAX OUT PUT 150 PSIG	3	2	3	0	0	1	0		1	0	W2D-61-0A-05	( SOLAR TURBINE - 1053557-2 - Active),( SOLAR TURBINE - 918322C1 - In-Active),( FAIRCHILD - 1536AT - In-Active),	1184.489087801261098000000000000000000001	Active		1110	USD	18-JUN-03		MT00.TURE.0000,MESC,	GTIN-SOLAR-CENTAUR40,			Finished good			
Each		KOL	20-70-91-833-A	ROD END L.M PART NO. : 918338C2	5	0	0	0	0	0	0		0	0	W2D-00-DR-03	( SOLAR TURBINE - 918338C2 - NULL),	9.54	Active		10	USD	18-JUN-03		MT00.TURE.0000,MESC,	GTIN-SOLAR-CENTAUR40,	QPC Merge Items	ROD END OF FUEL ACTUATOR P/N :- 918338C2	Finished good			
Each		KOL	20-70-91-833-B	ROD END L.M PART NO. : 918338C2	0			0	0	0	0		0	0			6.86	Active		10	USD	27-SEP-10		MT00.TURE.0000,	GTIN-SOLAR-CENTAUR40,			Finished good			
Each		KOL	20-70-91-837-A	RESISTOR KIT PART NO. : 919837C1	3	0	0	0	0	0	0		0	0	W2D-00-DR-03	( SOLAR TURBINE - 919837C1 - NULL),	241.16	Active		241	USD	18-JUN-03		MT00.TURE.0000,MESC,	GTIN-SOLAR-CENTAUR40,			Finished good			
Each		KOL	20-70-91-862-A	WASHER BEVELLED .50" DIA BOLT PART NO. : 918626C1	25	10	20	0	0	0	0		0	0	W2D-00-DR-03	( SOLAR TURBINE - 918626C1 - NULL),	.41	Active		0	USD	18-JUN-03		MT00.TURE.0000,MESC,	GTIN-SOLAR-CENTAUR40,			Finished good			
Each		KOL	20-70-91-865-A	JOINT TUBE  PART NO. : 918865C1 MFG : FLEXMASTER	2	1	2	0	0	0	0		0	0	W2D-61-0B-01	( SOLAR TURBINE - 918865C1 - NULL),	44.99	Active		45	USD	18-JUN-03		MT00.TURE.0000,MESC,	GTIN-SOLAR-CENTAUR40,			Finished good			
Each		KOL	20-70-91-880-A	SENSOR TEMPRATURE RESISTANCE P/N: 918801C1 TO BE USED FOR : SALAM GAS TURBINES TR1&2 ,  TR3&4  AND QASR COMPRESSION STATION SPARE PARTS FOR QASR COMPRESSION STATION 	2	1	2	0	0	0	0		2	0	W2D-61-0B-01	( SOLAR TURBINE - 2105288-37 - Active),( SOLAR TURBINE - 918801C1 - In-Active),	224.1906119740740275	Active		208	USD	18-JUN-03	*	MT00.TURE.0000,MESC,	GTIN-SOLAR-CENTAUR40,GTIN-SOLAR-TAURUS60,EGTD-SOLAR-MARS100,	QPC Merge Items	TEMPERATURE SENSOR P/N:- 918801-C1	Finished good			
Each		KOL	20-70-91-981-A	VALVE,CHECK ,1IN 125 SWP,200 CWP PART NO. : 915498C1 MFG:SOLAR TURBINE P/F:GAS TURBINE & MODEL: TURBINE MODEL MARS 100          2 YEARS SPARE PARTS FOR QASR COMPRESSION STATION	0	0	0	0	0	0	0		0	0	W1A-15-0B-07	( SOLAR TURBINE - 915498C1 - NULL),	0	Inactive		60	USD	12-MAY-04		MISC.MISC.MISC,MESC,	GTIN-SOLAR-CENTAUR40,GTIN-SOLAR-TAURUS60,	QPC Merge Items	VALVE CHECK SWING 1.0NPT FEMAL P/N 915498C1	Finished good			
Each		KOL	20-70-91-991-A	CLAMP,  PN: 918399C1 PF: PM & CM OF THREE "TAURUS 60 MPU" GAS TURBINE	8	2	4	0	0	0	0		0	0	W2D-61-0B-02	( SOLAR TURBINE - 918399C1 - NULL),	7.2475	Active		1	USD	18-MAR-08		MT00.TURE.0000,MESC,	GTIN-SOLAR-TAURUS60,GTIN-SOLAR-TAURUS60,GTIN-SOLAR-CENTAUR40,						
Each		KOL	20-70-93-212-A	WASHER PART NO. : 9320-12	25	1	2	0	0	0	0		0	0	W2D-61-0B-02	( SOLAR TURBINE - 9320-12 - NULL),	.3528	Active		0	USD	26-MAY-04		MT00.TURE.0000,MESC,	GTIN-SOLAR-CENTAUR40,						
Each		KOL	20-70-93-217-A	WASHER PART NO. : 9320-17	8	1	2	0	0	0	0		0	0	W2D-61-0B-02	( SOLAR TURBINE - 9320-17 - NULL),	7.61	Active		8	USD	26-MAY-04		MT00.TURE.0000,MESC,	GTIN-SOLAR-CENTAUR40,						
Each		KOL	20-70-93-320-A	WASHER	0			0	0	0	0		0	0			0	Inactive			USD	25-MAY-04		MISC.MISC.MISC,	GTIN-SOLAR-CENTAUR40,						
Each		KOL	20-70-94-224-A	VALVE,SOLENOID 1/4",24 VDC,200 PSI N.O. EXP.PROOF (VERSA PN#ESM-8012-3322C) PART NO. : 904975C4	4	0	0	0	0	0	0		0	0	W2D-61-0B-03	( VERSA VALVES - ESM-8012-3322C - NULL),( SOLAR TURBINE - 904975C4 - NULL),	155.02	Active		155	USD	18-JUN-03		MT00.TURE.0000,MESC,	GTIN-SOLAR-CENTAUR40,			Finished good			
Each		KOL	20-70-94-523-A	O-RING, SEAL OIL TRAP PART NO. : 945233C1	4	1	2	0	0	0	0		0	0	W2K-00-DR-18	( SOLAR TURBINE - 945233C1 - NULL),	1.94	Active		2	USD	18-JUN-03		MT00.TURE.0000,	GTIN-SOLAR-CENTAUR40,			Finished good			
Each		KOL	20-70-94-536-A	SC-LEVER AC PART NO. : 945236C3	5	1	2	0	0	0	0		0	0	W2D-61-0B-03	( SOLAR TURBINE - 945236C3 - NULL),	164.59	Active		165	USD	18-JUN-03		MT00.TURE.0000,MESC,	GTIN-SOLAR-CENTAUR40,			Finished good			
Each		KOL	20-70-94-563-A	VALVE,SOLENOID 1/4",24 VDC,10-1200 PSI BRASS BODY,(ASCO PN#HPX8223A26-09994) PART NO. : 946563C2 (1032226-101)	0	0	0	0	0	0	0		0	0	W1H-08-0C-03	( SOLAR TURBINE - 1032226-101 - NULL),( SOLAR TURBINE - 946563C2  - NULL),	939.1191410232181	Active		1332	USD	18-JUN-03		MT00.TURE.0000,MESC,	GTIN-SOLAR-CENTAUR40,			Finished good			
Each		KOL	20-70-94-563-B	VALVE,SOLENOID 1/4",24 VDC,10-1200 PSI BRASS BODY,(ASCO PN#HPX8223A26-09994) PART NO. : 946563C2 (1032226-101)	0			0	0	0	0		0	0		( SOLAR TURBINE - 946563C2 (1032226-101) - NULL),	0	Inactive			USD	18-JUN-03		MISC.MISC.MISC,	GTIN-SOLAR-CENTAUR40,			Finished good			
Each		KOL	20-70-94-573-A	PUMP/MOTOR LUBE(IHP/20GPM) PART NO. : 945733C2	1	0	1	0	0	0	0		0	0	W2D-61-0B-03	( SOLAR TURBINE - 945733C2 - NULL),	24921.670393576175	Active		25570	USD	18-JUN-03		MT00.TURE.0000,MESC,	GTIN-SOLAR-CENTAUR40,			Finished good			
Each		KOL	20-70-94-573-B	PUMP/MOTOR LUBE(IHP/20GPM) PART NO. : 945733C2	0			0	0	0	0		0	0		( SOLAR TURBINE - 945733C2 - NULL),	0	Inactive			USD	18-JUN-03		MISC.MISC.MISC,	GTIN-SOLAR-CENTAUR40,			Finished good			
Each		KOL	20-70-94-589-A	GASKET PN/945896C2	0	0	0	0	0	0	0		0	0	W1A-18-0B-09	( SOLAR TURBINE - 945896C2 - NULL),	0	Inactive			USD	19-OCT-03		MISC.MISC.MISC,	GTIN-SOLAR-CENTAUR40,						
Each		KOL	20-70-94-603-A	RELAY,8 PIN ROUND,<DELTROL CONTROL> 105T,DPDT,10A,COIL 10K OHM,P/N:2296-60 PART NO. : 946035C1	1	0	1	0	0	0	0		0	0	W2D-00-DR-03	( SOLAR TURBINE - 2296-60 - NULL),( SOLAR TURBINE - 946035C1 - NULL),	6.06	Active		6	USD	18-JUN-03		MT00.TURE.0000,MESC,	GTIN-SOLAR-CENTAUR40,			Finished good			
Each		KOL	20-70-94-606-A	RELAY,11 PIN (ROUND),<DELTROL CONTROL> 105,3PDT,10A,COIL 120VAC,P/N:20110-84 PART NO. : 946036C1	1	0	1	0	0	0	0		0	0	W2D-00-DR-03	( SOLAR TURBINE - 946036C1 - NULL),	44.06	Active		44	USD	18-JUN-03		MT00.TURE.0000,MESC,	GTIN-SOLAR-CENTAUR40,			Finished good			
Each		KOL	20-70-94-626-A	HOSE ASSY METAL FLEX PART NO. : 946268C1	2	1	2	0	0	0	0		0	0	W2D-61-0B-04	( SOLAR TURBINE - 946268C1 - NULL),	10.79	Active		11	USD	18-JUN-03		MT00.TURE.0000,MESC,	GTIN-SOLAR-CENTAUR40,			Finished good			
Each		KOL	20-70-94-656-A	VALVE,SOLENOID 1/4" 2-WAY,24 VDC, OIL,WATER 125 PSI,AIR 150 PSI,N.C.,BRASS BODY EXP.PROOF (ASCO PN#HT8262D46V) PART NO. : 186470-1	0	0	0	0	0	0	0		1	0	W2D-61-0D-02	( ASCO - HT8262D46V - NULL),( SOLAR TURBINE - 186470-1 - NULL),	146.28	Active		146	USD	18-JUN-03		MT00.TURE.0000,MESC,	GTIN-SOLAR-CENTAUR40,	QPC Merge Items	VALVE, SOLENOID P/N:- 186470-1	Finished good			
Each		KOL	20-70-94-658-A	VALVE,SOLENOID 1/4",2-WAY 24 VDC,356 PSI N.C.,BRASS BODY, EXP.PROOF,DIRECT ACTING OP. (ASCO PN#HT8262C201T) PART NO. : 946561C2	0	0	0	0	0	0	0		0	0	W1A-15-0C-02	( SOLAR TURBINE - 946561C2 - NULL),	129.445	Active		153	USD	18-JUN-03		MT00.TURE.0000,MESC,	GTIN-SOLAR-CENTAUR40,	QPC Merge Items	VALVE, SOLENOID P/N:- 946561C2 P/N:- 946561C1	Finished good			
Each		KOL	20-70-94-681-A	PUMP LUBE ENGING DRIVEN PART NO. : 946811C1	2	1	2	0	0	0	0		0	0	Y1H-03-0E-01	( SOLAR TURBINE - 946811C1 - NULL),	1969.71	Active		1970	USD	18-JUN-03		MT00.TURE.0000,	GTIN-SOLAR-CENTAUR40,			Finished good			
Each		KOL	20-70-94-684-A	SWITCH,DUAL HI OIL TEMP<AMOT CONTROL> MOD.4254A01R4AA00,1701180 FR,15A, 125-480 VAC PART NO. : 946847C2	2	1	2	0	0	0	0		0	0	W2D-61-0B-04	( SOLAR TURBINE - 946847C2 - NULL),	156.72	Active		157	USD	18-JUN-03		MT00.TURE.0000,MESC,	GTIN-SOLAR-CENTAUR40,			Finished good			
Each		KOL	20-70-94-704-A	OVER SPEED BOX ASSY, (NEW P.N.947042C93) PART NO. : 947042C92 NEW PN:1054415-2600	2	0	0	0	0	0	0		0	0	W1H-08-0C-07	( SOLAR TURBINE - 1054415-2600 - NULL),( SOLAR TURBINE - 947042C92 - NULL),( SOLAR TURBINE - 947042C93 - NULL),	3595.165512531393925	Active		1925	USD	18-JUN-03		MT00.TURE.0000,MESC,	GTIN-SOLAR-CENTAUR40,			Finished good			
Each		KOL	20-70-94-708-A	SENSOR SPEED NEW P\N.1060334-1. PART NO. : 947043C4	0	0	0	0	0	0	0	20-70-10-334-A  - Merge  ,	0	0	W2D-00-DR-03	( SOLAR TURBINE - 1060334-1. - NULL),( SOLAR TURBINE - 947043C4 - NULL),	483.84	Active		484	USD	18-JUN-03		MT00.TURE.0000,MESC,	GTIN-SOLAR-TAURUS60,GTIN-SOLAR-CENTAUR40,			Finished good			
Each		KOL	20-70-94-728-A	HOSE ASSY METAL FLEX PART NO. : 947283C1	2	1	2	0	0	0	0		0	0	W2D-61-0B-04	( SOLAR TURBINE - 947283C1 - NULL),	102.65	Active		103	USD	18-JUN-03		MT00.TURE.0000,MESC,	GTIN-SOLAR-CENTAUR40,			Finished good			
Each		KOL	20-70-94-736-A	VALVE,AXIAL FLOW,<AMERICAN METER CO.> MOD.02H7CS174,MAX PRESS 720 PSIG, BODY STEEL TRIM-174,TEMP.-20 TO +150F VALVE CV 64 PART NO. : 946736C1	2	0	0	0	0	0	0		0	0	W2D-61-0B-05	( SOLAR TURBINE - 946736C1 - NULL),	802.39	Active		802	USD	18-JUN-03		MT00.TURE.0000,MESC,	GTIN-SOLAR-CENTAUR40,			Finished good			
Each		KOL	20-70-94-805-A	VALVE,BALL<PBM>,PAT PEND SP-H-121V-1A FLUID NATURAL GAS , 300PSI,MOD. 15428.G.X.PROOF 300 PSIG,COIL H2024, 36 VOLT AMP.,24 VDC,NEMA 7,EXPLOSION PROOF ,HOUSING CLASS 1,GROUP C OR D PART NO. : 948054C1	2	1	2	0	0	0	0		0	0	W2D-61-0B-05	( SOLAR TURBINE - 948054C1 - NULL),	164.86	Active		165	USD	18-JUN-03		MT00.TURE.0000,MESC,	GTIN-SOLAR-CENTAUR40,			Finished good			
Each		KOL	20-70-94-807-A	ACTUATOR SERVO (HR-TEXTRON PN.26300172) PART NO. : 948092C2	0	0	0	0	0	0	0		0	0	W1A-15-0C-04	( SOLAR TURBINE - 948092C2 - NULL),	6906.31724	Active		6696	USD	18-JUN-03		MT00.TURE.0000,	GTIN-SOLAR-CENTAUR40,			Finished good			
Each		KOL	20-70-94-807-B	ACTUATOR SERVO (HR-TEXTRON PN.26300172) PART NO. : 948092C2	0			0	0	0	0		0	0	WH-1L1	( SOLAR TURBINE - 948092C2 - NULL),	0	Inactive			USD	18-JUN-03		MISC.MISC.MISC,	GTIN-SOLAR-CENTAUR40,			Finished good			
Each		KOL	20-70-94-809-A	POWER SUPPLY PART NO. : 948095C1	2	0	0	0	0	0	0		0	0	W2D-61-0B-05	( SOLAR TURBINE - 948095C1 - NULL),	40.58	Active		41	USD	18-JUN-03		MT00.TURE.0000,MESC,	GTIN-SOLAR-CENTAUR40,			Finished good			
Each		KOL	20-70-94-823-A	VALVE,SOLENOID 1/2",AIR ASSIST <ATKOMATIC VALVE CO.> 	0	0	0	0	0	0	0		0	0	W1A-15-0C-05	( SOLAR TURBINE - 948239C2 - NULL),	662.945	Active		959	USD	18-JUN-03		MT00.TURE.0000,MESC,	GTIN-SOLAR-CENTAUR40,			Finished good			
Each		KOL	20-70-94-943-A	FILTER,ELEMENT KIT  PF: SOLAR TURBINE TG .1601.D PART NO. : 949433C1	2	6	12	6	0	10	2		8	7	W2D-61-0C-01	( SOLAR TURBINE - 949433C1 - NULL),	24.74390351788232692	Active		20	USD	18-JUN-03		MT00.TURE.0000,MESC,	GTIN-SOLAR-TAURUS60,GTIN-SOLAR-CENTAUR40,	QPC Merge Items	ELEMENT KIT & ORING P/N: 949433C1	Finished good			
KIT		KOL	20-70-94-980-A	SEAL KIT,OIL REGULATOR PF:SOLAR TURBINS GAS AT POWER HOUSE  to be used for Solar C40 unit A,B,C  PART NO. : 949803C2	4	3	6	0	0	0	1		0	2	W2K-08-0D-04	( SOLAR TURBINE - 949803C-2 - NULL),	116.471374079935485615	Active		123	USD	18-JUN-03		MT00.TURE.0000,MESC,	GTIN-SOLAR-CENTAUR40,			Finished good			
Each		KOL	20-70-94-996-A	SLEEVE PART NO. : 949996C1	0	0	0	0	0	0	0		0	0	W2K-00-DR-18	( SOLAR TURBINE - 949996C1 - NULL),	4.51	Active		5	USD	18-JUN-03		MT00.TURE.0000,	GTIN-SOLAR-CENTAUR40,			Finished good			
Each		KOL	20-70-95-023-A	GASKET PART NO. : 950232C1	6	4	12	0	0	0	6		0	0	W2D-61-0C-01	( SOLAR TURBINE - 950232C1 - NULL),	155.448944235988708851010101010101010101	Active		131	USD	18-JUN-03		MT00.TURE.0000,MESC,	GTIN-SOLAR-TAURUS60,GTIN-SOLAR-CENTAUR40,	QPC Merge Items	GASKET, OF DRAIN LUBE OIL, P/N:- 950232C1	Finished good			
Each		KOL	20-70-95-039-A	FS-WASHER L PKG = 25 EACH PART NO. : 950394C1	23	0	10	0	0	0	0		0	0	W2D-61-0C-01	( SOLAR TURBINE - 950394C1 - NULL),	.32	Active		0	USD	18-JUN-03		MT00.TURE.0000,MESC,	GTIN-SOLAR-TAURUS60,GTIN-SOLAR-CENTAUR40,			Finished good			
Each		KOL	20-70-95-067-A	SEAL METAL 1.00 BOSS PART NO. : 950672C1	5	0	0	0	0	0	0		0	0	W2D-61-0C-02	( SOLAR TURBINE - 950672C1 - NULL),	1.4	Active		1	USD	18-JUN-03		MT00.TURE.0000,MESC,	GTIN-SOLAR-CENTAUR40,	QPC Merge Items	THREADED P/N 950672C1	Finished good			
Each		KOL	20-70-95-071-A	WASHER,LOCK 5/16 PART NO. : 950007C1 PF: PM & CM OF THREE "TAURUS 60 MPU" GAS TURBINE	25	4	8	0	0	0	0		0	0	W2D-61-0C-02	( SOLAR TURBINE - 950007C1 - NULL),	.5672	Active		0	USD	18-MAR-08		MT00.TURE.0000,MESC,	GTIN-SOLAR-TAURUS60,GTIN-SOLAR-CENTAUR40,GTIN-SOLAR-TAURUS60,			Finished good			
Each		KOL	20-70-95-120-A	REPIAR KIT,REGULATOR 	0	0	0	0	0	0	0	20-70-91-832-A  - Merge  ,	0	0	W2D-61-0E-01	( SOLAR TURBINE - 1053557-2 - NULL),( SOLAR TURBINE - 951120C1  - NULL),	1266.807690132861665	Active		1110	USD	18-JUN-03		MT00.TURE.0000,MESC,	GTIN-SOLAR-CENTAUR40,			Finished good			
KIT		KOL	20-70-95-132-A	REPIAR KIT,VALVE PART NO. : 951132C1	3	0	0	0	0	0	0		0	0	W2D-00-DR-03	( SOLAR TURBINE - 951132C1 - NULL),	18.38	Active		18	USD	18-JUN-03		MT00.TURE.0000,MESC,	GTIN-SOLAR-CENTAUR40,			Finished good			
Each		KOL	20-70-95-145-A	SEALING STRIP POCKET PART NO. : 951145C1	8	1	2	0	0	0	0		0	0	W2K-00-DR-18	( SOLAR TURBINE - 951145C1 - NULL),	1.3	Active		1	USD	18-JUN-03		MT00.TURE.0000,	GTIN-SOLAR-CENTAUR40,			Finished good			
Each		KOL	20-70-95-146-A	BUSHING PART NO. : 951146C1	2	0	0	0	0	0	0		0	0	W2D-00-DR-03	( SOLAR TURBINE - 951146C1 - NULL),	.38	Active		0	USD	18-JUN-03		MT00.TURE.0000,MESC,	GTIN-SOLAR-CENTAUR40,			Finished good			
Each		KOL	20-70-95-147-A	SEAL LIP PART NO. : 951147C1	2	0	0	0	0	0	0		0	0	W2D-00-DR-03	( SOLAR TURBINE - 951147C1 - NULL),	2.81	Active		3	USD	18-JUN-03		MT00.TURE.0000,MESC,	GTIN-SOLAR-CENTAUR40,			Finished good			
Each		KOL	20-70-95-148-A	BEARING,ROLLER,TAPERED PART NO. : 951148C1	2	0	0	0	0	0	0		0	0	W2D-00-DR-03	( SOLAR TURBINE - 951148C1 - NULL),	1.36	Active		1	USD	18-JUN-03		MT00.TURE.0000,MESC,	GTIN-SOLAR-CENTAUR40,			Finished good			
Each		KOL	20-70-95-149-A	BEARING,ROLLER PART NO. : 951149C1	2	0	0	0	0	0	0		0	0	W2D-00-DR-03	( SOLAR TURBINE - 951149C1 - NULL),	1.12	Active		1	USD	18-JUN-03		MT00.TURE.0000,MESC,	GTIN-SOLAR-CENTAUR40,			Finished good			
Each		KOL	20-70-95-150-A	SEAL GASKET PART NO. : 951150C1	6	0	0	0	0	0	0		0	0	W2K-00-DR-18	( SOLAR TURBINE - 951150C1 - NULL),	12.28	Active		12	USD	18-JUN-03		MT00.TURE.0000,MESC,	GTIN-SOLAR-CENTAUR40,			Finished good			
Each		KOL	20-70-95-152-A	SHAFT CONNECTING PART NO. : 951152C1	2	0	0	0	0	0	0		0	0	W2D-00-DR-03	( SOLAR TURBINE - 951152C1 - NULL),	3.63	Active		4	USD	18-JUN-03		MT00.TURE.0000,MESC,	GTIN-SOLAR-CENTAUR40,			Finished good			
Each		KOL	20-70-95-157-A	NUT, 1/2-13,  PN: 950157C1 PF: PM & CM OF THREE "TAURUS 60 MPU" GAS TURBINE	6	3	6	0	0	0	0		0	0	W2D-61-0C-02	( SOLAR TURBINE - 950157C1 - NULL),	6.30333	Active		1	USD	18-MAR-08		MT00.TURE.0000,MESC,	GTIN-SOLAR-CENTAUR40,GTIN-SOLAR-TAURUS60,GTIN-SOLAR-TAURUS60,						
Each		KOL	20-70-95-181-A	SEAL MOTOR SHAFT PART NO. : 951181C1	3	2	3	0	0	0	0		0	0	W2D-00-DR-03	( SOLAR TURBINE - 951181C1 - NULL),	.01	Active		0	USD	18-JUN-03		MT00.TURE.0000,MESC,	GTIN-SOLAR-CENTAUR40,			Finished good			
Each		KOL	20-70-95-232-A	<P/F SOLAR CENTAUR TURBO GENERATOR <MODE:GS-40 DUAL FUEL <MFG:SOLAR	0			0	0	0	0		0	0			0	Inactive			USD	13-MAY-04		MISC.MISC.MISC,	GTIN-SOLAR-CENTAUR40,GTIN-SOLAR-TAURUS60,						
Each		KOL	20-70-95-234-A	GASKET PART NO. : 950234C1	2	1	2	0	0	0	0		0	0	W2D-00-DR-03	( SOLAR TURBINE - 950234C1 - NULL),	33.25	Active		33	USD	18-JUN-03		MT00.TURE.0000,MESC,	GTIN-SOLAR-CENTAUR40,			Finished good			
Each		KOL	20-70-95-235-A	GASKET PART NO. : 950235C1	22	5	10	0	0	0	0		0	0	W2D-61-0C-02	( SOLAR TURBINE - 950235C1 - NULL),	80.78481569808866863636363636363636363636	Active		80	USD	18-JUN-03		MT00.TURE.0000,MESC,	GTIN-SOLAR-CENTAUR40,			Finished good			
Each		KOL	20-70-95-248-A	STUD <1.0-8 X 8.0> PART NO. : 980378C1 OLD <952482C1>	12	2	4	0	0	0	0		0	0	W2D-61-0C-03	( SOLAR TURBINE - 952482C1 - NULL),( SOLAR TURBINE - 980378C1 - NULL),	4.11	Active		4	USD	18-JUN-03		MT00.TURE.0000,MESC,	GTIN-SOLAR-CENTAUR40,			Finished good			
Each		KOL	20-70-95-288-A	CONTROL,HEAD,EP PART NO. : 954288C1	2	1	2	0	0	0	0		0	0	W2D-61-0C-03	( SOLAR TURBINE - 954288C1 - NULL),	1624.035	Active		1620	USD	11-MAY-04		MT00.TURE.0000,MESC,	GTIN-SOLAR-CENTAUR40,GTIN-SOLAR-TAURUS60,	QPC Merge Items	CONTROL HEAD EP P/N 954288C1				
Each		KOL	20-70-95-305-A	RESISTOR 49.9K OHM, 1W, 1% PART NO. : 953057C1	1	0	1	0	0	0	0		0	0	W2D-00-DR-03	( SOLAR TURBINE - 953057C1 - NULL),	.93	Active		1	USD	18-JUN-03	*	MT00.TURE.0000,MESC,	GTIN-SOLAR-CENTAUR40,			Finished good			
Each		KOL	20-70-95-308-A	METER, FREQUENCY P/F: 2 YEARS OPERATION S/P: FOR SOLAR TURBO GENERATORS 	0			0	0	0	0		0	0		( SOLAR TURBINE - 962308C1 - NULL),	0	Inactive		1139	USD	12-MAY-04		MISC.MISC.MISC,MESC,	GTIN-SOLAR-CENTAUR40,	QPC Merge Items	METER,FREQ.45-55HZ 120VAC P/N 962308C1	Finished good			
Each		KOL	20-70-95-341-A	VALVE PART NO. : 951341C1	2	1	2	0	0	0	0		0	0	W2D-00-DR-03	( SOLAR TURBINE - 951341C1 - NULL),	31.45	Active		31	USD	18-JUN-03		MT00.TURE.0000,MESC,	GTIN-SOLAR-CENTAUR40,	QPC Merge Items	REPAIR KIT, SOLENOID P/N 951341C1	Finished good			
Each		KOL	20-70-95-342-A	GASKET KIT PART NO. : 951342C1	2	1	2	0	0	0	0		0	0	W2D-00-DR-03	( SOLAR TURBINE - 951342C1 - NULL),	46.83379	Active		54	USD	18-JUN-03		MT00.TURE.0000,MESC,	GTIN-SOLAR-CENTAUR40,			Finished good			
Each		KOL	20-70-95-344-A	SWITCH,PRESSURE <DWYER> CAT. N511 0-200 MM OF WATER, 0-8 INCHES OF WATER (ICH PHOTOHELIC GAGE),24 VDC WITH CONECTION MICRO PLUG 7 POLE FEMALE & 4 SPADE TERMINAL INSULATED 	3	1	2	0	0	0	0		0	0	W2D-61-0C-04	( Donaldson - P12-5887 - NULL),( SOLAR TURBINE - 951344C1 - NULL),	771.5550224026227192	Active		775	USD	18-JUN-03		MT00.TURE.0000,MESC,	GTIN-SOLAR-CENTAUR40,GTIN-SOLAR-TAURUS60,	QPC Merge Items	SWITCH, PRESSURE SOLAR P/N:- 951344-C1	Finished good			
Each		KOL	20-70-95-349-A	MOTOR, OIL COOLER ENGINE,3PH MOD.B0056F1-F27MR,ENCL TFFG,3-5 HP, RPM 960-1150,FR 245T,NEMA DES. B,SF 115, 190/380 V,230/460 V,50/60 HZ <TOSHIBA> PART NO. : 951349C1	2	1	2	0	0	0	0		0	0	W1H-09-0A-01	( SOLAR TURBINE - 951349C1 - NULL),	3752.066663036060021777777777777777777767	Active		4309	USD	18-JUN-03		MT00.TURE.0000,MESC,	GTIN-SOLAR-CENTAUR40,	QPC Merge Items	MOTOR, lube oil cooler motor of old turbine P/N: 951349C1	Finished good			
Each		KOL	20-70-95-351-A	FAN PART NO. : 951351C1(NEW 967600C1)	2	1	2	0	0	0	0		0	0	W1H-08-0C-07	( SOLAR TURBINE - 951351C1 - NULL),( SOLAR TURBINE - 967600C1 - NULL),	1085.67807267600395765	Active		968	USD	18-JUN-03		MT00.TURE.0000,MESC,	GTIN-SOLAR-CENTAUR40,	QPC Merge Items	FAN, lube oil cooler fan of old turbine, P/N: 951351C1	Finished good			
Each		KOL	20-70-95-354-A	SPRING SEAT,SC PART NO. : 951354C1	2	1	2	0	0	0	0		0	0	W2D-00-DR-03	( SOLAR TURBINE - 951354C1 - NULL),	84.13	Active		84	USD	18-JUN-03		MT00.TURE.0000,MESC,	GTIN-SOLAR-CENTAUR40,			Finished good			
Each		KOL	20-70-95-413-A	WASHER, SOLAR  P/N: 954138C1 PK=2EA MFG: SOLAR TURBINES	1	0	1	0	0	0	0		0	0	W2D-61-0C-04	( SOLAR TURBINE - 954138C1 - NULL),	4.10833333333333333333333333333333333333	Active		3	USD	18-MAR-08		MT00.TURE.0000,MESC,	GTIN-SOLAR-TAURUS60,GTIN-SOLAR-TAURUS60,GTIN-SOLAR-CENTAUR40,						
KIT		KOL	20-70-95-445-A	ACTUATOR,SOLENOID,REPLACEMENT PF:SOLAR TURBO GENERATOR MODEL:GS-40 DUAL FUEL PART NO. : 951447C5	8	1	2	0	0	0	0		0	0	W2D-61-0C-05	( SOLAR TURBINE - 951447C5 - NULL),	157.22	Active		157	USD	29-APR-06		MT00.TURE.0000,MESC,	GTIN-SOLAR-TAURUS60,GTIN-SOLAR-CENTAUR40,	QPC Merge Items	ACTUATOR , SOLENOID REPLACEMENT, P/N:- 951447C5	Finished good			
KIT		KOL	20-70-95-446-A	KIT,SEALS PART NO. : 951446C1	2	1	2	0	0	0	0		0	1	W2D-00-DR-03	( SOLAR TURBINE - 951446C1 - NULL),	32.080044257268329	Active		31	USD	18-JUN-03		MT00.TURE.0000,MESC,	GTIN-SOLAR-CENTAUR40,			Finished good			
KIT		KOL	20-70-95-447-A	KIT PLUNGER AND "O" RINGS PART NO. : 951447C3	3	2	4	0	0	0	0		0	0	W2D-00-DR-03	( SOLAR TURBINE - 951447C3 - NULL),	1.88655	Active		157	USD	18-JUN-03	*	MT00.TURE.0000,MESC,	GTIN-SOLAR-TAURUS60,GTIN-SOLAR-CENTAUR40,			Finished good			
Each		KOL	20-70-95-457-A	FIRE EYE ELEMENT 	0	0	0	0	0	0	0		0	0	W2K-08-0D-06	( SOLAR TURBINE - 954857C2 - NULL),	1017.6	Active		1018	USD	18-JUN-03		MT00.TURE.0000,MESC,	GTIN-SOLAR-CENTAUR40,			Finished good			
Each		KOL	20-70-95-501-A	CAP, SOLAR P/N: 951250C1 <MFG: SOLAR TURBINES	2	1	2	0	0	0	0		0	0	W2D-61-0C-05	( SOLAR TURBINE - 951250C1 - NULL),	40.375	Active		39	USD	18-MAR-08		MT00.TURE.0000,MESC,	GTIN-SOLAR-CENTAUR40,GTIN-SOLAR-TAURUS60,GTIN-SOLAR-TAURUS60,						
Each		KOL	20-70-95-541-A	GASKET COUPLING <SOLAR P/N: 955354C1 <P/F: PM & CM OF THREE "TAURUS 60 MPU" GAS TURBINES	6	2	5	0	0	0	0		0	0	W2D-61-0C-05	( SOLAR TURBINE - 955354C1 - NULL),	65.955	Active		66	USD	20-MAY-08		MT00.TURE.0000,MESC,	GTIN-SOLAR-TAURUS60,GTIN-SOLAR-CENTAUR40,GTIN-SOLAR-TAURUS60,	QPC Merge Items	PRE POST, GASKET, P/N:- 955354C1				
Each		KOL	20-70-95-569-A	WASHER <1.0> PART NO. : 955693C1	24	2	4	0	0	0	0		0	0	W2D-61-0C-05	( SOLAR TURBINE - 955693C1 - NULL),	4.4	Active		4	USD	18-JUN-03		MT00.TURE.0000,MESC,	GTIN-SOLAR-CENTAUR40,			Finished good			
Each		KOL	20-70-95-611-A	GASKET PART NO. : 951611C1	6	2	5	0	0	0	0		0	0	W2D-00-DR-03	( SOLAR TURBINE - 951611C1 - NULL),	1.18	Active		1	USD	18-JUN-03		MT00.TURE.0000,MESC,	GTIN-SOLAR-CENTAUR40,			Finished good			
Each		KOL	20-70-95-731-A	BOLT, 5/16-18 X 0.625,  PN: 950373C1 PF: PM & CM OF THREE "TAURUS 60 MPU" GAS TURBINE	8	2	4	0	0	0	0		0	0	W2D-61-0D-01	( SOLAR TURBINE - 950373C1 - NULL),	6.8575	Active		1	USD	18-MAR-08		MT00.TURE.0000,MESC,	GTIN-SOLAR-CENTAUR40,GTIN-SOLAR-TAURUS60,GTIN-SOLAR-TAURUS60,						
Each		KOL	20-70-95-804-A	CLAMP GF-O PART NO. : 951804C1	2	1	2	0	0	0	0		0	0	W2D-61-0D-01	( SOLAR TURBINE - 951804C1 - NULL),	48.37	Active		48	USD	18-JUN-03		MT00.TURE.0000,MESC,	GTIN-SOLAR-CENTAUR40,			Finished good			
Each		KOL	20-70-95-833-A	RELAY,W/SOCKET <POTER & BRUMFIELD> SOCKET P/N:27E12,300V,15A. RELAY P/N:KUP-14D15-24,24VDC,3A,1/2 HP, 600VAC, 11LEG PART NO. : 951833C2	3	2	3	0	0	0	0		0	0	W2D-61-0D-01	( SOLAR TURBINE - 951833C2 - NULL),	97.51831242388755963333333333333333333333	Active		78	USD	18-JUN-03		MT00.TURE.0000,MESC,	GTIN-SOLAR-CENTAUR40,	QPC Merge Items	RELAY & SOCKET  P/N:951833C2  	Finished good			
Each		KOL	20-70-95-834-A	SWITCH,SELECTOR ON/OFF<CUTLER-HAMMER> PUBLICATION NO.20422 	1	1	2	1	0	0	1		1	0	W2D-61-0D-02	( SOLAR TURBINE - 1106729-301 - Active),( SOLAR TURBINE - 956074C1 - NULL),	38.76	Active		39	USD	18-JUN-03	*	MT00.TURE.0000,MESC,	GTIN-SOLAR-CENTAUR40,			Finished good			
Each		KOL	20-70-95-835-A	FUSE,250V. <BUSS> AGX1/4,GLASS PART NO. : 951834C1	19	5	10	0	0	0	0		0	0	W2K-00-DR-18	( SOLAR TURBINE - 951834C1 - NULL),	1.3	Active		1	USD	18-JUN-03		MT00.TURE.0000,MESC,	GTIN-SOLAR-CENTAUR40,			Finished good			
Each		KOL	20-70-95-857-A	HOSE ASSY ISOLATION 	1	0	1	0	0	0	0		0	0	W2D-61-0D-02	( SOLAR TURBINE - 957257C1 - Active),	317.78	Active		318	USD	18-JUN-03		MT00.TURE.0000,MESC,	GTIN-SOLAR-CENTAUR40,			Finished good			
Each		KOL	20-70-95-858-A	HOSE ASSY-ISOLATION PART NO. : 957258C1 NEW P/N: N20G0508D00	2	1	2	0	0	0	0		0	0	W2D-61-0D-02	( SOLAR TURBINE - 957258C1 - NULL),( SOLAR TURBINE - N20G0508D00 - NULL),	673.1475	Active		653	USD	18-JUN-03		MT00.TURE.0000,MESC,	GTIN-SOLAR-CENTAUR40,			Finished good			
Each		KOL	20-70-95-871-A	BOLT, 5/8-11 X 5.50,  PN: 950287C1 PF: PM & CM OF THREE "TAURUS 60 MPU" GAS TURBINE	8	2	4	0	0	0	0		0	0	W2D-61-0D-03	( SOLAR TURBINE - 950287C1 - NULL),	12.055	Active		1	USD	18-MAR-08		MT00.TURE.0000,MESC,	GTIN-SOLAR-TAURUS60,GTIN-SOLAR-TAURUS60,GTIN-SOLAR-CENTAUR40,						
Each		KOL	20-70-95-891-A	COUPLING <SOLAR P/N: 950889C1 <P/F: PM & CM OF THREE "TAURUS 60 MPU" GAS TURBINES	1	0	2	0	0	0	0		0	0	W2D-61-0D-03	( SOLAR TURBINE - 950889C1 - NULL),	172.11	Active		153	USD	20-MAY-08		MT00.TURE.0000,MESC,	GTIN-SOLAR-TAURUS60,GTIN-SOLAR-TAURUS60,GTIN-SOLAR-CENTAUR40,	QPC Merge Items	JOINT,PIPE,STRAIGHT,1.25  Part No.: 950889C1  				
Each		KOL	20-70-95-911-A	CAP,  PN: 952791C1 PF: PM & CM OF THREE "TAURUS 60 MPU" GAS TURBINE	4	2	4	0	0	0	0		0	0	W2D-61-0D-03	( SOLAR TURBINE - 952791C1 - NULL),	10.325	Active		1	USD	18-MAR-08		MT00.TURE.0000,MESC,	GTIN-SOLAR-TAURUS60,GTIN-SOLAR-CENTAUR40,						
Each		KOL	20-70-95-952-A	LAMP SEE MESC : 20-70-10-509-A	0	0	0	0	0	0	0		0	0	W1A-00-DR-09	( SOLAR TURBINE - 957952C1 - NULL),( SOLAR TURBINE - 1017509 - NULL),	9.66715	Inactive		9	USD	18-JUN-03		MISC.MISC.MISC,MESC,	GTIN-SOLAR-CENTAUR40,			Finished good			
Each		KOL	20-70-96-017-A	FLEX LOOP DISCHARGE HOSE 5/8" FITTING NPT MAX WP.3625 PSI  PART NO. : 961017C1 MFG:SOLAR TURBINE P/F:MODEL: TURBINE MODEL MARS 100          2 YEARS SPARE PARTS FOR QASR COMPRESSION STATION	1	0	1	0	0	0	0		0	0	W2D-61-0D-04	( SOLAR TURBINE - 961017C1 - NULL),	73.08	Active		73	USD	11-MAY-04		MT00.TURE.0000,MESC,	GTIN-SOLAR-CENTAUR40,GTIN-SOLAR-TAURUS60,	QPC Merge Items	FLEX LOOP DISCHARGE HOSE P/N 961017C1				
Feet		KOL	20-70-96-023-A	SEAL ENCLOSURE PART NO. : 960239C1	100	20	50	0	0	0	0		0	0	W1H-08-0C-07	( SOLAR TURBINE - 960239C1 - NULL),	.82	Active		158	USD	18-JUN-03		MT00.TURE.0000,MESC,	GTIN-SOLAR-CENTAUR40,	QPC Merge Items	EXTRUDED VINYL SEAL P/N:- 960239-C1	Finished good			
KIT		KOL	20-70-96-107-A	KIT,FILTER PART NO. : 961077C1	8	2	4	0	0	0	0		0	0	W2D-61-0D-04	( SOLAR TURBINE - 961077C1 - NULL),	169.030330058832170454545454545454545455	Active		181	USD	18-JUN-03		MT00.TURE.0000,MESC,	GTIN-SOLAR-CENTAUR40,			Finished good			
Each		KOL	20-70-96-121-A	VALVE,CHECK,.250" DIA ORIFICE <P/N:963712C1 <P/F SOLAR CENTAUR TURBO GENERATOR <MODE:GS-40 DUAL FUEL <MFG:SOLAR	0			0	0	0	0		0	0			0	Inactive		205	USD	11-MAY-04		MISC.MISC.MISC,	GTIN-SOLAR-CENTAUR40,GTIN-SOLAR-TAURUS60,						
KIT		KOL	20-70-96-150-A	KIT,VALVE OF 946561C2 PART NO. : 961502C1	4	2	4	0	0	0	0		0	0	W2D-00-DR-03	( SOLAR TURBINE - 961502C1 - NULL),	34.31	Active		34	USD	18-JUN-03		MT00.TURE.0000,MESC,	GTIN-SOLAR-CENTAUR40,	QPC Merge Items	REPAIR KIT P/N:- 961502C1	Finished good			
Each		KOL	20-70-96-157-A	REPAIR KIT PUMP PART NO. : 961517C1	3	0	0	0	0	0	0		0	0	W2D-00-DR-03	( SOLAR TURBINE - 961517C1 - NULL),	2899.95	Active		2900	USD	18-JUN-03		MT00.TURE.0000,MESC,	GTIN-SOLAR-CENTAUR40,			Finished good			
Each		KOL	20-70-96-192-A	PROBE,TEMPERATURE PF.SOLAR TURBINE TYPE MARS 100 	2	1	2	0	0	0	0		0	0	W2D-61-0D-04	( SOLAR TURBINE - 964192C1 - NULL),	218.735	Active		142	USD	20-OCT-17		MT00.TURE.0000,MESC,	EGTD-SOLAR-MARS100,GTIN-SOLAR-TAURUS60,	QPC Merge Items	RTD PROBE P/N964192C1	Finished good			
Each		KOL	20-70-96-211-A	SWITCH,RED PUSH BUTTON,(NO/NC) PF:SOLAR TURBO GEN.MODEL:GS-40 DUAL FUEL PART NO. : 969121C1	4	2	4	0	0	0	2		0	3	W2D-61-0D-05	( SOLAR TURBINE - 969121C1 - NULL),	240.766340625305228557142857142857142858	Active		281	USD	11-MAY-04		MT00.TURE.0000,MESC,	GTIN-SOLAR-CENTAUR40,GTIN-SOLAR-TAURUS60,						
Each		KOL	20-70-96-229-A	GASKET PART NO. : 962297C1	8	4	8	0	0	0	6		0	0	W2D-00-DR-03	( SOLAR TURBINE - 962297C1 - NULL),	7.786570100305191875	Active		7	USD	18-JUN-03		MT00.TURE.0000,MESC,	GTIN-SOLAR-CENTAUR40,			Finished good			
Each		KOL	20-70-96-241-A	GASKET 6", # 150 FUEL FACE <SOLAR P/N: 967924C1 <P/F: PM & CM OF THREE "TAURUS 60 MPU" GAS TURBINES	2	0	0	0	0	0	0		0	0	W2D-61-0D-05	( SOLAR TURBINE - 967924C1 - NULL),	121.123348463225648048611111111111111111	Active		103	USD	27-MAR-07		MT00.TURE.0000,MESC,	GTIN-SOLAR-TAURUS60,GTIN-SOLAR-TAURUS60,GTIN-SOLAR-CENTAUR40,	QPC Merge Items	GASKET, 6'', 150#, FULL FACE, P/N. 967924C1				
Each		KOL	20-70-96-272-A	CYLINDER, HYD IGV ACT <SOLAR P/N: 964527C2 <P/F: PM & CM OF THREE "TAURUS 60 MPU" GAS TURBINES	1	0	2	0	0	0	0		0	0	W2D-61-0E-01	( SOLAR TURBINE - 964527C2 - NULL),	792.49	Active		873	USD	20-MAY-08		MT00.TURE.0000,MESC,	GTIN-SOLAR-CENTAUR40,GTIN-SOLAR-TAURUS60,GTIN-SOLAR-TAURUS60,	QPC Merge Items	IGV CYLINDER, HYDRAULIC P/N 964527C2				
Each		KOL	20-70-96-285-A	LAMP BAYONET 7.5V,0.05A PART NO. : 962853C1	21	3	6	0	0	0	0		0	0	W2D-00-DR-03	( SOLAR TURBINE - 962853C1 - NULL),	2.808571429	Active		9	USD	18-JUN-03		MT00.TURE.0000,MESC,	GTIN-SOLAR-CENTAUR40,	QPC Merge Items	BAYONET LAMP P/N: 962853-C1	Finished good			
Each		KOL	20-70-96-306-A	NUT,LOCK PART NO. : 964306C1	2	1	2	0	0	0	0		0	0	W2D-61-0E-01	( SOLAR TURBINE - 964306C1 - NULL),	17.505	Active		18	USD	25-MAY-04		MT00.TURE.0000,MESC,	GTIN-SOLAR-TAURUS60,GTIN-SOLAR-CENTAUR40,						
Each		KOL	20-70-96-325-A	RIVET PART NO. : 963252C1	0	0	0	0	0	0	0		0	0	W2D-00-DR-03	( SOLAR TURBINE - 963252C1 - NULL),	.8876405177071212650042782055983376115389	Active		1	USD	18-JUN-03		MT00.ELEC.0000,MESC,	GTIN-SOLAR-CENTAUR40,			Finished good			
Each		KOL	20-70-96-391-A	SEAL,EXTRUDED <P/N:960239C1 <P/F SOLAR CENTAUR TURBO GENERATOR <MODE:GS-40 DUAL FUEL <MFG:SOLAR	0	0	0	0	0	0	0		0	0	WH-2L3	( SOLAR TURBINE - 960239C1 - NULL),	0	Inactive			USD	03-JUN-04		MISC.MISC.MISC,	GTIN-SOLAR-CENTAUR40,						
Each		KOL	20-70-96-403-A	INDICATOR,LIGHTED PART NO. : 964903C1	0	0	0	0	0	0	0		0	0		( SOLAR TURBINE - 964903C1 - NULL),	0	Inactive		7	USD	19-NOV-03		MISC.MISC.MISC,MESC,	GTIN-SOLAR-CENTAUR40,			Finished good			
Each		KOL	20-70-96-419-A	PROBE TEMPRATURE 	0	0	0	0	0	0	0	20-70-96-192-A  - Merge  ,	0	0	W1A-15-0D-08	( SOLAR TURBINE - 964192C1 - NULL),	221.825	Active		246	USD	18-JUN-03		MT00.TURE.0000,MESC,	GTIN-SOLAR-TAURUS60,GTIN-SOLAR-CENTAUR40,			Finished good			
Each		KOL	20-70-96-428-A	VALVE NEEDLE PART NO. : 964282C1	3	2	4	0	0	0	0		0	0	W2D-00-DR-03	( SOLAR TURBINE - 964282C1 - NULL),	129.056666667	Active		131	USD	18-JUN-03		MT00.TURE.0000,MESC,	GTIN-SOLAR-CENTAUR40,	QPC Merge Items	VALVE, NEEDLE P/N:- 964282C1	Finished good			
Each		KOL	20-70-96-471-A	SWITCH,PUSHBUTTON YELLOW PART NO. : 964719C1	0			0	0	0	0		0	0	W1A-15-0D-08	( SOLAR TURBINE - 964719C1 - NULL),	51.2	Active		51	USD	18-JUN-03		MT00.TURE.0000,	GTIN-SOLAR-CENTAUR40,			Finished good			
Each		KOL	20-70-96-490-A	BLOCK,MOUNTING,BARRIER SAFETY P/F:GAS TURBINES & MODEL: TURBINE MODEL MARS 100          2 YEARS SPARE PARTS FOR QASR COMPRESSION STATION	59	0	0	0	0	0	0		0	0	W2D-00-DR-03	( SOLAR TURBINE - 964904C1 - NULL),	1.35440677993220338983050847457627118645	Active		15	USD	18-JUN-03		MT00.TURE.0000,MESC,	GTIN-SOLAR-CENTAUR40,	QPC Merge Items	BARRIER,END P/N 964904C1	Finished good			
Each		KOL	20-70-96-491-A	BLOCK,MOUNTING,BARRIER SAFETY PART NO. : 964905C1 P/F:GAS TURBINES & MODEL: TURBINE MODEL MARS 100          2 YEARS SPARE PARTS FOR QASR COMPRESSION STATION MFG:SOLAR TURBINES	48	0	0	0	0	0	0		0	0	W2D-00-DR-03	( SOLAR TURBINE - 964905C1 - NULL),	1.09	Active		15	USD	18-JUN-03		MT00.TURE.0000,MESC,	GTIN-SOLAR-CENTAUR40,	QPC Merge Items	BARRIER,CENTER P/N 964905C1	Finished good			
Each		KOL	20-70-96-513-A	FUSE 10 AMP,125V  GLASS REF. 20-70-70-137 PART NO. : 963513C1	2	1	2	0	0	0	0		0	0	W2D-00-DR-03	( SOLAR TURBINE - 963513C1 - NULL),	.63	Active		1	USD	18-JUN-03		MT00.TURE.0000,MESC,	GTIN-SOLAR-CENTAUR40,	QPC Merge Items	FUSE, P/N. 963513C1	Finished good			
Each		KOL	20-70-96-591-A	PLUG,  PN: 962159C1 PF: PM & CM OF THREE "TAURUS 60 MPU" GAS TURBINE	4	2	4	0	0	0	0		0	0	W2D-61-0E-01	( SOLAR TURBINE - 962159C1 - NULL),	3.89	Active		1	USD	18-MAR-08		MT00.TURE.0000,MESC,	GTIN-SOLAR-TAURUS60,GTIN-SOLAR-CENTAUR40,						
Each		KOL	20-70-96-655-A	POT 10 TURN 5 WATT 200 OHM PART NO. : 965558C1	4	2	4	0	0	0	0		0	0	W2D-61-0E-02	( SOLAR TURBINE - 965558C1 - NULL),	158.385	Active		144	USD	18-JUN-03		MT00.TURE.0000,MESC,	GTIN-SOLAR-CENTAUR40,			Finished good			
Each		KOL	20-70-96-664-A	VALVE,RELIEF,0.375 IN PSI <CIRCLE SEAL CONTROL> MOD. 5159T-3MP-100 (CORONA) PART NO. : 967664C1 MFG:SOLAR TURBINES P/F:MODEL: TURBINE MODEL MARS 100          2 YEARS SPARE PARTS FOR QASR COMPRESSION STATION	1	0	1	0	0	1	1		0	0	W2D-00-DR-03	( SOLAR TURBINE - 967664C1 - Active),	499.178333333333	Active		489	USD	18-JUN-03	*	MT00.TURE.0000,MESC,	GTIN-SOLAR-TAURUS60,GTIN-SOLAR-TAURUS60,GTIN-SOLAR-CENTAUR40,	QPC Merge Items	VALVE, RELIEF P/N 967664C1	Finished good			
Each		KOL	20-70-96-671-A	POP RIVET ALUM 3/16" PART NO. : 967127C1	0			0	0	0	0		0	0		( SOLAR TURBINE - 967127C1 - NULL),	0	Inactive		0	USD	18-JUN-03		MISC.MISC.MISC,	GTIN-SOLAR-CENTAUR40,			Finished good			
Each		KOL	20-70-96-675-A	HOSE CAT FIRE SLV/METAL BRAID PART NO. : 967195C1	2	1	2	0	0	0	0		0	0	W1H-08-0C-07	( SOLAR TURBINE - 967195C1 - NULL),	52.07	Active		52	USD	18-JUN-03		MT00.TURE.0000,MESC,	GTIN-SOLAR-CENTAUR40,			Finished good			
Each		KOL	20-70-96-676-A	HOSE CAT FIRE SLV/METAL BRAID PART NO. : 967196-900	2	1	2	0	0	0	0		0	0	W1H-08-0C-07	( SOLAR TURBINE - 967196-900 - NULL),	37.59	Active		38	USD	18-JUN-03		MT00.TURE.0000,MESC,	GTIN-SOLAR-CENTAUR40,			Finished good			
Each		KOL	20-70-96-679-A	GASKET 4"  FULL FACE PART NO. : 967923C1	4	2	5	0	0	0	1		0	0	W2D-61-0E-02	( SOLAR TURBINE - 967923C1 - NULL),	35.006954716519081248	Active		52	USD	18-JUN-03		MT00.TURE.0000,MESC,	GTIN-SOLAR-CENTAUR40,			Finished good			
Each		KOL	20-70-96-691-A	GASKET,METALLIC 1/4" P/N: 967691C1 MODEL: TAURUS 60 S/N: TG05526, TG05527, TG05852 P/F: CONSUMABLE - 2 YRS MFG: SOLAR TURBINES INC	0	0	0	0	0	0	0		0	0		( SOLAR TURBINE - 967691C1 - NULL),	0	Inactive		50	USD	12-FEB-09		MISC.MISC.MISC,MESC,	GTIN-SOLAR-TAURUS60,GTIN-SOLAR-TAURUS60,GTIN-SOLAR-CENTAUR40,	QPC Merge Items	SEAL METALLIC, 1/4'' SAE O-RING P/N:- 967691C1				
Each		KOL	20-70-96-695-A	GASKET (3/4") PART NO. : 969005C1	8	0	0	0	0	0	0		0	0	W2D-00-DR-03	( SOLAR TURBINE - 969005C1 - NULL),	3.08	Active		3	USD	18-JUN-03		MT00.TURE.0000,MESC,	GTIN-SOLAR-CENTAUR40,			Finished good			
Each		KOL	20-70-96-698-A	GASKET PART NO. : 969008C1	5	2	5	0	0	0	0		0	0	W2D-61-0E-02	( SOLAR TURBINE - 969008C1 - NULL),	.5	Active		1	USD	18-JUN-03		MT00.TURE.0000,MESC,	GTIN-SOLAR-CENTAUR40,	QPC Merge Items	GASKET P/N 969008C1	Finished good			
Each		KOL	20-70-96-712-A	VALVE,CHECK <NUPRO>,MOD. 456261 P/N:SS-56E4 PART NO. : 963712C1	2	0	1	0	0	0	0		0	0	W2D-00-DR-03	( SOLAR TURBINE - 963712C1 - NULL),	185.6	Active		186	USD	18-JUN-03		MT00.TURE.0000,MESC,	GTIN-SOLAR-CENTAUR40,			Finished good			
Each		KOL	20-70-96-729-A	RECTIFIER NEW PN: 967629C1 PART NO. : 967666C1 (969629C1) NEW P/N:994401C1	2	1	2	0	0	0	0		0	0	W2D-61-0E-03	( SOLAR TURBINE - 967629C1 - NULL),( SOLAR TURBINE - 967666C1 - NULL),( SOLAR TURBINE - 969629C1 - NULL),	148.8635335802399135	Active		134	USD	18-JUN-03		MT00.TURE.0000,MESC,	GTIN-SOLAR-TAURUS60,GTIN-SOLAR-CENTAUR40,			Finished good			
Each		KOL	20-70-96-730-A	RECTIFIER PART NO. : 967630C1	2	1	2	0	0	0	0		0	0	W2D-00-DR-03	( SOLAR TURBINE - 967630C1 - NULL),	989.74	Active		990	USD	18-JUN-03		MT00.TURE.0000,MESC,	GTIN-SOLAR-CENTAUR40,			Finished good			
Each		KOL	20-70-96-795-A	HOSE PART NO. : 967952C1	7	2	4	0	0	0	0		0	0	W2D-61-0E-03	( SOLAR TURBINE - 967952C1 - NULL),	8.825414686687758	Active		9	USD	18-JUN-03		MT00.TURE.0000,MESC,	GTIN-SOLAR-CENTAUR40,GTIN-SOLAR-TAURUS60,	QPC Merge Items	HOSE ASSY..25X35X22IN. P/N 967952C1	Finished good			
Each		KOL	20-70-96-821-A	VALVE,NEEDLE 0.25T-0.12NPT <P/N:964282C1 <P/F SOLAR CENTAUR TURBO GENERATOR <MODE:GS-40 DUAL FUEL <MFG:SOLAR	0			0	0	0	0		0	0			0	Inactive		126	USD	11-MAY-04		MISC.MISC.MISC,	GTIN-SOLAR-CENTAUR40,						
Each		KOL	20-70-96-873-A	LAMP,24 VOLT,BAYONET <P/N:962873C1 <P/F SOLAR CENTAUR TURBO GENERATOR <MODE:GS-40 DUAL FUEL <MFG:SOLAR	0			0	0	0	0		0	0			0	Inactive			USD	07-JUN-04		MISC.MISC.MISC,	GTIN-SOLAR-CENTAUR40,						
Each		KOL	20-70-96-903-A	GASKET, FUEL NOZZLE ( 1PK=10 EA) 	52	70	100	40	0	40	53		50	58	W2D-61-0E-03	( SOLAR TURBINE - 969035C1 - Active),( SOLAR TURBINE - 912681C1 - In-Active),( SOLAR TURBINE - 969035C1  - NULL),	3.11351128802109372197088906372934697088	Active		2	USD	18-JUN-03	*	MT00.TURE.0000,MESC,	GTIN-SOLAR-TAURUS60,GTIN-SOLAR-CENTAUR40,			Finished good			
Each		KOL	20-70-96-908-A	CLAMP EXH COLLECTOR (T) <SOLAR P/N: 964908C1 <P/F: PM & CM OF THREE "TAURUS 60 MPU" GAS TURBINES	1	0	2	0	0	0	0		0	0	Y1S-01-0C-04	( SOLAR TURBINE - 964908C1 - NULL),	289.92	Active		282	USD	20-MAY-08		MT00.TURE.0000,MESC,	GTIN-SOLAR-TAURUS60,GTIN-SOLAR-CENTAUR40,	QPC Merge Items	EXHAUST BELLOW CLAMP FOR C-50 (EXHAUST SIDE)				
Each		KOL	20-70-96-921-A	SEAL,METALLIC PART NO. : 967692C1	6	3	6	0	0	0	0		0	0	W2D-00-DR-03	( SOLAR TURBINE - 967692C1 - NULL),	20.558333333	Active		20	USD	11-MAY-04		MT00.TURE.0000,MESC,	GTIN-SOLAR-CENTAUR40,GTIN-SOLAR-TAURUS60,	QPC Merge Items	SEAL, METALLIC 3/8" SAE O-RING P/N:- 967692C1	Finished good			
Each		KOL	20-70-96-931-A	SEAL,METALLIC,3/4",SAE O-RING PF:SOLAR TURBO:MODEL:SG-40 DUAL FULE PART NO. : 967693C1	3	1	2	0	0	0	0		0	0	W2D-00-DR-03	( SOLAR TURBINE -  967693C1 - NULL),	113.16698	Active		112	USD	10-MAY-04		MT00.TURE.0000,MESC,	GTIN-SOLAR-TAURUS60,GTIN-SOLAR-CENTAUR40,	QPC Merge Items	SEAL,METALLIC P/N 967693C1				
Each		KOL	20-70-96-933-A	O-RING SEAL 1.0" FITTING PART NO. : 969332C1	9	2	5	0	0	0	0		0	0	W2K-00-DR-18	( SOLAR TURBINE - 969332C1 - NULL),	2.23	Active		2	USD	18-JUN-03		MT00.TURE.0000,MESC,	GTIN-SOLAR-CENTAUR40,			Finished good			
Each		KOL	20-70-96-980-A	FUSE 10A PART NO. : 962980C1	3	1	3	0	0	0	0		0	0	W2K-00-DR-18	( SOLAR TURBINE - 962980C1 - NULL),	1.09	Active		1	USD	18-JUN-03		MT00.TURE.0000,	GTIN-SOLAR-CENTAUR40,			Finished good			
Each		KOL	20-70-97-431-A	GASKET RELIEF VALVE PART NO. : 970043C1	2	0	0	0	0	0	0		0	0	W2D-61-0E-04	( SOLAR TURBINE - 970043C1 - NULL),	1.34	Active		1	USD	11-MAY-04		MT00.TURE.0000,MESC,	GTIN-SOLAR-TAURUS60,GTIN-SOLAR-CENTAUR40,						
Each		KOL	20-70-97-704-A	RELAY,SYCHRONIZING,<BASLER ELECTRIC HIGHLAND ILLINOIS>P/N: BE4-25 PART NO. : 970494C2	1	0	0	0	0	0	0		0	0	W2D-61-0E-04	( SOLAR TURBINE - 970494C2 - NULL),	394.81	Active		395	USD	18-JUN-03		MT00.TURE.0000,MESC,	GTIN-SOLAR-CENTAUR40,			Finished good			
Each		KOL	20-70-98-289-A	CONNECTOR,SWING ARM PART NO. : 981289C1	1	0	1	0	0	0	0		0	0	W2D-61-0E-04	( SOLAR TURBINE - 981289C1 - NULL),	69.16	Active		69	USD	18-JUN-03		MT00.TURE.0000,MESC,	GTIN-SOLAR-CENTAUR40,			Finished good			
Each		KOL	20-70-98-290-A	CONNECTOR,SWING ARM 18 TERMINAL PART NO. : 981290C1	1	0	1	0	0	0	0		0	0	W2D-61-0E-04	( SOLAR TURBINE - 981290C1 - NULL),	103.76	Active		104	USD	18-JUN-03		MT00.TURE.0000,MESC,	GTIN-SOLAR-CENTAUR40,			Finished good			
Each		KOL	20-70-98-291-A	CONNECTOR,SWING ARM PART NO. : 981291C1	1	0	1	0	0	0	0		0	0	W2D-61-0E-05	( SOLAR TURBINE - 981291C1 - NULL),	79.05	Active		79	USD	18-JUN-03		MT00.TURE.0000,MESC,	GTIN-SOLAR-CENTAUR40,			Finished good			
Each		KOL	20-70-98-292-A	CONNECTOR,SWING ARM OUTPUT PART NO. : 981292C1	1	0	1	0	0	0	0		0	0	W2D-61-0E-05	( SOLAR TURBINE - 981292C1 - NULL),	59.29	Active		59	USD	18-JUN-03		MT00.TURE.0000,MESC,	GTIN-SOLAR-CENTAUR40,			Finished good			
Each		KOL	20-70-98-293-A	CONNECTOR,SWING ARM PART NO. : 981293C1	1	0	1	0	0	0	0		0	0	W2D-61-0E-05	( SOLAR TURBINE - 981293C1 - NULL),	98.81	Active		99	USD	18-JUN-03		MT00.TURE.0000,MESC,	GTIN-SOLAR-CENTAUR40,			Finished good			
Each		KOL	20-70-98-561-A	CLAMP,SPLIT FLANGE (PK=2EA) PART NO. : 980656C1	0	0	0	0	0	0	0		0	0		( SOLAR TURBINE - 980656C1 - NULL),	0	Inactive		79	USD	19-NOV-03		MISC.MISC.MISC,MESC,	GTIN-SOLAR-CENTAUR40,			Finished good			
Each		KOL	20-70-98-807-A	BLOCK SEALED CONTACT SWITCH PART NO. : 980788C1	1	0	2	0	0	0	0		0	0	W2D-61-0E-05	( SOLAR TURBINE - 980788C1 - NULL),	135.07	Active		135	USD	18-JUN-03		MT00.TURE.0000,MESC,	GTIN-SOLAR-CENTAUR40,	QPC Merge Items	CONTACT BLOCK P/N 980788C1	Finished good			
Each		KOL	20-70-98-810-A	RESISTOR 1K OHM, 1W, 1%. PART NO. : 981089C1	17	5	10	0	0	0	0		0	0	W2D-00-DR-03	( SOLAR TURBINE - 981089C1 - NULL),	1.354705882	Active		7	USD	18-JUN-03	*	MT00.TURE.0000,MESC,	GTIN-SOLAR-CENTAUR40,	QPC Merge Items	RESISTOR 1.0 KOHM P/N 981089C1	Finished good			
Each		KOL	20-70-98-811-A	RESISTOR 3.01K OHM, 1W, 1%. PART NO. : 981090C1	14	5	10	0	0	0	0		0	0	W2D-00-DR-03	( SOLAR TURBINE - 981090C1 - NULL),	1.42949	Active		7	USD	18-JUN-03	*	MT00.TURE.0000,MESC,	GTIN-SOLAR-CENTAUR40,	QPC Merge Items	RESISTOR 3.01 KOHM P/N 981090C1	Finished good			
Each		KOL	20-70-98-816-A	RELAY, 24 VDC, COIL/2NO, NC, SERIES B 	0	0	0	0	0	0	0		0	0	W1A-15-0E-04	( ALLEN-BRADLEY - 700-CF220EJ - Active),( ALLEN-BRADLEY - 700DC-F220 - In-Active),( SOLAR TURBINE - 981678C1 - In-Active),	139.94	Active		140	USD	18-JUN-03	*	MT00.TURE.0000,MESC,	GTIN-SOLAR-CENTAUR40,	QPC Merge Items	RELAY P/N:- 981678-C1	Finished good			
Each		KOL	20-70-99-021-A	CONTROL BOARD,B6-11-F2,BATTERY CHARGER PF:SOLAR TURBO GEN.MODEL:GS-40 DUAL FUEL PART NO. : 991702C1	5	1	2	0	0	0	0		0	0	W2D-62-0E-01	( SOLAR TURBINE - 991702C1 - NULL),	624.4226197894212	Active		613	USD	11-MAY-04	*	MT00.TURE.0000,MESC,	GTIN-SOLAR-CENTAUR40,GTIN-SOLAR-TAURUS60,						
Each		KOL	20-70-99-041-A	REPAIR KIT MINOR PRESS. REGULATOR <SOLAR P/N: 996504C1 <P/F: PM & CM OF THREE "TAURUS 60 MPU" GAS TURBINES & MODEL: TURBINE MODEL MARS 100          2 YEARS SPARE PARTS FOR QASR COMPRESSION STATION MFG:SOLAR TURBINE	2	0	1	0	0	0	0		0	1	W2D-62-0E-01	( SOLAR TURBINE - 996504C1 - NULL),	41.65	Active		46	USD	19-MAY-08		MT00.TURE.0000,MESC,	GTIN-SOLAR-TAURUS60,GTIN-SOLAR-CENTAUR40,GTIN-SOLAR-TAURUS60,	QPC Merge Items	KIT REPAIR MINOR REGULATOR P/N 996504C1				
Each		KOL	20-70-99-043-A	SEAL,MECHANICAL PART NO. : 996701C1	0	0	0	0	0	0	0		0	0	W1A-15-0E-05	( SOLAR TURBINE - 996701C1 - NULL),	169.95	Active		170	USD	13-MAY-04		MT00.TURE.0000,	GTIN-SOLAR-CENTAUR40,GTIN-SOLAR-TAURUS60,						
Each		KOL	20-70-99-052-A	RECTIFIER DIODE SOLAR TURBINES P/N: 998438C1 MFG: (EUPEC P/N: D251N18BB01) 	4	3	6	0	0	0	0		0	0	W2D-62-0E-02	( SOLAR TURBINE - 998438C1 - NULL),	623.04	Active		623	USD	17-FEB-15		MT00.TURE.QASR,MESC,	GTIN-SOLAR-CENTAUR40,	QPC Merge Items	DIODE, FORWARD, 1800V, 250A P/N:-998438C1				
Each		KOL	20-70-99-054-A	RECTIFIER DIODE SOLAR TURBINES P/N: 998439C1 MFG: (EUPEC P/N: D251K18BB01) 	4	3	6	0	0	0	0		0	0	W2D-62-0E-02	( SOLAR TURBINE - 998439C1 - NULL),	659.52	Active		660	USD	17-FEB-15		MT00.TURE.QASR,MESC,	GTIN-SOLAR-CENTAUR40,	QPC Merge Items	DIODE, REVERSE ,1800V, 250A P/N:-998439C1				
KIT		KOL	20-70-99-101-A	SHAFT BOLT ACCESSORY KIT PF:SOLAR GEN.MODEL:GS-40 DUAL FULE	2	1	2	0	0	0	0		0	1	W2D-62-0E-02	( SOLAR TURBINE - 302161-40 - Active),( SOLAR TURBINE - 996510C1 - In-Active),	1313.27239623318622825	Active		1275	USD	09-FEB-06		MT00.TURE.0000,MESC,	GTIN-SOLAR-TAURUS60,GTIN-SOLAR-CENTAUR40,	QPC Merge Items	ACCESSORY, KIT ,SHEAR BLOTY P/N :- 996510C1				
Each		KOL	20-70-99-101-U-A	SHEAR BOLT ACCESSORY KIT <P/N:996510C1 <P/F SOLAR CENTAUR TURBO GENERATOR <MODE:GS-40 DUAL FUEL <MFG:SOLAR	0			0	0	0	0		0	0			0	Inactive		978	USD	10-MAY-04		MISC.MISC.MISC,	GTIN-SOLAR-CENTAUR40,						
Each		KOL	20-70-99-104-A	JOINT PIPE FLEXIBLE PART NO. : 991043C1	1	0	1	0	0	0	0		0	0	W2D-00-DR-03	( SOLAR TURBINE - 991043C1 - NULL),	27.8386	Active		26	USD	18-JUN-03		MT00.TURE.0000,MESC,	GTIN-SOLAR-CENTAUR40,	QPC Merge Items	COUPLING, JOINT P/N: 991043C1	Finished good			
Each		KOL	20-70-99-111-A	BRIDGE BLOCK,B6-11-F2,BATTERY CHARGER PF:SOLAR TURBO GEN.MODEL:GS-40 DUAL FUEL PART NO. : 990911C1	5	2	4	0	0	0	0		0	0	W2D-62-0E-03	( SOLAR TURBINE - 990911C1 - NULL),	209.899874052698792	Active		217	USD	11-MAY-04		MT00.TURE.0000,MESC,	GTIN-SOLAR-CENTAUR40,GTIN-SOLAR-TAURUS60,						
Each		KOL	20-70-99-194-A	COIL 24 VDC, SOLENOID AIR FILTER PART NO. : 991941C1	1	0	1	0	0	0	0		0	0	W2D-00-DR-03	( SOLAR TURBINE - 991941C1 - NULL),	46.75	Active		47	USD	18-JUN-03		MT00.TURE.0000,MESC,	GTIN-SOLAR-CENTAUR40,			Finished good			
KIT		KOL	20-70-99-221-A	REPAIR,KIT 	0	0	1	1	0	1	0		0	1	W2D-62-0E-03	( SOLAR TURBINE - 993322C1 - Active),	202.8605520462339051	Active		152	USD	12-MAY-04		MT00.TURE.0000,MESC,	GTIN-SOLAR-TAURUS60,GTIN-SOLAR-CENTAUR40,GTIN-SOLAR-TAURUS60,	QPC Merge Items	KIT,REPAIR,ACTUATOR,PNEUMATIC  P/N.: 993322C1	Finished good			
ST		KOL	20-70-99-231-A	NUT AND BOLT PART NO. : 992313C1	3	1	2	0	0	0	0		0	0	W2D-62-0E-03	( SOLAR TURBINE - 992313C1 - NULL),	454.61	Active		465	USD	18-JUN-03		MT00.TURE.0000,MESC,	GTIN-SOLAR-CENTAUR40,			Finished good			
Each		KOL	20-70-99-285-A	GASKET SCREW STRAINER PART NO. : 992851C1	1	0	1	0	0	0	0		0	0	W2D-00-DR-03	( SOLAR TURBINE - 992851C1 - NULL),	40.52	Active		41	USD	18-JUN-03		MT00.TURE.0000,MESC,	GTIN-SOLAR-CENTAUR40,			Finished good			
Each		KOL	20-70-99-311-A	KIT,REPAIR MINOR PART NO. : 994731C1	2	1	2	0	0	0	0		0	0	W2D-62-0E-04	( SOLAR TURBINE - 994731C1 - NULL),	59.41	Active		58	USD	11-MAY-04		MT00.TURE.0000,MESC,	GTIN-SOLAR-CENTAUR40,GTIN-SOLAR-TAURUS60,						
Each		KOL	20-70-99-359-A	O-RING, OUTER HEAD,DISCHARGER,EX PART NO. : 993359C1 PK:3EA MFG:SOLAR TURBINE  P/F:MODEL: TURBINE MODEL MARS 100          2 YEARS SPARE PARTS FOR QASR COMPRESSION STATION	2	0	1	0	0	0	0		0	0	W2K-00-DR-18	( SOLAR TURBINE - 993359C1 - NULL),	7.14	Active		18	USD	11-MAY-04		MT00.TURE.0000,MESC,	GTIN-SOLAR-CENTAUR40,GTIN-SOLAR-TAURUS60,	QPC Merge Items	O-RING OUTER HEAD DISCHARGE EX P/N 993359C1				
Each		KOL	20-70-99-360-A	O-RING,INNER,HEAD,DISCHARGE,EX PART NO. : 993360C1 PK = 3 EA MFG:SOLAR TURBINE P/F:MODEL: TURBINE MODEL MARS 100          2 YEARS SPARE PARTS FOR QASR COMPRESSION STATION	3	0	0	0	0	0	0		0	0	W2K-00-DR-18	( SOLAR TURBINE - 993360C1 - NULL),	8.92851	Active		7	USD	11-MAY-04		MT00.TURE.0000,MESC,	GTIN-SOLAR-TAURUS60,GTIN-SOLAR-CENTAUR40,	QPC Merge Items	O-RING INNFR HFAD DISCHARGE EX P/N 993360C1				
Each		KOL	20-70-99-381-A	REPLACEMENT KIT,SPRING,ACTUATOR <P/N:991838C1 <P/F SOLAR CENTAUR TURBO GENERATOR <MODE:GS-40 DUAL FUEL <MFG:SOLAR	0	0	0	0	0	0	0		0	0		( SOLAR TURBINE - 991838C1 - NULL),	0	Inactive			USD	11-MAY-04		MISC.MISC.MISC,	GTIN-SOLAR-TAURUS60,GTIN-SOLAR-CENTAUR40,						
KIT		KOL	20-70-99-391-A	REPAIR,KIT PART NO. : 991839C1	3	2	4	0	0	0	0		0	2	W2D-62-0E-04	( SOLAR TURBINE - 991839C1 - NULL),	175.932409497266132	Active		176	USD	12-MAY-04		MT00.TURE.0000,MESC,	GTIN-SOLAR-TAURUS60,GTIN-SOLAR-CENTAUR40,	QPC Merge Items	KIT,REPAIR,VALVE,BALL  P/N.: 991839C1	Finished good			
ST		KOL	20-70-99-401-A	NUT,BOLT SET PART NO. : 992940C1	2	1	2	0	0	0	0		0	0	W2D-62-0E-04	( SOLAR TURBINE - 992940C1 - NULL),	529.63	Active		533	USD	25-MAY-04		MT00.TURE.0000,MESC,	GTIN-SOLAR-CENTAUR40,						
Each		KOL	20-70-99-411-A	RC CIRCUIT,120V,BATTERY CHARGER PF:SOLAR TURBO GEN.MODEL:GS-40 DUAL FUEL PART NO. : 990641C1	5	2	4	0	0	0	0		0	0	W2D-62-0E-05	( SOLAR TURBINE - 990641C1 - NULL),	231.357838335035776	Active		231	USD	11-MAY-04		MT00.TURE.0000,MESC,	GTIN-SOLAR-CENTAUR40,GTIN-SOLAR-TAURUS60,						
Each		KOL	20-70-99-417-A	SEAL KIT,LUBE OIL BLOCK PF:SOLAR TURBO GEN.MODEL:GS-40 DUAL FUEL PART NO. : 993417C1	6	1	2	0	0	0	0		0	0	W2D-62-0E-05	( SOLAR TURBINE - 993417C1 - NULL),	213.604929105425815	Active		224	USD	13-MAY-04		MT00.TURE.0000,MESC,	GTIN-SOLAR-TAURUS60,GTIN-SOLAR-CENTAUR40,	QPC Merge Items	KIT,SEAL,LUBEOIL BLOCK P/N 993417C1				
Each		KOL	20-70-99-460-A	CLAMP FILTER PART NO. : 992460C1	2	0	2	0	0	0	0		0	0	W2D-62-0E-05	( SOLAR TURBINE - 992460C1 - NULL),	14.55	Active		15	USD	18-JUN-03		MT00.TURE.0000,MESC,	GTIN-SOLAR-CENTAUR40,			Finished good			
Each		KOL	20-70-99-571-A	ELEMENT LP, FILTER <SOLAR P/N: 995657C1 <P/F: PM & CM OF THREE "TAURUS 60 MPU" GAS TURBINES	1	0	2	0	0	0	0		0	0	W2D-62-0D-01	( SOLAR TURBINE -  995657C1 - NULL),	1176.22	Active		1	USD	20-MAY-08		MT00.TURE.0000,MESC,	GTIN-SOLAR-CENTAUR40,GTIN-SOLAR-TAURUS60,						
Each		KOL	20-70-99-581-A	GLAND PACKING <SOLAR P/N: 995658C1 <P/F: PM & CM OF THREE "TAURUS 60 MPU" GAS TURBINES	3	2	4	0	0	0	0		0	0	W2D-62-0D-01	( SOLAR TURBINE - 995658C1 - NULL),	57.41	Active		1	USD	20-MAY-08		MT00.TURE.0000,MESC,	GTIN-SOLAR-TAURUS60,GTIN-SOLAR-CENTAUR40,						
Each		KOL	20-70-99-591-A	GASKET HEAD <SOLAR P/N: 995659C1 <P/F: PM & CM OF THREE "TAURUS 60 MPU" GAS TURBINES	3	2	4	0	0	0	0		0	0	W2D-62-0D-02	( SOLAR TURBINE - 995659C1 - NULL),	52.91	Active		1	USD	20-MAY-08		MT00.TURE.0000,MESC,	GTIN-SOLAR-TAURUS60,GTIN-SOLAR-CENTAUR40,						
Each		KOL	20-70-99-621-A	ELEMENT, LP FILTER CLEANABLE <SOLAR P/N: 993062C1 <P/F: PM & CM OF THREE "TAURUS 60 MPU" GAS TURBINES	1	0	2	0	0	0	0		0	0	W2D-62-0D-02	( SOLAR TURBINE - 993062C1 - NULL),	1537.23	Active		1	USD	19-MAY-08		MT00.TURE.0000,MESC,	GTIN-SOLAR-CENTAUR40,GTIN-SOLAR-TAURUS60,						
Each		KOL	20-70-99-631-A	PACKING GLAND (PUROLATOR) <SOLAR P/N: 993063C1 <P/F: PM & CM OF THREE "TAURUS 60 MPU" GAS TURBINES	3	1	2	0	0	0	0		0	0	W2D-62-0D-02	( SOLAR TURBINE - 993063C1 - NULL),	92.64	Active		1	USD	19-MAY-08		MT00.TURE.0000,MESC,	GTIN-SOLAR-CENTAUR40,GTIN-SOLAR-TAURUS60,						
Each		KOL	20-70-99-643-A	GASKET,HEAD  (PUROLATOR) PN: 993064C1 PF: PM & CM OF THREE "TAURUS 60 MPU" GAS TURBINES	3	1	2	0	0	0	0		0	0	W2D-62-0D-03	( SOLAR TURBINE - 993064C1 - NULL),	75.40333	Active		1	USD	24-MAR-08		MT00.TURE.0000,MESC,	GTIN-SOLAR-CENTAUR40,GTIN-SOLAR-TAURUS60,						
Each		KOL	20-70-99-670-A	SEAL KIT PF:SOLAR TURBO GEN.MODEL:GS-40 DUAL FUEL PART NO. : 993670C1	17	3	6	0	0	0	0		0	1	W2D-62-0D-03	( SOLAR TURBINE - 993670C1 - NULL),	17.490740712175055	Active		20	USD	13-MAY-04		MT00.TURE.0000,MESC,	GTIN-SOLAR-CENTAUR40,						
Each		KOL	20-70-99-702-A	GASKET SET,HEAD PART NO. : 996702C	2	0	0	0	0	0	0		0	0	W2D-62-0D-03	( SOLAR TURBINE - 996702C - NULL),	7.44	Active		7	USD	11-MAY-04		MT00.TURE.0000,MESC,	GTIN-SOLAR-TAURUS60,GTIN-SOLAR-CENTAUR40,						
Each		KOL	20-70-99-721-A	SEAL KIT PART NO. : 993672C1	39	2	5	0	0	0	0		0	1	W2D-62-0D-04	( SOLAR TURBINE - 993672C1 - NULL),	59.816144484427896	Active		56	USD	11-MAY-04		MT00.TURE.0000,MESC,	GTIN-SOLAR-CENTAUR40,GTIN-SOLAR-TAURUS60,	QPC Merge Items	SEAL KIT P/N 993672C1				
Each		KOL	20-70-99-761-A	INDUCTOR,BATTERY CHARGER PF:SOLAR TURBO GEN.MODEL:GS-40 DUAL FUEL PART NO. : 996876C1	3	1	2	0	0	0	0		0	0	W2D-62-0D-04	( SOLAR TURBINE - 996876C1 - NULL),	1728.401928368711066666666666666666666667	Active		1768	USD	11-MAY-04		MT00.TURE.0000,MESC,	GTIN-SOLAR-CENTAUR40,GTIN-SOLAR-TAURUS60,						
Each		KOL	20-70-99-771-A	TRANSFORMER,BATTERY CHARGER PF:SOLAR TURBO GEN.MODEL:GS-40 DUAL FUEL PART NO. : 996877C1	3	0	1	0	0	0	0		0	0	W1H-08-0B-03	( SOLAR TURBINE - 996877C1 - NULL),	2683.067130770811933333333333333333333333	Active		2737	USD	12-MAY-04		MT00.TURE.0000,MESC,	GTIN-SOLAR-TAURUS60,GTIN-SOLAR-CENTAUR40,						
Each		KOL	20-70-99-775-A	BOARD,MULTIALARM,120V,BATTERY CHRG P/F: SOLAR TURBO GEN.MODEL:GS-40 DUAL FUEL 	5	1	2	0	0	0	0		0	0	W2D-62-0D-05	( SOLAR TURBINE - 992775C1 - NULL),	569.29098436837546	Active		573	USD	13-MAY-04		MT00.TURE.0000,MESC,	GTIN-SOLAR-TAURUS60,GTIN-SOLAR-CENTAUR40,						
Each		KOL	20-70-99-792-A	BELT-V ,5VX1120 <DAYCO> 	0	0	0	0	0	0	0		0	0		( SOLAR TURBINE - 995792C1 - Active),	0	Inactive		109	USD	01-SEP-03		MISC.MISC.MISC,MESC,	GTIN-SOLAR-CENTAUR40,			Finished good			
BOX		KOL	20-70-99-904-A	FUSE,100A,250VAC,GLASS,<BUSS> FAST ACTING,(BOX=5 EA) PART NO. : 990445C1	1	0	1	0	0	0	0		0	0	W2D-00-DR-03	( SOLAR TURBINE - 990445C1 - NULL),	9.25	Active		9	USD	09-FEB-06		MT00.TURE.0000,MESC,	GTIN-SOLAR-CENTAUR40,	QPC Merge Items	FUSE,3 A P/N 990443C1 HAS BEEN REPLACED BY P/N 990445C1	Finished good			
BOX 10		KOL	20-70-99-904-U-A	FUSE-100A-250VAC-GLASS-<BUSS> FAST ACTING-(BOX=5 EA) PART NO. : 990445C1	0	0	0	0	0	0	0		0	0		( SOLAR TURBINE - 990445C1 - NULL),	0	Inactive			USD	18-JUN-03		MISC.MISC.MISC,MESC,	GTIN-SOLAR-CENTAUR40,			Finished good			
KIT		KOL	20-70-99-909-A	REPAIR KIT AIR FILTER PART NO. : 990998C1	1	0	1	0	0	0	0		0	0	W2D-00-DR-03	( SOLAR TURBINE - 990998C1 - NULL),	8.94324	Active		9	USD	18-JUN-03		MT00.TURE.0000,MESC,	GTIN-SOLAR-CENTAUR40,			Finished good			
Each		KOL	20-70-99-910-A	VALVE,AIR <GOYEN>MOD.RCA2TD200 MAX. 860 KPA, 125 PSI PART NO. : 991039C1 SEE :20-70-13-051-A	0	0	0	0	0	0	0		0	0	WH-2K8	( SOLAR TURBINE - 991039C1 - NULL),	176.62	Active		177	USD	18-JUN-03		MT00.TURE.0000,	GTIN-SOLAR-CENTAUR40,			Finished good			
Each		KOL	20-70-99-921-A	REPAIR KIT PRESS. REGULATOR <SOLAR P/N: 997692C1 <P/F: PM & CM OF THREE "TAURUS 60 MPU" GAS TURBINES & MODEL: TURBINE MODEL MARS 100          2 YEARS SPARE PARTS FOR QASR COMPRESSION STATION MFG:SOLAR TURBINE	2	1	2	0	0	0	0		0	1	W2D-62-0D-05	( SOLAR TURBINE - 997692C1 - NULL),	74.06	Active		85	USD	19-MAY-08		MT00.TURE.0000,MESC,	GTIN-SOLAR-TAURUS60,GTIN-SOLAR-TAURUS60,GTIN-SOLAR-CENTAUR40,	QPC Merge Items	KIT REPAIR REGULATOR PRESSURE P/N 997692C1				
Each		KOL	20-70-99-961-A	KIT,REPAIR,SOFT GOODS PF:SOLAR TURBO GEN.MODEL:GS-40 DUAL FUEL PART NO. : 997396C1	6	3	6	0	0	0	0		0	0	W2D-62-0C-01	( SOLAR TURBINE - 997396C1 - NULL),	25.65978276745432625	Active		26	USD	11-MAY-04		MT00.TURE.0000,MESC,	GTIN-SOLAR-TAURUS60,GTIN-SOLAR-CENTAUR40,	QPC Merge Items	KIT REPAIR VALVE SOLENOID P/N 997396C1				
Each		KOL	20-70-99-991-A	MODULE,RELAY,ALARM,BATTERY CHARGER PF:SOLAR TURBO GEN.MODEL:GS-40 DUAL FUEL PART NO. : 992299C1 NEW PN:994487C1	5	2	4	0	0	0	0		0	0	W2D-62-0C-01	( SOLAR TURBINE - 992299C1 - NULL),( SOLAR TURBINE - 994487C1 - NULL),	176.448677766079806	Active		173	USD	11-MAY-04		MT00.TURE.0000,MESC,	GTIN-SOLAR-CENTAUR40,GTIN-SOLAR-TAURUS60,						
